<?xml version="1.0" encoding="UTF-8" standalone="yes"?>
<instance>
    <info>
        <name>P-n22-k8</name>
        <problem>CVRP</problem>
        <reference>P. Augerat, J.M. Belenguer, E. Benavent, A. Corberán, D. Naddef, G. Rinaldi, Computational Results with a Branch and Cut Code for the Capacitated Vehicle Routing Problem, Research Report 949-M, Universite Joseph Fourier, Grenoble, France</reference>
        <contributor>
            <name>Victor Pillac</name>
            <email>vpillac@nicta.com.au</email>
        </contributor>
    </info>
    <network>
        <nodes>
            <node id="1" type="0">
                <location>
                    <euclidean>
                        <cx>145.0</cx>
                        <cy>215.0</cy>
                    </euclidean>
                </location>
            </node>
            <node id="2" type="1">
                <location>
                    <euclidean>
                        <cx>151.0</cx>
                        <cy>264.0</cy>
                    </euclidean>
                </location>
            </node>
            <node id="3" type="1">
                <location>
                    <euclidean>
                        <cx>159.0</cx>
                        <cy>261.0</cy>
                    </euclidean>
                </location>
            </node>
            <node id="4" type="1">
                <location>
                    <euclidean>
                        <cx>130.0</cx>
                        <cy>254.0</cy>
                    </euclidean>
                </location>
            </node>
            <node id="5" type="1">
                <location>
                    <euclidean>
                        <cx>128.0</cx>
                        <cy>252.0</cy>
                    </euclidean>
                </location>
            </node>
            <node id="6" type="1">
                <location>
                    <euclidean>
                        <cx>163.0</cx>
                        <cy>247.0</cy>
                    </euclidean>
                </location>
            </node>
            <node id="7" type="1">
                <location>
                    <euclidean>
                        <cx>146.0</cx>
                        <cy>246.0</cy>
                    </euclidean>
                </location>
            </node>
            <node id="8" type="1">
                <location>
                    <euclidean>
                        <cx>161.0</cx>
                        <cy>242.0</cy>
                    </euclidean>
                </location>
            </node>
            <node id="9" type="1">
                <location>
                    <euclidean>
                        <cx>142.0</cx>
                        <cy>239.0</cy>
                    </euclidean>
                </location>
            </node>
            <node id="10" type="1">
                <location>
                    <euclidean>
                        <cx>163.0</cx>
                        <cy>236.0</cy>
                    </euclidean>
                </location>
            </node>
            <node id="11" type="1">
                <location>
                    <euclidean>
                        <cx>148.0</cx>
                        <cy>232.0</cy>
                    </euclidean>
                </location>
            </node>
            <node id="12" type="1">
                <location>
                    <euclidean>
                        <cx>128.0</cx>
                        <cy>231.0</cy>
                    </euclidean>
                </location>
            </node>
            <node id="13" type="1">
                <location>
                    <euclidean>
                        <cx>156.0</cx>
                        <cy>217.0</cy>
                    </euclidean>
                </location>
            </node>
            <node id="14" type="1">
                <location>
                    <euclidean>
                        <cx>129.0</cx>
                        <cy>214.0</cy>
                    </euclidean>
                </location>
            </node>
            <node id="15" type="1">
                <location>
                    <euclidean>
                        <cx>146.0</cx>
                        <cy>208.0</cy>
                    </euclidean>
                </location>
            </node>
            <node id="17" type="1">
                <location>
                    <euclidean>
                        <cx>141.0</cx>
                        <cy>206.0</cy>
                    </euclidean>
                </location>
            </node>
            <node id="16" type="1">
                <location>
                    <euclidean>
                        <cx>164.0</cx>
                        <cy>208.0</cy>
                    </euclidean>
                </location>
            </node>
            <node id="19" type="1">
                <location>
                    <euclidean>
                        <cx>164.0</cx>
                        <cy>193.0</cy>
                    </euclidean>
                </location>
            </node>
            <node id="18" type="1">
                <location>
                    <euclidean>
                        <cx>147.0</cx>
                        <cy>193.0</cy>
                    </euclidean>
                </location>
            </node>
            <node id="21" type="1">
                <location>
                    <euclidean>
                        <cx>155.0</cx>
                        <cy>185.0</cy>
                    </euclidean>
                </location>
            </node>
            <node id="20" type="1">
                <location>
                    <euclidean>
                        <cx>129.0</cx>
                        <cy>189.0</cy>
                    </euclidean>
                </location>
            </node>
            <node id="22" type="1">
                <location>
                    <euclidean>
                        <cx>139.0</cx>
                        <cy>182.0</cy>
                    </euclidean>
                </location>
            </node>
        </nodes>
        <descriptor>
            <isComplete>true</isComplete>
            <distanceType>EUC_2D</distanceType>
            <roundingRule>HALF_EVEN[0]</roundingRule>
        </descriptor>
    </network>
    <fleet>
        <vehicle type="0">
            <number>8</number>
            <capacity>3000.0</capacity>
        </vehicle>
    </fleet>
    <requests>
        <request id="2" node="2">
            <demand type="0">1100</demand>
        </request>
        <request id="3" node="3">
            <demand type="0">700</demand>
        </request>
        <request id="4" node="4">
            <demand type="0">800</demand>
        </request>
        <request id="5" node="5">
            <demand type="0">1400</demand>
        </request>
        <request id="6" node="6">
            <demand type="0">2100</demand>
        </request>
        <request id="7" node="7">
            <demand type="0">400</demand>
        </request>
        <request id="8" node="8">
            <demand type="0">800</demand>
        </request>
        <request id="9" node="9">
            <demand type="0">100</demand>
        </request>
        <request id="10" node="10">
            <demand type="0">500</demand>
        </request>
        <request id="11" node="11">
            <demand type="0">600</demand>
        </request>
        <request id="12" node="12">
            <demand type="0">1200</demand>
        </request>
        <request id="13" node="13">
            <demand type="0">1300</demand>
        </request>
        <request id="14" node="14">
            <demand type="0">1300</demand>
        </request>
        <request id="15" node="15">
            <demand type="0">300</demand>
        </request>
        <request id="17" node="17">
            <demand type="0">2100</demand>
        </request>
        <request id="16" node="16">
            <demand type="0">900</demand>
        </request>
        <request id="19" node="19">
            <demand type="0">900</demand>
        </request>
        <request id="18" node="18">
            <demand type="0">1000</demand>
        </request>
        <request id="21" node="21">
            <demand type="0">1800</demand>
        </request>
        <request id="20" node="20">
            <demand type="0">2500</demand>
        </request>
        <request id="22" node="22">
            <demand type="0">700</demand>
        </request>
    </requests>
</instance>
