<?xml version="1.0" encoding="UTF-8" standalone="yes"?>
<instance>
    <info>
        <name>M-n200-k17</name>
        <problem>CVRP</problem>
        <reference>Chapter 11 of N.Christofides, A.Mingozzi, P.Toth and C.Sandi (eds), Combinatorial optimization, John Wiley, Chichester 1979.</reference>
        <contributor>
            <name>Victor Pillac</name>
            <email>vpillac@mines-nantes.fr</email>
        </contributor>
    </info>
    <network>
        <nodes>
            <node type="0" id="1">
                <location>
                    <euclidean>
                        <cx>35.0</cx>
                        <cy>35.0</cy>
                    </euclidean>
                </location>
            </node>
            <node type="1" id="2">
                <location>
                    <euclidean>
                        <cx>41.0</cx>
                        <cy>49.0</cy>
                    </euclidean>
                </location>
            </node>
            <node type="1" id="3">
                <location>
                    <euclidean>
                        <cx>35.0</cx>
                        <cy>17.0</cy>
                    </euclidean>
                </location>
            </node>
            <node type="1" id="4">
                <location>
                    <euclidean>
                        <cx>55.0</cx>
                        <cy>45.0</cy>
                    </euclidean>
                </location>
            </node>
            <node type="1" id="5">
                <location>
                    <euclidean>
                        <cx>55.0</cx>
                        <cy>20.0</cy>
                    </euclidean>
                </location>
            </node>
            <node type="1" id="6">
                <location>
                    <euclidean>
                        <cx>15.0</cx>
                        <cy>30.0</cy>
                    </euclidean>
                </location>
            </node>
            <node type="1" id="7">
                <location>
                    <euclidean>
                        <cx>25.0</cx>
                        <cy>30.0</cy>
                    </euclidean>
                </location>
            </node>
            <node type="1" id="8">
                <location>
                    <euclidean>
                        <cx>20.0</cx>
                        <cy>50.0</cy>
                    </euclidean>
                </location>
            </node>
            <node type="1" id="9">
                <location>
                    <euclidean>
                        <cx>10.0</cx>
                        <cy>43.0</cy>
                    </euclidean>
                </location>
            </node>
            <node type="1" id="10">
                <location>
                    <euclidean>
                        <cx>55.0</cx>
                        <cy>60.0</cy>
                    </euclidean>
                </location>
            </node>
            <node type="1" id="11">
                <location>
                    <euclidean>
                        <cx>30.0</cx>
                        <cy>60.0</cy>
                    </euclidean>
                </location>
            </node>
            <node type="1" id="12">
                <location>
                    <euclidean>
                        <cx>20.0</cx>
                        <cy>65.0</cy>
                    </euclidean>
                </location>
            </node>
            <node type="1" id="13">
                <location>
                    <euclidean>
                        <cx>50.0</cx>
                        <cy>35.0</cy>
                    </euclidean>
                </location>
            </node>
            <node type="1" id="14">
                <location>
                    <euclidean>
                        <cx>30.0</cx>
                        <cy>25.0</cy>
                    </euclidean>
                </location>
            </node>
            <node type="1" id="15">
                <location>
                    <euclidean>
                        <cx>15.0</cx>
                        <cy>10.0</cy>
                    </euclidean>
                </location>
            </node>
            <node type="1" id="17">
                <location>
                    <euclidean>
                        <cx>10.0</cx>
                        <cy>20.0</cy>
                    </euclidean>
                </location>
            </node>
            <node type="1" id="16">
                <location>
                    <euclidean>
                        <cx>30.0</cx>
                        <cy>5.0</cy>
                    </euclidean>
                </location>
            </node>
            <node type="1" id="19">
                <location>
                    <euclidean>
                        <cx>20.0</cx>
                        <cy>40.0</cy>
                    </euclidean>
                </location>
            </node>
            <node type="1" id="18">
                <location>
                    <euclidean>
                        <cx>5.0</cx>
                        <cy>30.0</cy>
                    </euclidean>
                </location>
            </node>
            <node type="1" id="21">
                <location>
                    <euclidean>
                        <cx>45.0</cx>
                        <cy>65.0</cy>
                    </euclidean>
                </location>
            </node>
            <node type="1" id="20">
                <location>
                    <euclidean>
                        <cx>15.0</cx>
                        <cy>60.0</cy>
                    </euclidean>
                </location>
            </node>
            <node type="1" id="23">
                <location>
                    <euclidean>
                        <cx>45.0</cx>
                        <cy>10.0</cy>
                    </euclidean>
                </location>
            </node>
            <node type="1" id="22">
                <location>
                    <euclidean>
                        <cx>45.0</cx>
                        <cy>20.0</cy>
                    </euclidean>
                </location>
            </node>
            <node type="1" id="25">
                <location>
                    <euclidean>
                        <cx>65.0</cx>
                        <cy>35.0</cy>
                    </euclidean>
                </location>
            </node>
            <node type="1" id="24">
                <location>
                    <euclidean>
                        <cx>55.0</cx>
                        <cy>5.0</cy>
                    </euclidean>
                </location>
            </node>
            <node type="1" id="27">
                <location>
                    <euclidean>
                        <cx>45.0</cx>
                        <cy>30.0</cy>
                    </euclidean>
                </location>
            </node>
            <node type="1" id="26">
                <location>
                    <euclidean>
                        <cx>65.0</cx>
                        <cy>20.0</cy>
                    </euclidean>
                </location>
            </node>
            <node type="1" id="29">
                <location>
                    <euclidean>
                        <cx>41.0</cx>
                        <cy>37.0</cy>
                    </euclidean>
                </location>
            </node>
            <node type="1" id="28">
                <location>
                    <euclidean>
                        <cx>35.0</cx>
                        <cy>40.0</cy>
                    </euclidean>
                </location>
            </node>
            <node type="1" id="31">
                <location>
                    <euclidean>
                        <cx>40.0</cx>
                        <cy>60.0</cy>
                    </euclidean>
                </location>
            </node>
            <node type="1" id="30">
                <location>
                    <euclidean>
                        <cx>64.0</cx>
                        <cy>42.0</cy>
                    </euclidean>
                </location>
            </node>
            <node type="1" id="34">
                <location>
                    <euclidean>
                        <cx>53.0</cx>
                        <cy>52.0</cy>
                    </euclidean>
                </location>
            </node>
            <node type="1" id="35">
                <location>
                    <euclidean>
                        <cx>65.0</cx>
                        <cy>55.0</cy>
                    </euclidean>
                </location>
            </node>
            <node type="1" id="32">
                <location>
                    <euclidean>
                        <cx>31.0</cx>
                        <cy>52.0</cy>
                    </euclidean>
                </location>
            </node>
            <node type="1" id="33">
                <location>
                    <euclidean>
                        <cx>35.0</cx>
                        <cy>69.0</cy>
                    </euclidean>
                </location>
            </node>
            <node type="1" id="38">
                <location>
                    <euclidean>
                        <cx>20.0</cx>
                        <cy>20.0</cy>
                    </euclidean>
                </location>
            </node>
            <node type="1" id="39">
                <location>
                    <euclidean>
                        <cx>5.0</cx>
                        <cy>5.0</cy>
                    </euclidean>
                </location>
            </node>
            <node type="1" id="36">
                <location>
                    <euclidean>
                        <cx>63.0</cx>
                        <cy>65.0</cy>
                    </euclidean>
                </location>
            </node>
            <node type="1" id="37">
                <location>
                    <euclidean>
                        <cx>2.0</cx>
                        <cy>60.0</cy>
                    </euclidean>
                </location>
            </node>
            <node type="1" id="42">
                <location>
                    <euclidean>
                        <cx>42.0</cx>
                        <cy>7.0</cy>
                    </euclidean>
                </location>
            </node>
            <node type="1" id="43">
                <location>
                    <euclidean>
                        <cx>24.0</cx>
                        <cy>12.0</cy>
                    </euclidean>
                </location>
            </node>
            <node type="1" id="40">
                <location>
                    <euclidean>
                        <cx>60.0</cx>
                        <cy>12.0</cy>
                    </euclidean>
                </location>
            </node>
            <node type="1" id="41">
                <location>
                    <euclidean>
                        <cx>40.0</cx>
                        <cy>25.0</cy>
                    </euclidean>
                </location>
            </node>
            <node type="1" id="46">
                <location>
                    <euclidean>
                        <cx>6.0</cx>
                        <cy>38.0</cy>
                    </euclidean>
                </location>
            </node>
            <node type="1" id="47">
                <location>
                    <euclidean>
                        <cx>2.0</cx>
                        <cy>48.0</cy>
                    </euclidean>
                </location>
            </node>
            <node type="1" id="44">
                <location>
                    <euclidean>
                        <cx>23.0</cx>
                        <cy>3.0</cy>
                    </euclidean>
                </location>
            </node>
            <node type="1" id="45">
                <location>
                    <euclidean>
                        <cx>11.0</cx>
                        <cy>14.0</cy>
                    </euclidean>
                </location>
            </node>
            <node type="1" id="51">
                <location>
                    <euclidean>
                        <cx>47.0</cx>
                        <cy>47.0</cy>
                    </euclidean>
                </location>
            </node>
            <node type="1" id="50">
                <location>
                    <euclidean>
                        <cx>6.0</cx>
                        <cy>68.0</cy>
                    </euclidean>
                </location>
            </node>
            <node type="1" id="49">
                <location>
                    <euclidean>
                        <cx>13.0</cx>
                        <cy>52.0</cy>
                    </euclidean>
                </location>
            </node>
            <node type="1" id="48">
                <location>
                    <euclidean>
                        <cx>8.0</cx>
                        <cy>56.0</cy>
                    </euclidean>
                </location>
            </node>
            <node type="1" id="55">
                <location>
                    <euclidean>
                        <cx>57.0</cx>
                        <cy>29.0</cy>
                    </euclidean>
                </location>
            </node>
            <node type="1" id="54">
                <location>
                    <euclidean>
                        <cx>37.0</cx>
                        <cy>31.0</cy>
                    </euclidean>
                </location>
            </node>
            <node type="1" id="53">
                <location>
                    <euclidean>
                        <cx>27.0</cx>
                        <cy>43.0</cy>
                    </euclidean>
                </location>
            </node>
            <node type="1" id="52">
                <location>
                    <euclidean>
                        <cx>49.0</cx>
                        <cy>58.0</cy>
                    </euclidean>
                </location>
            </node>
            <node type="1" id="59">
                <location>
                    <euclidean>
                        <cx>36.0</cx>
                        <cy>26.0</cy>
                    </euclidean>
                </location>
            </node>
            <node type="1" id="58">
                <location>
                    <euclidean>
                        <cx>32.0</cx>
                        <cy>12.0</cy>
                    </euclidean>
                </location>
            </node>
            <node type="1" id="57">
                <location>
                    <euclidean>
                        <cx>53.0</cx>
                        <cy>12.0</cy>
                    </euclidean>
                </location>
            </node>
            <node type="1" id="56">
                <location>
                    <euclidean>
                        <cx>63.0</cx>
                        <cy>23.0</cy>
                    </euclidean>
                </location>
            </node>
            <node type="1" id="63">
                <location>
                    <euclidean>
                        <cx>24.0</cx>
                        <cy>58.0</cy>
                    </euclidean>
                </location>
            </node>
            <node type="1" id="62">
                <location>
                    <euclidean>
                        <cx>12.0</cx>
                        <cy>24.0</cy>
                    </euclidean>
                </location>
            </node>
            <node type="1" id="61">
                <location>
                    <euclidean>
                        <cx>17.0</cx>
                        <cy>34.0</cy>
                    </euclidean>
                </location>
            </node>
            <node type="1" id="60">
                <location>
                    <euclidean>
                        <cx>21.0</cx>
                        <cy>24.0</cy>
                    </euclidean>
                </location>
            </node>
            <node type="1" id="68">
                <location>
                    <euclidean>
                        <cx>67.0</cx>
                        <cy>5.0</cy>
                    </euclidean>
                </location>
            </node>
            <node type="1" id="69">
                <location>
                    <euclidean>
                        <cx>56.0</cx>
                        <cy>39.0</cy>
                    </euclidean>
                </location>
            </node>
            <node type="1" id="70">
                <location>
                    <euclidean>
                        <cx>37.0</cx>
                        <cy>47.0</cy>
                    </euclidean>
                </location>
            </node>
            <node type="1" id="71">
                <location>
                    <euclidean>
                        <cx>37.0</cx>
                        <cy>56.0</cy>
                    </euclidean>
                </location>
            </node>
            <node type="1" id="64">
                <location>
                    <euclidean>
                        <cx>27.0</cx>
                        <cy>69.0</cy>
                    </euclidean>
                </location>
            </node>
            <node type="1" id="65">
                <location>
                    <euclidean>
                        <cx>15.0</cx>
                        <cy>77.0</cy>
                    </euclidean>
                </location>
            </node>
            <node type="1" id="66">
                <location>
                    <euclidean>
                        <cx>62.0</cx>
                        <cy>77.0</cy>
                    </euclidean>
                </location>
            </node>
            <node type="1" id="67">
                <location>
                    <euclidean>
                        <cx>49.0</cx>
                        <cy>73.0</cy>
                    </euclidean>
                </location>
            </node>
            <node type="1" id="76">
                <location>
                    <euclidean>
                        <cx>49.0</cx>
                        <cy>11.0</cy>
                    </euclidean>
                </location>
            </node>
            <node type="1" id="77">
                <location>
                    <euclidean>
                        <cx>49.0</cx>
                        <cy>42.0</cy>
                    </euclidean>
                </location>
            </node>
            <node type="1" id="78">
                <location>
                    <euclidean>
                        <cx>53.0</cx>
                        <cy>43.0</cy>
                    </euclidean>
                </location>
            </node>
            <node type="1" id="79">
                <location>
                    <euclidean>
                        <cx>61.0</cx>
                        <cy>52.0</cy>
                    </euclidean>
                </location>
            </node>
            <node type="1" id="72">
                <location>
                    <euclidean>
                        <cx>57.0</cx>
                        <cy>68.0</cy>
                    </euclidean>
                </location>
            </node>
            <node type="1" id="73">
                <location>
                    <euclidean>
                        <cx>47.0</cx>
                        <cy>16.0</cy>
                    </euclidean>
                </location>
            </node>
            <node type="1" id="74">
                <location>
                    <euclidean>
                        <cx>44.0</cx>
                        <cy>17.0</cy>
                    </euclidean>
                </location>
            </node>
            <node type="1" id="75">
                <location>
                    <euclidean>
                        <cx>46.0</cx>
                        <cy>13.0</cy>
                    </euclidean>
                </location>
            </node>
            <node type="1" id="85">
                <location>
                    <euclidean>
                        <cx>11.0</cx>
                        <cy>31.0</cy>
                    </euclidean>
                </location>
            </node>
            <node type="1" id="84">
                <location>
                    <euclidean>
                        <cx>14.0</cx>
                        <cy>37.0</cy>
                    </euclidean>
                </location>
            </node>
            <node type="1" id="87">
                <location>
                    <euclidean>
                        <cx>4.0</cx>
                        <cy>18.0</cy>
                    </euclidean>
                </location>
            </node>
            <node type="1" id="86">
                <location>
                    <euclidean>
                        <cx>16.0</cx>
                        <cy>22.0</cy>
                    </euclidean>
                </location>
            </node>
            <node type="1" id="81">
                <location>
                    <euclidean>
                        <cx>56.0</cx>
                        <cy>37.0</cy>
                    </euclidean>
                </location>
            </node>
            <node type="1" id="80">
                <location>
                    <euclidean>
                        <cx>57.0</cx>
                        <cy>48.0</cy>
                    </euclidean>
                </location>
            </node>
            <node type="1" id="83">
                <location>
                    <euclidean>
                        <cx>15.0</cx>
                        <cy>47.0</cy>
                    </euclidean>
                </location>
            </node>
            <node type="1" id="82">
                <location>
                    <euclidean>
                        <cx>55.0</cx>
                        <cy>54.0</cy>
                    </euclidean>
                </location>
            </node>
            <node type="1" id="93">
                <location>
                    <euclidean>
                        <cx>22.0</cx>
                        <cy>22.0</cy>
                    </euclidean>
                </location>
            </node>
            <node type="1" id="92">
                <location>
                    <euclidean>
                        <cx>15.0</cx>
                        <cy>19.0</cy>
                    </euclidean>
                </location>
            </node>
            <node type="1" id="95">
                <location>
                    <euclidean>
                        <cx>26.0</cx>
                        <cy>27.0</cy>
                    </euclidean>
                </location>
            </node>
            <node type="1" id="94">
                <location>
                    <euclidean>
                        <cx>18.0</cx>
                        <cy>24.0</cy>
                    </euclidean>
                </location>
            </node>
            <node type="1" id="89">
                <location>
                    <euclidean>
                        <cx>26.0</cx>
                        <cy>52.0</cy>
                    </euclidean>
                </location>
            </node>
            <node type="1" id="88">
                <location>
                    <euclidean>
                        <cx>28.0</cx>
                        <cy>18.0</cy>
                    </euclidean>
                </location>
            </node>
            <node type="1" id="91">
                <location>
                    <euclidean>
                        <cx>31.0</cx>
                        <cy>67.0</cy>
                    </euclidean>
                </location>
            </node>
            <node type="1" id="90">
                <location>
                    <euclidean>
                        <cx>26.0</cx>
                        <cy>35.0</cy>
                    </euclidean>
                </location>
            </node>
            <node type="1" id="102">
                <location>
                    <euclidean>
                        <cx>37.0</cx>
                        <cy>52.0</cy>
                    </euclidean>
                </location>
            </node>
            <node type="1" id="103">
                <location>
                    <euclidean>
                        <cx>49.0</cx>
                        <cy>49.0</cy>
                    </euclidean>
                </location>
            </node>
            <node type="1" id="100">
                <location>
                    <euclidean>
                        <cx>20.0</cx>
                        <cy>26.0</cy>
                    </euclidean>
                </location>
            </node>
            <node type="1" id="101">
                <location>
                    <euclidean>
                        <cx>18.0</cx>
                        <cy>18.0</cy>
                    </euclidean>
                </location>
            </node>
            <node type="1" id="98">
                <location>
                    <euclidean>
                        <cx>25.0</cx>
                        <cy>21.0</cy>
                    </euclidean>
                </location>
            </node>
            <node type="1" id="99">
                <location>
                    <euclidean>
                        <cx>19.0</cx>
                        <cy>21.0</cy>
                    </euclidean>
                </location>
            </node>
            <node type="1" id="96">
                <location>
                    <euclidean>
                        <cx>25.0</cx>
                        <cy>24.0</cy>
                    </euclidean>
                </location>
            </node>
            <node type="1" id="97">
                <location>
                    <euclidean>
                        <cx>22.0</cx>
                        <cy>27.0</cy>
                    </euclidean>
                </location>
            </node>
            <node type="1" id="110">
                <location>
                    <euclidean>
                        <cx>52.0</cx>
                        <cy>33.0</cy>
                    </euclidean>
                </location>
            </node>
            <node type="1" id="111">
                <location>
                    <euclidean>
                        <cx>51.0</cx>
                        <cy>21.0</cy>
                    </euclidean>
                </location>
            </node>
            <node type="1" id="108">
                <location>
                    <euclidean>
                        <cx>17.0</cx>
                        <cy>63.0</cy>
                    </euclidean>
                </location>
            </node>
            <node type="1" id="109">
                <location>
                    <euclidean>
                        <cx>31.0</cx>
                        <cy>62.0</cy>
                    </euclidean>
                </location>
            </node>
            <node type="1" id="106">
                <location>
                    <euclidean>
                        <cx>40.0</cx>
                        <cy>30.0</cy>
                    </euclidean>
                </location>
            </node>
            <node type="1" id="107">
                <location>
                    <euclidean>
                        <cx>21.0</cx>
                        <cy>47.0</cy>
                    </euclidean>
                </location>
            </node>
            <node type="1" id="104">
                <location>
                    <euclidean>
                        <cx>52.0</cx>
                        <cy>64.0</cy>
                    </euclidean>
                </location>
            </node>
            <node type="1" id="105">
                <location>
                    <euclidean>
                        <cx>20.0</cx>
                        <cy>26.0</cy>
                    </euclidean>
                </location>
            </node>
            <node type="1" id="119">
                <location>
                    <euclidean>
                        <cx>17.0</cx>
                        <cy>33.0</cy>
                    </euclidean>
                </location>
            </node>
            <node type="1" id="118">
                <location>
                    <euclidean>
                        <cx>27.0</cx>
                        <cy>23.0</cy>
                    </euclidean>
                </location>
            </node>
            <node type="1" id="117">
                <location>
                    <euclidean>
                        <cx>52.0</cx>
                        <cy>41.0</cy>
                    </euclidean>
                </location>
            </node>
            <node type="1" id="116">
                <location>
                    <euclidean>
                        <cx>36.0</cx>
                        <cy>16.0</cy>
                    </euclidean>
                </location>
            </node>
            <node type="1" id="115">
                <location>
                    <euclidean>
                        <cx>12.0</cx>
                        <cy>42.0</cy>
                    </euclidean>
                </location>
            </node>
            <node type="1" id="114">
                <location>
                    <euclidean>
                        <cx>5.0</cx>
                        <cy>25.0</cy>
                    </euclidean>
                </location>
            </node>
            <node type="1" id="113">
                <location>
                    <euclidean>
                        <cx>31.0</cx>
                        <cy>32.0</cy>
                    </euclidean>
                </location>
            </node>
            <node type="1" id="112">
                <location>
                    <euclidean>
                        <cx>42.0</cx>
                        <cy>41.0</cy>
                    </euclidean>
                </location>
            </node>
            <node type="1" id="127">
                <location>
                    <euclidean>
                        <cx>27.0</cx>
                        <cy>68.0</cy>
                    </euclidean>
                </location>
            </node>
            <node type="1" id="126">
                <location>
                    <euclidean>
                        <cx>7.0</cx>
                        <cy>38.0</cy>
                    </euclidean>
                </location>
            </node>
            <node type="1" id="125">
                <location>
                    <euclidean>
                        <cx>8.0</cx>
                        <cy>52.0</cy>
                    </euclidean>
                </location>
            </node>
            <node type="1" id="124">
                <location>
                    <euclidean>
                        <cx>16.0</cx>
                        <cy>57.0</cy>
                    </euclidean>
                </location>
            </node>
            <node type="1" id="123">
                <location>
                    <euclidean>
                        <cx>42.0</cx>
                        <cy>57.0</cy>
                    </euclidean>
                </location>
            </node>
            <node type="1" id="122">
                <location>
                    <euclidean>
                        <cx>62.0</cx>
                        <cy>42.0</cy>
                    </euclidean>
                </location>
            </node>
            <node type="1" id="121">
                <location>
                    <euclidean>
                        <cx>57.0</cx>
                        <cy>58.0</cy>
                    </euclidean>
                </location>
            </node>
            <node type="1" id="120">
                <location>
                    <euclidean>
                        <cx>13.0</cx>
                        <cy>13.0</cy>
                    </euclidean>
                </location>
            </node>
            <node type="1" id="137">
                <location>
                    <euclidean>
                        <cx>63.0</cx>
                        <cy>69.0</cy>
                    </euclidean>
                </location>
            </node>
            <node type="1" id="136">
                <location>
                    <euclidean>
                        <cx>62.0</cx>
                        <cy>63.0</cy>
                    </euclidean>
                </location>
            </node>
            <node type="1" id="139">
                <location>
                    <euclidean>
                        <cx>45.0</cx>
                        <cy>35.0</cy>
                    </euclidean>
                </location>
            </node>
            <node type="1" id="138">
                <location>
                    <euclidean>
                        <cx>32.0</cx>
                        <cy>22.0</cy>
                    </euclidean>
                </location>
            </node>
            <node type="1" id="141">
                <location>
                    <euclidean>
                        <cx>5.0</cx>
                        <cy>6.0</cy>
                    </euclidean>
                </location>
            </node>
            <node type="1" id="140">
                <location>
                    <euclidean>
                        <cx>59.0</cx>
                        <cy>15.0</cy>
                    </euclidean>
                </location>
            </node>
            <node type="1" id="143">
                <location>
                    <euclidean>
                        <cx>21.0</cx>
                        <cy>10.0</cy>
                    </euclidean>
                </location>
            </node>
            <node type="1" id="142">
                <location>
                    <euclidean>
                        <cx>10.0</cx>
                        <cy>17.0</cy>
                    </euclidean>
                </location>
            </node>
            <node type="1" id="129">
                <location>
                    <euclidean>
                        <cx>43.0</cx>
                        <cy>67.0</cy>
                    </euclidean>
                </location>
            </node>
            <node type="1" id="128">
                <location>
                    <euclidean>
                        <cx>30.0</cx>
                        <cy>48.0</cy>
                    </euclidean>
                </location>
            </node>
            <node type="1" id="131">
                <location>
                    <euclidean>
                        <cx>58.0</cx>
                        <cy>27.0</cy>
                    </euclidean>
                </location>
            </node>
            <node type="1" id="130">
                <location>
                    <euclidean>
                        <cx>58.0</cx>
                        <cy>48.0</cy>
                    </euclidean>
                </location>
            </node>
            <node type="1" id="133">
                <location>
                    <euclidean>
                        <cx>38.0</cx>
                        <cy>46.0</cy>
                    </euclidean>
                </location>
            </node>
            <node type="1" id="132">
                <location>
                    <euclidean>
                        <cx>37.0</cx>
                        <cy>69.0</cy>
                    </euclidean>
                </location>
            </node>
            <node type="1" id="135">
                <location>
                    <euclidean>
                        <cx>61.0</cx>
                        <cy>33.0</cy>
                    </euclidean>
                </location>
            </node>
            <node type="1" id="134">
                <location>
                    <euclidean>
                        <cx>46.0</cx>
                        <cy>10.0</cy>
                    </euclidean>
                </location>
            </node>
            <node type="1" id="152">
                <location>
                    <euclidean>
                        <cx>22.0</cx>
                        <cy>22.0</cy>
                    </euclidean>
                </location>
            </node>
            <node type="1" id="153">
                <location>
                    <euclidean>
                        <cx>36.0</cx>
                        <cy>26.0</cy>
                    </euclidean>
                </location>
            </node>
            <node type="1" id="154">
                <location>
                    <euclidean>
                        <cx>21.0</cx>
                        <cy>45.0</cy>
                    </euclidean>
                </location>
            </node>
            <node type="1" id="155">
                <location>
                    <euclidean>
                        <cx>45.0</cx>
                        <cy>35.0</cy>
                    </euclidean>
                </location>
            </node>
            <node type="1" id="156">
                <location>
                    <euclidean>
                        <cx>55.0</cx>
                        <cy>20.0</cy>
                    </euclidean>
                </location>
            </node>
            <node type="1" id="157">
                <location>
                    <euclidean>
                        <cx>33.0</cx>
                        <cy>34.0</cy>
                    </euclidean>
                </location>
            </node>
            <node type="1" id="158">
                <location>
                    <euclidean>
                        <cx>50.0</cx>
                        <cy>50.0</cy>
                    </euclidean>
                </location>
            </node>
            <node type="1" id="159">
                <location>
                    <euclidean>
                        <cx>55.0</cx>
                        <cy>45.0</cy>
                    </euclidean>
                </location>
            </node>
            <node type="1" id="144">
                <location>
                    <euclidean>
                        <cx>5.0</cx>
                        <cy>64.0</cy>
                    </euclidean>
                </location>
            </node>
            <node type="1" id="145">
                <location>
                    <euclidean>
                        <cx>30.0</cx>
                        <cy>15.0</cy>
                    </euclidean>
                </location>
            </node>
            <node type="1" id="146">
                <location>
                    <euclidean>
                        <cx>39.0</cx>
                        <cy>10.0</cy>
                    </euclidean>
                </location>
            </node>
            <node type="1" id="147">
                <location>
                    <euclidean>
                        <cx>32.0</cx>
                        <cy>39.0</cy>
                    </euclidean>
                </location>
            </node>
            <node type="1" id="148">
                <location>
                    <euclidean>
                        <cx>25.0</cx>
                        <cy>32.0</cy>
                    </euclidean>
                </location>
            </node>
            <node type="1" id="149">
                <location>
                    <euclidean>
                        <cx>25.0</cx>
                        <cy>55.0</cy>
                    </euclidean>
                </location>
            </node>
            <node type="1" id="150">
                <location>
                    <euclidean>
                        <cx>48.0</cx>
                        <cy>28.0</cy>
                    </euclidean>
                </location>
            </node>
            <node type="1" id="151">
                <location>
                    <euclidean>
                        <cx>56.0</cx>
                        <cy>37.0</cy>
                    </euclidean>
                </location>
            </node>
            <node type="1" id="171">
                <location>
                    <euclidean>
                        <cx>66.0</cx>
                        <cy>14.0</cy>
                    </euclidean>
                </location>
            </node>
            <node type="1" id="170">
                <location>
                    <euclidean>
                        <cx>62.0</cx>
                        <cy>48.0</cy>
                    </euclidean>
                </location>
            </node>
            <node type="1" id="169">
                <location>
                    <euclidean>
                        <cx>9.0</cx>
                        <cy>56.0</cy>
                    </euclidean>
                </location>
            </node>
            <node type="1" id="168">
                <location>
                    <euclidean>
                        <cx>33.0</cx>
                        <cy>44.0</cy>
                    </euclidean>
                </location>
            </node>
            <node type="1" id="175">
                <location>
                    <euclidean>
                        <cx>7.0</cx>
                        <cy>43.0</cy>
                    </euclidean>
                </location>
            </node>
            <node type="1" id="174">
                <location>
                    <euclidean>
                        <cx>11.0</cx>
                        <cy>28.0</cy>
                    </euclidean>
                </location>
            </node>
            <node type="1" id="173">
                <location>
                    <euclidean>
                        <cx>26.0</cx>
                        <cy>13.0</cy>
                    </euclidean>
                </location>
            </node>
            <node type="1" id="172">
                <location>
                    <euclidean>
                        <cx>44.0</cx>
                        <cy>13.0</cy>
                    </euclidean>
                </location>
            </node>
            <node type="1" id="163">
                <location>
                    <euclidean>
                        <cx>35.0</cx>
                        <cy>51.0</cy>
                    </euclidean>
                </location>
            </node>
            <node type="1" id="162">
                <location>
                    <euclidean>
                        <cx>55.0</cx>
                        <cy>65.0</cy>
                    </euclidean>
                </location>
            </node>
            <node type="1" id="161">
                <location>
                    <euclidean>
                        <cx>40.0</cx>
                        <cy>66.0</cy>
                    </euclidean>
                </location>
            </node>
            <node type="1" id="160">
                <location>
                    <euclidean>
                        <cx>26.0</cx>
                        <cy>59.0</cy>
                    </euclidean>
                </location>
            </node>
            <node type="1" id="167">
                <location>
                    <euclidean>
                        <cx>21.0</cx>
                        <cy>36.0</cy>
                    </euclidean>
                </location>
            </node>
            <node type="1" id="166">
                <location>
                    <euclidean>
                        <cx>62.0</cx>
                        <cy>24.0</cy>
                    </euclidean>
                </location>
            </node>
            <node type="1" id="165">
                <location>
                    <euclidean>
                        <cx>62.0</cx>
                        <cy>57.0</cy>
                    </euclidean>
                </location>
            </node>
            <node type="1" id="164">
                <location>
                    <euclidean>
                        <cx>62.0</cx>
                        <cy>35.0</cy>
                    </euclidean>
                </location>
            </node>
            <node type="1" id="186">
                <location>
                    <euclidean>
                        <cx>55.0</cx>
                        <cy>50.0</cy>
                    </euclidean>
                </location>
            </node>
            <node type="1" id="187">
                <location>
                    <euclidean>
                        <cx>54.0</cx>
                        <cy>10.0</cy>
                    </euclidean>
                </location>
            </node>
            <node type="1" id="184">
                <location>
                    <euclidean>
                        <cx>26.0</cx>
                        <cy>29.0</cy>
                    </euclidean>
                </location>
            </node>
            <node type="1" id="185">
                <location>
                    <euclidean>
                        <cx>50.0</cx>
                        <cy>40.0</cy>
                    </euclidean>
                </location>
            </node>
            <node type="1" id="190">
                <location>
                    <euclidean>
                        <cx>30.0</cx>
                        <cy>60.0</cy>
                    </euclidean>
                </location>
            </node>
            <node type="1" id="191">
                <location>
                    <euclidean>
                        <cx>30.0</cx>
                        <cy>50.0</cy>
                    </euclidean>
                </location>
            </node>
            <node type="1" id="188">
                <location>
                    <euclidean>
                        <cx>60.0</cx>
                        <cy>15.0</cy>
                    </euclidean>
                </location>
            </node>
            <node type="1" id="189">
                <location>
                    <euclidean>
                        <cx>47.0</cx>
                        <cy>66.0</cy>
                    </euclidean>
                </location>
            </node>
            <node type="1" id="178">
                <location>
                    <euclidean>
                        <cx>55.0</cx>
                        <cy>34.0</cy>
                    </euclidean>
                </location>
            </node>
            <node type="1" id="179">
                <location>
                    <euclidean>
                        <cx>35.0</cx>
                        <cy>16.0</cy>
                    </euclidean>
                </location>
            </node>
            <node type="1" id="176">
                <location>
                    <euclidean>
                        <cx>17.0</cx>
                        <cy>64.0</cy>
                    </euclidean>
                </location>
            </node>
            <node type="1" id="177">
                <location>
                    <euclidean>
                        <cx>41.0</cx>
                        <cy>46.0</cy>
                    </euclidean>
                </location>
            </node>
            <node type="1" id="182">
                <location>
                    <euclidean>
                        <cx>31.0</cx>
                        <cy>76.0</cy>
                    </euclidean>
                </location>
            </node>
            <node type="1" id="183">
                <location>
                    <euclidean>
                        <cx>22.0</cx>
                        <cy>53.0</cy>
                    </euclidean>
                </location>
            </node>
            <node type="1" id="180">
                <location>
                    <euclidean>
                        <cx>52.0</cx>
                        <cy>26.0</cy>
                    </euclidean>
                </location>
            </node>
            <node type="1" id="181">
                <location>
                    <euclidean>
                        <cx>43.0</cx>
                        <cy>26.0</cy>
                    </euclidean>
                </location>
            </node>
            <node type="1" id="200">
                <location>
                    <euclidean>
                        <cx>12.0</cx>
                        <cy>38.0</cy>
                    </euclidean>
                </location>
            </node>
            <node type="1" id="197">
                <location>
                    <euclidean>
                        <cx>51.0</cx>
                        <cy>42.0</cy>
                    </euclidean>
                </location>
            </node>
            <node type="1" id="196">
                <location>
                    <euclidean>
                        <cx>50.0</cx>
                        <cy>30.0</cy>
                    </euclidean>
                </location>
            </node>
            <node type="1" id="199">
                <location>
                    <euclidean>
                        <cx>48.0</cx>
                        <cy>21.0</cy>
                    </euclidean>
                </location>
            </node>
            <node type="1" id="198">
                <location>
                    <euclidean>
                        <cx>50.0</cx>
                        <cy>15.0</cy>
                    </euclidean>
                </location>
            </node>
            <node type="1" id="193">
                <location>
                    <euclidean>
                        <cx>15.0</cx>
                        <cy>14.0</cy>
                    </euclidean>
                </location>
            </node>
            <node type="1" id="192">
                <location>
                    <euclidean>
                        <cx>12.0</cx>
                        <cy>17.0</cy>
                    </euclidean>
                </location>
            </node>
            <node type="1" id="195">
                <location>
                    <euclidean>
                        <cx>21.0</cx>
                        <cy>48.0</cy>
                    </euclidean>
                </location>
            </node>
            <node type="1" id="194">
                <location>
                    <euclidean>
                        <cx>16.0</cx>
                        <cy>19.0</cy>
                    </euclidean>
                </location>
            </node>
        </nodes>
        <descriptor>
            <isComplete>true</isComplete>
            <distanceType>EUC_2D</distanceType>
            <roundingRule>NEAREST[0]</roundingRule>
        </descriptor>
    </network>
    <fleet>
        <vehicle type="0">
            <number>17</number>
            <capacity>200.0</capacity>
        </vehicle>
    </fleet>
    <requests>
        <request node="2" id="2">
            <demand type="0">10</demand>
        </request>
        <request node="3" id="3">
            <demand type="0">7</demand>
        </request>
        <request node="4" id="4">
            <demand type="0">13</demand>
        </request>
        <request node="5" id="5">
            <demand type="0">19</demand>
        </request>
        <request node="6" id="6">
            <demand type="0">26</demand>
        </request>
        <request node="7" id="7">
            <demand type="0">3</demand>
        </request>
        <request node="8" id="8">
            <demand type="0">5</demand>
        </request>
        <request node="9" id="9">
            <demand type="0">9</demand>
        </request>
        <request node="10" id="10">
            <demand type="0">16</demand>
        </request>
        <request node="11" id="11">
            <demand type="0">16</demand>
        </request>
        <request node="12" id="12">
            <demand type="0">12</demand>
        </request>
        <request node="13" id="13">
            <demand type="0">19</demand>
        </request>
        <request node="14" id="14">
            <demand type="0">23</demand>
        </request>
        <request node="15" id="15">
            <demand type="0">20</demand>
        </request>
        <request node="17" id="17">
            <demand type="0">19</demand>
        </request>
        <request node="16" id="16">
            <demand type="0">8</demand>
        </request>
        <request node="19" id="19">
            <demand type="0">12</demand>
        </request>
        <request node="18" id="18">
            <demand type="0">2</demand>
        </request>
        <request node="21" id="21">
            <demand type="0">9</demand>
        </request>
        <request node="20" id="20">
            <demand type="0">17</demand>
        </request>
        <request node="23" id="23">
            <demand type="0">18</demand>
        </request>
        <request node="22" id="22">
            <demand type="0">11</demand>
        </request>
        <request node="25" id="25">
            <demand type="0">3</demand>
        </request>
        <request node="24" id="24">
            <demand type="0">29</demand>
        </request>
        <request node="27" id="27">
            <demand type="0">17</demand>
        </request>
        <request node="26" id="26">
            <demand type="0">6</demand>
        </request>
        <request node="29" id="29">
            <demand type="0">16</demand>
        </request>
        <request node="28" id="28">
            <demand type="0">16</demand>
        </request>
        <request node="31" id="31">
            <demand type="0">21</demand>
        </request>
        <request node="30" id="30">
            <demand type="0">9</demand>
        </request>
        <request node="34" id="34">
            <demand type="0">11</demand>
        </request>
        <request node="35" id="35">
            <demand type="0">14</demand>
        </request>
        <request node="32" id="32">
            <demand type="0">27</demand>
        </request>
        <request node="33" id="33">
            <demand type="0">23</demand>
        </request>
        <request node="38" id="38">
            <demand type="0">8</demand>
        </request>
        <request node="39" id="39">
            <demand type="0">16</demand>
        </request>
        <request node="36" id="36">
            <demand type="0">8</demand>
        </request>
        <request node="37" id="37">
            <demand type="0">5</demand>
        </request>
        <request node="42" id="42">
            <demand type="0">5</demand>
        </request>
        <request node="43" id="43">
            <demand type="0">5</demand>
        </request>
        <request node="40" id="40">
            <demand type="0">31</demand>
        </request>
        <request node="41" id="41">
            <demand type="0">9</demand>
        </request>
        <request node="46" id="46">
            <demand type="0">16</demand>
        </request>
        <request node="47" id="47">
            <demand type="0">1</demand>
        </request>
        <request node="44" id="44">
            <demand type="0">7</demand>
        </request>
        <request node="45" id="45">
            <demand type="0">18</demand>
        </request>
        <request node="51" id="51">
            <demand type="0">13</demand>
        </request>
        <request node="50" id="50">
            <demand type="0">30</demand>
        </request>
        <request node="49" id="49">
            <demand type="0">36</demand>
        </request>
        <request node="48" id="48">
            <demand type="0">27</demand>
        </request>
        <request node="55" id="55">
            <demand type="0">18</demand>
        </request>
        <request node="54" id="54">
            <demand type="0">14</demand>
        </request>
        <request node="53" id="53">
            <demand type="0">9</demand>
        </request>
        <request node="52" id="52">
            <demand type="0">10</demand>
        </request>
        <request node="59" id="59">
            <demand type="0">18</demand>
        </request>
        <request node="58" id="58">
            <demand type="0">7</demand>
        </request>
        <request node="57" id="57">
            <demand type="0">6</demand>
        </request>
        <request node="56" id="56">
            <demand type="0">2</demand>
        </request>
        <request node="63" id="63">
            <demand type="0">19</demand>
        </request>
        <request node="62" id="62">
            <demand type="0">13</demand>
        </request>
        <request node="61" id="61">
            <demand type="0">3</demand>
        </request>
        <request node="60" id="60">
            <demand type="0">28</demand>
        </request>
        <request node="68" id="68">
            <demand type="0">25</demand>
        </request>
        <request node="69" id="69">
            <demand type="0">36</demand>
        </request>
        <request node="70" id="70">
            <demand type="0">6</demand>
        </request>
        <request node="71" id="71">
            <demand type="0">5</demand>
        </request>
        <request node="64" id="64">
            <demand type="0">10</demand>
        </request>
        <request node="65" id="65">
            <demand type="0">9</demand>
        </request>
        <request node="66" id="66">
            <demand type="0">20</demand>
        </request>
        <request node="67" id="67">
            <demand type="0">25</demand>
        </request>
        <request node="76" id="76">
            <demand type="0">18</demand>
        </request>
        <request node="77" id="77">
            <demand type="0">13</demand>
        </request>
        <request node="78" id="78">
            <demand type="0">14</demand>
        </request>
        <request node="79" id="79">
            <demand type="0">3</demand>
        </request>
        <request node="72" id="72">
            <demand type="0">15</demand>
        </request>
        <request node="73" id="73">
            <demand type="0">25</demand>
        </request>
        <request node="74" id="74">
            <demand type="0">9</demand>
        </request>
        <request node="75" id="75">
            <demand type="0">8</demand>
        </request>
        <request node="85" id="85">
            <demand type="0">7</demand>
        </request>
        <request node="84" id="84">
            <demand type="0">11</demand>
        </request>
        <request node="87" id="87">
            <demand type="0">35</demand>
        </request>
        <request node="86" id="86">
            <demand type="0">41</demand>
        </request>
        <request node="81" id="81">
            <demand type="0">6</demand>
        </request>
        <request node="80" id="80">
            <demand type="0">23</demand>
        </request>
        <request node="83" id="83">
            <demand type="0">16</demand>
        </request>
        <request node="82" id="82">
            <demand type="0">26</demand>
        </request>
        <request node="93" id="93">
            <demand type="0">2</demand>
        </request>
        <request node="92" id="92">
            <demand type="0">1</demand>
        </request>
        <request node="95" id="95">
            <demand type="0">27</demand>
        </request>
        <request node="94" id="94">
            <demand type="0">22</demand>
        </request>
        <request node="89" id="89">
            <demand type="0">9</demand>
        </request>
        <request node="88" id="88">
            <demand type="0">26</demand>
        </request>
        <request node="91" id="91">
            <demand type="0">3</demand>
        </request>
        <request node="90" id="90">
            <demand type="0">15</demand>
        </request>
        <request node="102" id="102">
            <demand type="0">7</demand>
        </request>
        <request node="103" id="103">
            <demand type="0">30</demand>
        </request>
        <request node="100" id="100">
            <demand type="0">9</demand>
        </request>
        <request node="101" id="101">
            <demand type="0">17</demand>
        </request>
        <request node="98" id="98">
            <demand type="0">12</demand>
        </request>
        <request node="99" id="99">
            <demand type="0">10</demand>
        </request>
        <request node="96" id="96">
            <demand type="0">20</demand>
        </request>
        <request node="97" id="97">
            <demand type="0">11</demand>
        </request>
        <request node="110" id="110">
            <demand type="0">11</demand>
        </request>
        <request node="111" id="111">
            <demand type="0">5</demand>
        </request>
        <request node="108" id="108">
            <demand type="0">19</demand>
        </request>
        <request node="109" id="109">
            <demand type="0">23</demand>
        </request>
        <request node="106" id="106">
            <demand type="0">21</demand>
        </request>
        <request node="107" id="107">
            <demand type="0">15</demand>
        </request>
        <request node="104" id="104">
            <demand type="0">16</demand>
        </request>
        <request node="105" id="105">
            <demand type="0">9</demand>
        </request>
        <request node="119" id="119">
            <demand type="0">41</demand>
        </request>
        <request node="118" id="118">
            <demand type="0">3</demand>
        </request>
        <request node="117" id="117">
            <demand type="0">15</demand>
        </request>
        <request node="116" id="116">
            <demand type="0">10</demand>
        </request>
        <request node="115" id="115">
            <demand type="0">21</demand>
        </request>
        <request node="114" id="114">
            <demand type="0">23</demand>
        </request>
        <request node="113" id="113">
            <demand type="0">29</demand>
        </request>
        <request node="112" id="112">
            <demand type="0">19</demand>
        </request>
        <request node="127" id="127">
            <demand type="0">7</demand>
        </request>
        <request node="126" id="126">
            <demand type="0">28</demand>
        </request>
        <request node="125" id="125">
            <demand type="0">10</demand>
        </request>
        <request node="124" id="124">
            <demand type="0">16</demand>
        </request>
        <request node="123" id="123">
            <demand type="0">8</demand>
        </request>
        <request node="122" id="122">
            <demand type="0">8</demand>
        </request>
        <request node="121" id="121">
            <demand type="0">28</demand>
        </request>
        <request node="120" id="120">
            <demand type="0">9</demand>
        </request>
        <request node="137" id="137">
            <demand type="0">6</demand>
        </request>
        <request node="136" id="136">
            <demand type="0">17</demand>
        </request>
        <request node="139" id="139">
            <demand type="0">15</demand>
        </request>
        <request node="138" id="138">
            <demand type="0">9</demand>
        </request>
        <request node="141" id="141">
            <demand type="0">7</demand>
        </request>
        <request node="140" id="140">
            <demand type="0">14</demand>
        </request>
        <request node="143" id="143">
            <demand type="0">13</demand>
        </request>
        <request node="142" id="142">
            <demand type="0">27</demand>
        </request>
        <request node="129" id="129">
            <demand type="0">14</demand>
        </request>
        <request node="128" id="128">
            <demand type="0">15</demand>
        </request>
        <request node="131" id="131">
            <demand type="0">19</demand>
        </request>
        <request node="130" id="130">
            <demand type="0">6</demand>
        </request>
        <request node="133" id="133">
            <demand type="0">12</demand>
        </request>
        <request node="132" id="132">
            <demand type="0">11</demand>
        </request>
        <request node="135" id="135">
            <demand type="0">26</demand>
        </request>
        <request node="134" id="134">
            <demand type="0">23</demand>
        </request>
        <request node="152" id="152">
            <demand type="0">18</demand>
        </request>
        <request node="153" id="153">
            <demand type="0">26</demand>
        </request>
        <request node="154" id="154">
            <demand type="0">11</demand>
        </request>
        <request node="155" id="155">
            <demand type="0">30</demand>
        </request>
        <request node="156" id="156">
            <demand type="0">21</demand>
        </request>
        <request node="157" id="157">
            <demand type="0">19</demand>
        </request>
        <request node="158" id="158">
            <demand type="0">15</demand>
        </request>
        <request node="159" id="159">
            <demand type="0">16</demand>
        </request>
        <request node="144" id="144">
            <demand type="0">11</demand>
        </request>
        <request node="145" id="145">
            <demand type="0">16</demand>
        </request>
        <request node="146" id="146">
            <demand type="0">10</demand>
        </request>
        <request node="147" id="147">
            <demand type="0">5</demand>
        </request>
        <request node="148" id="148">
            <demand type="0">25</demand>
        </request>
        <request node="149" id="149">
            <demand type="0">17</demand>
        </request>
        <request node="150" id="150">
            <demand type="0">18</demand>
        </request>
        <request node="151" id="151">
            <demand type="0">10</demand>
        </request>
        <request node="171" id="171">
            <demand type="0">22</demand>
        </request>
        <request node="170" id="170">
            <demand type="0">15</demand>
        </request>
        <request node="169" id="169">
            <demand type="0">13</demand>
        </request>
        <request node="168" id="168">
            <demand type="0">20</demand>
        </request>
        <request node="175" id="175">
            <demand type="0">27</demand>
        </request>
        <request node="174" id="174">
            <demand type="0">6</demand>
        </request>
        <request node="173" id="173">
            <demand type="0">12</demand>
        </request>
        <request node="172" id="172">
            <demand type="0">28</demand>
        </request>
        <request node="163" id="163">
            <demand type="0">16</demand>
        </request>
        <request node="162" id="162">
            <demand type="0">37</demand>
        </request>
        <request node="161" id="161">
            <demand type="0">26</demand>
        </request>
        <request node="160" id="160">
            <demand type="0">29</demand>
        </request>
        <request node="167" id="167">
            <demand type="0">19</demand>
        </request>
        <request node="166" id="166">
            <demand type="0">8</demand>
        </request>
        <request node="165" id="165">
            <demand type="0">31</demand>
        </request>
        <request node="164" id="164">
            <demand type="0">12</demand>
        </request>
        <request node="186" id="186">
            <demand type="0">10</demand>
        </request>
        <request node="187" id="187">
            <demand type="0">12</demand>
        </request>
        <request node="184" id="184">
            <demand type="0">27</demand>
        </request>
        <request node="185" id="185">
            <demand type="0">19</demand>
        </request>
        <request node="190" id="190">
            <demand type="0">16</demand>
        </request>
        <request node="191" id="191">
            <demand type="0">33</demand>
        </request>
        <request node="188" id="188">
            <demand type="0">14</demand>
        </request>
        <request node="189" id="189">
            <demand type="0">24</demand>
        </request>
        <request node="178" id="178">
            <demand type="0">17</demand>
        </request>
        <request node="179" id="179">
            <demand type="0">29</demand>
        </request>
        <request node="176" id="176">
            <demand type="0">14</demand>
        </request>
        <request node="177" id="177">
            <demand type="0">18</demand>
        </request>
        <request node="182" id="182">
            <demand type="0">25</demand>
        </request>
        <request node="183" id="183">
            <demand type="0">28</demand>
        </request>
        <request node="180" id="180">
            <demand type="0">13</demand>
        </request>
        <request node="181" id="181">
            <demand type="0">22</demand>
        </request>
        <request node="200" id="200">
            <demand type="0">5</demand>
        </request>
        <request node="197" id="197">
            <demand type="0">27</demand>
        </request>
        <request node="196" id="196">
            <demand type="0">21</demand>
        </request>
        <request node="199" id="199">
            <demand type="0">20</demand>
        </request>
        <request node="198" id="198">
            <demand type="0">19</demand>
        </request>
        <request node="193" id="193">
            <demand type="0">11</demand>
        </request>
        <request node="192" id="192">
            <demand type="0">15</demand>
        </request>
        <request node="195" id="195">
            <demand type="0">17</demand>
        </request>
        <request node="194" id="194">
            <demand type="0">18</demand>
        </request>
    </requests>
</instance>
