<?xml version="1.0" encoding="UTF-8" standalone="yes"?>
<instance>
    <info>
        <name>E-n23-k3</name>
        <problem>CVRP</problem>
        <reference>Christofides N. and Eilon S. (1969) An Algorithm for the Vehicle Dispatching Problems. Operational Research Quarterly, 20(3), pp 309-318.</reference>
        <contributor>
            <name>Victor Pillac</name>
            <email>vpillac@nicta.com.au</email>
        </contributor>
    </info>
    <network>
        <nodes>
            <node id="0" type="0">
                <location>
                    <euclidean>
                        <cx>266.0</cx>
                        <cy>235.0</cy>
                    </euclidean>
                </location>
            </node>
            <node id="1" type="1">
                <location>
                    <euclidean>
                        <cx>295.0</cx>
                        <cy>272.0</cy>
                    </euclidean>
                </location>
            </node>
            <node id="2" type="1">
                <location>
                    <euclidean>
                        <cx>301.0</cx>
                        <cy>258.0</cy>
                    </euclidean>
                </location>
            </node>
            <node id="3" type="1">
                <location>
                    <euclidean>
                        <cx>309.0</cx>
                        <cy>260.0</cy>
                    </euclidean>
                </location>
            </node>
            <node id="4" type="1">
                <location>
                    <euclidean>
                        <cx>217.0</cx>
                        <cy>274.0</cy>
                    </euclidean>
                </location>
            </node>
            <node id="5" type="1">
                <location>
                    <euclidean>
                        <cx>218.0</cx>
                        <cy>278.0</cy>
                    </euclidean>
                </location>
            </node>
            <node id="6" type="1">
                <location>
                    <euclidean>
                        <cx>282.0</cx>
                        <cy>267.0</cy>
                    </euclidean>
                </location>
            </node>
            <node id="7" type="1">
                <location>
                    <euclidean>
                        <cx>242.0</cx>
                        <cy>249.0</cy>
                    </euclidean>
                </location>
            </node>
            <node id="8" type="1">
                <location>
                    <euclidean>
                        <cx>230.0</cx>
                        <cy>262.0</cy>
                    </euclidean>
                </location>
            </node>
            <node id="9" type="1">
                <location>
                    <euclidean>
                        <cx>249.0</cx>
                        <cy>268.0</cy>
                    </euclidean>
                </location>
            </node>
            <node id="10" type="1">
                <location>
                    <euclidean>
                        <cx>256.0</cx>
                        <cy>267.0</cy>
                    </euclidean>
                </location>
            </node>
            <node id="11" type="1">
                <location>
                    <euclidean>
                        <cx>265.0</cx>
                        <cy>257.0</cy>
                    </euclidean>
                </location>
            </node>
            <node id="12" type="1">
                <location>
                    <euclidean>
                        <cx>267.0</cx>
                        <cy>242.0</cy>
                    </euclidean>
                </location>
            </node>
            <node id="13" type="1">
                <location>
                    <euclidean>
                        <cx>259.0</cx>
                        <cy>265.0</cy>
                    </euclidean>
                </location>
            </node>
            <node id="14" type="1">
                <location>
                    <euclidean>
                        <cx>315.0</cx>
                        <cy>233.0</cy>
                    </euclidean>
                </location>
            </node>
            <node id="15" type="1">
                <location>
                    <euclidean>
                        <cx>329.0</cx>
                        <cy>252.0</cy>
                    </euclidean>
                </location>
            </node>
            <node id="17" type="1">
                <location>
                    <euclidean>
                        <cx>329.0</cx>
                        <cy>224.0</cy>
                    </euclidean>
                </location>
            </node>
            <node id="16" type="1">
                <location>
                    <euclidean>
                        <cx>318.0</cx>
                        <cy>252.0</cy>
                    </euclidean>
                </location>
            </node>
            <node id="19" type="1">
                <location>
                    <euclidean>
                        <cx>275.0</cx>
                        <cy>192.0</cy>
                    </euclidean>
                </location>
            </node>
            <node id="18" type="1">
                <location>
                    <euclidean>
                        <cx>267.0</cx>
                        <cy>213.0</cy>
                    </euclidean>
                </location>
            </node>
            <node id="21" type="1">
                <location>
                    <euclidean>
                        <cx>208.0</cx>
                        <cy>217.0</cy>
                    </euclidean>
                </location>
            </node>
            <node id="20" type="1">
                <location>
                    <euclidean>
                        <cx>303.0</cx>
                        <cy>201.0</cy>
                    </euclidean>
                </location>
            </node>
            <node id="22" type="1">
                <location>
                    <euclidean>
                        <cx>326.0</cx>
                        <cy>181.0</cy>
                    </euclidean>
                </location>
            </node>
        </nodes>
        <descriptor>
            <isComplete>true</isComplete>
            <distanceType>EUC_2D</distanceType>
            <roundingRule>HALF_EVEN[0]</roundingRule>
        </descriptor>
    </network>
    <fleet>
        <vehicle type="0">
            <number>3</number>
            <capacity>4500.0</capacity>
        </vehicle>
    </fleet>
    <requests>
        <request id="1" node="1">
            <demand type="0">125</demand>
        </request>
        <request id="2" node="2">
            <demand type="0">84</demand>
        </request>
        <request id="3" node="3">
            <demand type="0">60</demand>
        </request>
        <request id="4" node="4">
            <demand type="0">500</demand>
        </request>
        <request id="5" node="5">
            <demand type="0">300</demand>
        </request>
        <request id="6" node="6">
            <demand type="0">175</demand>
        </request>
        <request id="7" node="7">
            <demand type="0">350</demand>
        </request>
        <request id="8" node="8">
            <demand type="0">150</demand>
        </request>
        <request id="9" node="9">
            <demand type="0">1100</demand>
        </request>
        <request id="10" node="10">
            <demand type="0">4100</demand>
        </request>
        <request id="11" node="11">
            <demand type="0">225</demand>
        </request>
        <request id="12" node="12">
            <demand type="0">300</demand>
        </request>
        <request id="13" node="13">
            <demand type="0">250</demand>
        </request>
        <request id="14" node="14">
            <demand type="0">500</demand>
        </request>
        <request id="15" node="15">
            <demand type="0">150</demand>
        </request>
        <request id="17" node="17">
            <demand type="0">250</demand>
        </request>
        <request id="16" node="16">
            <demand type="0">100</demand>
        </request>
        <request id="19" node="19">
            <demand type="0">600</demand>
        </request>
        <request id="18" node="18">
            <demand type="0">120</demand>
        </request>
        <request id="21" node="21">
            <demand type="0">175</demand>
        </request>
        <request id="20" node="20">
            <demand type="0">500</demand>
        </request>
        <request id="22" node="22">
            <demand type="0">75</demand>
        </request>
    </requests>
</instance>
