<?xml version="1.0" encoding="UTF-8" standalone="yes"?>
<instance>
    <info>
        <name>P-n21-k2</name>
        <problem>CVRP</problem>
        <reference>P. Augerat, J.M. Belenguer, E. Benavent, A. Corberán, D. Naddef, G. Rinaldi, Computational Results with a Branch and Cut Code for the Capacitated Vehicle Routing Problem, Research Report 949-M, Universite Joseph Fourier, Grenoble, France</reference>
        <contributor>
            <name>Victor Pillac</name>
            <email>vpillac@nicta.com.au</email>
        </contributor>
    </info>
    <network>
        <nodes>
            <node id="1" type="0">
                <location>
                    <euclidean>
                        <cx>30.0</cx>
                        <cy>40.0</cy>
                    </euclidean>
                </location>
            </node>
            <node id="2" type="1">
                <location>
                    <euclidean>
                        <cx>37.0</cx>
                        <cy>52.0</cy>
                    </euclidean>
                </location>
            </node>
            <node id="3" type="1">
                <location>
                    <euclidean>
                        <cx>49.0</cx>
                        <cy>49.0</cy>
                    </euclidean>
                </location>
            </node>
            <node id="4" type="1">
                <location>
                    <euclidean>
                        <cx>52.0</cx>
                        <cy>64.0</cy>
                    </euclidean>
                </location>
            </node>
            <node id="5" type="1">
                <location>
                    <euclidean>
                        <cx>31.0</cx>
                        <cy>62.0</cy>
                    </euclidean>
                </location>
            </node>
            <node id="6" type="1">
                <location>
                    <euclidean>
                        <cx>52.0</cx>
                        <cy>33.0</cy>
                    </euclidean>
                </location>
            </node>
            <node id="7" type="1">
                <location>
                    <euclidean>
                        <cx>42.0</cx>
                        <cy>41.0</cy>
                    </euclidean>
                </location>
            </node>
            <node id="8" type="1">
                <location>
                    <euclidean>
                        <cx>52.0</cx>
                        <cy>41.0</cy>
                    </euclidean>
                </location>
            </node>
            <node id="9" type="1">
                <location>
                    <euclidean>
                        <cx>57.0</cx>
                        <cy>58.0</cy>
                    </euclidean>
                </location>
            </node>
            <node id="10" type="1">
                <location>
                    <euclidean>
                        <cx>62.0</cx>
                        <cy>42.0</cy>
                    </euclidean>
                </location>
            </node>
            <node id="11" type="1">
                <location>
                    <euclidean>
                        <cx>42.0</cx>
                        <cy>57.0</cy>
                    </euclidean>
                </location>
            </node>
            <node id="12" type="1">
                <location>
                    <euclidean>
                        <cx>27.0</cx>
                        <cy>68.0</cy>
                    </euclidean>
                </location>
            </node>
            <node id="13" type="1">
                <location>
                    <euclidean>
                        <cx>43.0</cx>
                        <cy>67.0</cy>
                    </euclidean>
                </location>
            </node>
            <node id="14" type="1">
                <location>
                    <euclidean>
                        <cx>58.0</cx>
                        <cy>48.0</cy>
                    </euclidean>
                </location>
            </node>
            <node id="15" type="1">
                <location>
                    <euclidean>
                        <cx>58.0</cx>
                        <cy>27.0</cy>
                    </euclidean>
                </location>
            </node>
            <node id="17" type="1">
                <location>
                    <euclidean>
                        <cx>38.0</cx>
                        <cy>46.0</cy>
                    </euclidean>
                </location>
            </node>
            <node id="16" type="1">
                <location>
                    <euclidean>
                        <cx>37.0</cx>
                        <cy>69.0</cy>
                    </euclidean>
                </location>
            </node>
            <node id="19" type="1">
                <location>
                    <euclidean>
                        <cx>62.0</cx>
                        <cy>63.0</cy>
                    </euclidean>
                </location>
            </node>
            <node id="18" type="1">
                <location>
                    <euclidean>
                        <cx>61.0</cx>
                        <cy>33.0</cy>
                    </euclidean>
                </location>
            </node>
            <node id="21" type="1">
                <location>
                    <euclidean>
                        <cx>45.0</cx>
                        <cy>35.0</cy>
                    </euclidean>
                </location>
            </node>
            <node id="20" type="1">
                <location>
                    <euclidean>
                        <cx>63.0</cx>
                        <cy>69.0</cy>
                    </euclidean>
                </location>
            </node>
        </nodes>
        <descriptor>
            <isComplete>true</isComplete>
            <distanceType>EUC_2D</distanceType>
            <roundingRule>HALF_EVEN[0]</roundingRule>
        </descriptor>
    </network>
    <fleet>
        <vehicle type="0">
            <number>2</number>
            <capacity>160.0</capacity>
        </vehicle>
    </fleet>
    <requests>
        <request id="2" node="2">
            <demand type="0">7</demand>
        </request>
        <request id="3" node="3">
            <demand type="0">30</demand>
        </request>
        <request id="4" node="4">
            <demand type="0">16</demand>
        </request>
        <request id="5" node="5">
            <demand type="0">23</demand>
        </request>
        <request id="6" node="6">
            <demand type="0">11</demand>
        </request>
        <request id="7" node="7">
            <demand type="0">19</demand>
        </request>
        <request id="8" node="8">
            <demand type="0">15</demand>
        </request>
        <request id="9" node="9">
            <demand type="0">28</demand>
        </request>
        <request id="10" node="10">
            <demand type="0">8</demand>
        </request>
        <request id="11" node="11">
            <demand type="0">8</demand>
        </request>
        <request id="12" node="12">
            <demand type="0">7</demand>
        </request>
        <request id="13" node="13">
            <demand type="0">14</demand>
        </request>
        <request id="14" node="14">
            <demand type="0">6</demand>
        </request>
        <request id="15" node="15">
            <demand type="0">19</demand>
        </request>
        <request id="17" node="17">
            <demand type="0">12</demand>
        </request>
        <request id="16" node="16">
            <demand type="0">11</demand>
        </request>
        <request id="19" node="19">
            <demand type="0">17</demand>
        </request>
        <request id="18" node="18">
            <demand type="0">26</demand>
        </request>
        <request id="21" node="21">
            <demand type="0">15</demand>
        </request>
        <request id="20" node="20">
            <demand type="0">6</demand>
        </request>
    </requests>
</instance>
