<?xml version="1.0" encoding="UTF-8" standalone="yes"?>
<instance>
    <info>
        <name>M-n121-k7</name>
        <problem>CVRP</problem>
        <reference>Chapter 11 of N.Christofides, A.Mingozzi, P.Toth and C.Sandi (eds), Combinatorial optimization, John Wiley, Chichester 1979.</reference>
        <contributor>
            <name>Victor Pillac</name>
            <email>vpillac@mines-nantes.fr</email>
        </contributor>
    </info>
    <network>
        <nodes>
            <node type="0" id="1">
                <location>
                    <euclidean>
                        <cx>10.0</cx>
                        <cy>45.0</cy>
                    </euclidean>
                </location>
            </node>
            <node type="1" id="2">
                <location>
                    <euclidean>
                        <cx>25.0</cx>
                        <cy>1.0</cy>
                    </euclidean>
                </location>
            </node>
            <node type="1" id="3">
                <location>
                    <euclidean>
                        <cx>25.0</cx>
                        <cy>3.0</cy>
                    </euclidean>
                </location>
            </node>
            <node type="1" id="4">
                <location>
                    <euclidean>
                        <cx>31.0</cx>
                        <cy>5.0</cy>
                    </euclidean>
                </location>
            </node>
            <node type="1" id="5">
                <location>
                    <euclidean>
                        <cx>32.0</cx>
                        <cy>5.0</cy>
                    </euclidean>
                </location>
            </node>
            <node type="1" id="6">
                <location>
                    <euclidean>
                        <cx>31.0</cx>
                        <cy>7.0</cy>
                    </euclidean>
                </location>
            </node>
            <node type="1" id="7">
                <location>
                    <euclidean>
                        <cx>32.0</cx>
                        <cy>9.0</cy>
                    </euclidean>
                </location>
            </node>
            <node type="1" id="8">
                <location>
                    <euclidean>
                        <cx>34.0</cx>
                        <cy>9.0</cy>
                    </euclidean>
                </location>
            </node>
            <node type="1" id="9">
                <location>
                    <euclidean>
                        <cx>46.0</cx>
                        <cy>9.0</cy>
                    </euclidean>
                </location>
            </node>
            <node type="1" id="10">
                <location>
                    <euclidean>
                        <cx>35.0</cx>
                        <cy>7.0</cy>
                    </euclidean>
                </location>
            </node>
            <node type="1" id="11">
                <location>
                    <euclidean>
                        <cx>34.0</cx>
                        <cy>6.0</cy>
                    </euclidean>
                </location>
            </node>
            <node type="1" id="12">
                <location>
                    <euclidean>
                        <cx>35.0</cx>
                        <cy>5.0</cy>
                    </euclidean>
                </location>
            </node>
            <node type="1" id="13">
                <location>
                    <euclidean>
                        <cx>47.0</cx>
                        <cy>6.0</cy>
                    </euclidean>
                </location>
            </node>
            <node type="1" id="14">
                <location>
                    <euclidean>
                        <cx>40.0</cx>
                        <cy>5.0</cy>
                    </euclidean>
                </location>
            </node>
            <node type="1" id="15">
                <location>
                    <euclidean>
                        <cx>39.0</cx>
                        <cy>3.0</cy>
                    </euclidean>
                </location>
            </node>
            <node type="1" id="17">
                <location>
                    <euclidean>
                        <cx>73.0</cx>
                        <cy>6.0</cy>
                    </euclidean>
                </location>
            </node>
            <node type="1" id="16">
                <location>
                    <euclidean>
                        <cx>36.0</cx>
                        <cy>3.0</cy>
                    </euclidean>
                </location>
            </node>
            <node type="1" id="19">
                <location>
                    <euclidean>
                        <cx>24.0</cx>
                        <cy>36.0</cy>
                    </euclidean>
                </location>
            </node>
            <node type="1" id="18">
                <location>
                    <euclidean>
                        <cx>73.0</cx>
                        <cy>8.0</cy>
                    </euclidean>
                </location>
            </node>
            <node type="1" id="21">
                <location>
                    <euclidean>
                        <cx>76.0</cx>
                        <cy>10.0</cy>
                    </euclidean>
                </location>
            </node>
            <node type="1" id="20">
                <location>
                    <euclidean>
                        <cx>76.0</cx>
                        <cy>6.0</cy>
                    </euclidean>
                </location>
            </node>
            <node type="1" id="23">
                <location>
                    <euclidean>
                        <cx>78.0</cx>
                        <cy>3.0</cy>
                    </euclidean>
                </location>
            </node>
            <node type="1" id="22">
                <location>
                    <euclidean>
                        <cx>76.0</cx>
                        <cy>13.0</cy>
                    </euclidean>
                </location>
            </node>
            <node type="1" id="25">
                <location>
                    <euclidean>
                        <cx>79.0</cx>
                        <cy>3.0</cy>
                    </euclidean>
                </location>
            </node>
            <node type="1" id="24">
                <location>
                    <euclidean>
                        <cx>78.0</cx>
                        <cy>9.0</cy>
                    </euclidean>
                </location>
            </node>
            <node type="1" id="27">
                <location>
                    <euclidean>
                        <cx>79.0</cx>
                        <cy>11.0</cy>
                    </euclidean>
                </location>
            </node>
            <node type="1" id="26">
                <location>
                    <euclidean>
                        <cx>79.0</cx>
                        <cy>5.0</cy>
                    </euclidean>
                </location>
            </node>
            <node type="1" id="29">
                <location>
                    <euclidean>
                        <cx>82.0</cx>
                        <cy>7.0</cy>
                    </euclidean>
                </location>
            </node>
            <node type="1" id="28">
                <location>
                    <euclidean>
                        <cx>82.0</cx>
                        <cy>3.0</cy>
                    </euclidean>
                </location>
            </node>
            <node type="1" id="31">
                <location>
                    <euclidean>
                        <cx>84.0</cx>
                        <cy>3.0</cy>
                    </euclidean>
                </location>
            </node>
            <node type="1" id="30">
                <location>
                    <euclidean>
                        <cx>90.0</cx>
                        <cy>15.0</cy>
                    </euclidean>
                </location>
            </node>
            <node type="1" id="34">
                <location>
                    <euclidean>
                        <cx>85.0</cx>
                        <cy>1.0</cy>
                    </euclidean>
                </location>
            </node>
            <node type="1" id="35">
                <location>
                    <euclidean>
                        <cx>87.0</cx>
                        <cy>5.0</cy>
                    </euclidean>
                </location>
            </node>
            <node type="1" id="32">
                <location>
                    <euclidean>
                        <cx>84.0</cx>
                        <cy>5.0</cy>
                    </euclidean>
                </location>
            </node>
            <node type="1" id="33">
                <location>
                    <euclidean>
                        <cx>84.0</cx>
                        <cy>9.0</cy>
                    </euclidean>
                </location>
            </node>
            <node type="1" id="38">
                <location>
                    <euclidean>
                        <cx>86.0</cx>
                        <cy>41.0</cy>
                    </euclidean>
                </location>
            </node>
            <node type="1" id="39">
                <location>
                    <euclidean>
                        <cx>86.0</cx>
                        <cy>44.0</cy>
                    </euclidean>
                </location>
            </node>
            <node type="1" id="36">
                <location>
                    <euclidean>
                        <cx>85.0</cx>
                        <cy>8.0</cy>
                    </euclidean>
                </location>
            </node>
            <node type="1" id="37">
                <location>
                    <euclidean>
                        <cx>87.0</cx>
                        <cy>7.0</cy>
                    </euclidean>
                </location>
            </node>
            <node type="1" id="42">
                <location>
                    <euclidean>
                        <cx>89.0</cx>
                        <cy>43.0</cy>
                    </euclidean>
                </location>
            </node>
            <node type="1" id="43">
                <location>
                    <euclidean>
                        <cx>89.0</cx>
                        <cy>46.0</cy>
                    </euclidean>
                </location>
            </node>
            <node type="1" id="40">
                <location>
                    <euclidean>
                        <cx>86.0</cx>
                        <cy>46.0</cy>
                    </euclidean>
                </location>
            </node>
            <node type="1" id="41">
                <location>
                    <euclidean>
                        <cx>85.0</cx>
                        <cy>55.0</cy>
                    </euclidean>
                </location>
            </node>
            <node type="1" id="46">
                <location>
                    <euclidean>
                        <cx>92.0</cx>
                        <cy>52.0</cy>
                    </euclidean>
                </location>
            </node>
            <node type="1" id="47">
                <location>
                    <euclidean>
                        <cx>94.0</cx>
                        <cy>42.0</cy>
                    </euclidean>
                </location>
            </node>
            <node type="1" id="44">
                <location>
                    <euclidean>
                        <cx>89.0</cx>
                        <cy>52.0</cy>
                    </euclidean>
                </location>
            </node>
            <node type="1" id="45">
                <location>
                    <euclidean>
                        <cx>92.0</cx>
                        <cy>42.0</cy>
                    </euclidean>
                </location>
            </node>
            <node type="1" id="51">
                <location>
                    <euclidean>
                        <cx>99.0</cx>
                        <cy>46.0</cy>
                    </euclidean>
                </location>
            </node>
            <node type="1" id="50">
                <location>
                    <euclidean>
                        <cx>96.0</cx>
                        <cy>42.0</cy>
                    </euclidean>
                </location>
            </node>
            <node type="1" id="49">
                <location>
                    <euclidean>
                        <cx>94.0</cx>
                        <cy>48.0</cy>
                    </euclidean>
                </location>
            </node>
            <node type="1" id="48">
                <location>
                    <euclidean>
                        <cx>94.0</cx>
                        <cy>44.0</cy>
                    </euclidean>
                </location>
            </node>
            <node type="1" id="55">
                <location>
                    <euclidean>
                        <cx>85.0</cx>
                        <cy>81.0</cy>
                    </euclidean>
                </location>
            </node>
            <node type="1" id="54">
                <location>
                    <euclidean>
                        <cx>83.0</cx>
                        <cy>83.0</cy>
                    </euclidean>
                </location>
            </node>
            <node type="1" id="53">
                <location>
                    <euclidean>
                        <cx>83.0</cx>
                        <cy>80.0</cy>
                    </euclidean>
                </location>
            </node>
            <node type="1" id="52">
                <location>
                    <euclidean>
                        <cx>99.0</cx>
                        <cy>50.0</cy>
                    </euclidean>
                </location>
            </node>
            <node type="1" id="59">
                <location>
                    <euclidean>
                        <cx>87.0</cx>
                        <cy>86.0</cy>
                    </euclidean>
                </location>
            </node>
            <node type="1" id="58">
                <location>
                    <euclidean>
                        <cx>87.0</cx>
                        <cy>80.0</cy>
                    </euclidean>
                </location>
            </node>
            <node type="1" id="57">
                <location>
                    <euclidean>
                        <cx>85.0</cx>
                        <cy>89.0</cy>
                    </euclidean>
                </location>
            </node>
            <node type="1" id="56">
                <location>
                    <euclidean>
                        <cx>85.0</cx>
                        <cy>85.0</cy>
                    </euclidean>
                </location>
            </node>
            <node type="1" id="63">
                <location>
                    <euclidean>
                        <cx>93.0</cx>
                        <cy>84.0</cy>
                    </euclidean>
                </location>
            </node>
            <node type="1" id="62">
                <location>
                    <euclidean>
                        <cx>93.0</cx>
                        <cy>82.0</cy>
                    </euclidean>
                </location>
            </node>
            <node type="1" id="61">
                <location>
                    <euclidean>
                        <cx>90.0</cx>
                        <cy>88.0</cy>
                    </euclidean>
                </location>
            </node>
            <node type="1" id="60">
                <location>
                    <euclidean>
                        <cx>90.0</cx>
                        <cy>77.0</cy>
                    </euclidean>
                </location>
            </node>
            <node type="1" id="68">
                <location>
                    <euclidean>
                        <cx>37.0</cx>
                        <cy>83.0</cy>
                    </euclidean>
                </location>
            </node>
            <node type="1" id="69">
                <location>
                    <euclidean>
                        <cx>50.0</cx>
                        <cy>80.0</cy>
                    </euclidean>
                </location>
            </node>
            <node type="1" id="70">
                <location>
                    <euclidean>
                        <cx>35.0</cx>
                        <cy>85.0</cy>
                    </euclidean>
                </location>
            </node>
            <node type="1" id="71">
                <location>
                    <euclidean>
                        <cx>35.0</cx>
                        <cy>87.0</cy>
                    </euclidean>
                </location>
            </node>
            <node type="1" id="64">
                <location>
                    <euclidean>
                        <cx>93.0</cx>
                        <cy>89.0</cy>
                    </euclidean>
                </location>
            </node>
            <node type="1" id="65">
                <location>
                    <euclidean>
                        <cx>94.0</cx>
                        <cy>86.0</cy>
                    </euclidean>
                </location>
            </node>
            <node type="1" id="66">
                <location>
                    <euclidean>
                        <cx>95.0</cx>
                        <cy>80.0</cy>
                    </euclidean>
                </location>
            </node>
            <node type="1" id="67">
                <location>
                    <euclidean>
                        <cx>99.0</cx>
                        <cy>89.0</cy>
                    </euclidean>
                </location>
            </node>
            <node type="1" id="76">
                <location>
                    <euclidean>
                        <cx>46.0</cx>
                        <cy>89.0</cy>
                    </euclidean>
                </location>
            </node>
            <node type="1" id="77">
                <location>
                    <euclidean>
                        <cx>48.0</cx>
                        <cy>83.0</cy>
                    </euclidean>
                </location>
            </node>
            <node type="1" id="78">
                <location>
                    <euclidean>
                        <cx>50.0</cx>
                        <cy>85.0</cy>
                    </euclidean>
                </location>
            </node>
            <node type="1" id="79">
                <location>
                    <euclidean>
                        <cx>50.0</cx>
                        <cy>88.0</cy>
                    </euclidean>
                </location>
            </node>
            <node type="1" id="72">
                <location>
                    <euclidean>
                        <cx>44.0</cx>
                        <cy>86.0</cy>
                    </euclidean>
                </location>
            </node>
            <node type="1" id="73">
                <location>
                    <euclidean>
                        <cx>46.0</cx>
                        <cy>89.0</cy>
                    </euclidean>
                </location>
            </node>
            <node type="1" id="74">
                <location>
                    <euclidean>
                        <cx>46.0</cx>
                        <cy>83.0</cy>
                    </euclidean>
                </location>
            </node>
            <node type="1" id="75">
                <location>
                    <euclidean>
                        <cx>46.0</cx>
                        <cy>87.0</cy>
                    </euclidean>
                </location>
            </node>
            <node type="1" id="85">
                <location>
                    <euclidean>
                        <cx>17.0</cx>
                        <cy>35.0</cy>
                    </euclidean>
                </location>
            </node>
            <node type="1" id="84">
                <location>
                    <euclidean>
                        <cx>18.0</cx>
                        <cy>30.0</cy>
                    </euclidean>
                </location>
            </node>
            <node type="1" id="87">
                <location>
                    <euclidean>
                        <cx>14.0</cx>
                        <cy>40.0</cy>
                    </euclidean>
                </location>
            </node>
            <node type="1" id="86">
                <location>
                    <euclidean>
                        <cx>16.0</cx>
                        <cy>38.0</cy>
                    </euclidean>
                </location>
            </node>
            <node type="1" id="81">
                <location>
                    <euclidean>
                        <cx>54.0</cx>
                        <cy>90.0</cy>
                    </euclidean>
                </location>
            </node>
            <node type="1" id="80">
                <location>
                    <euclidean>
                        <cx>54.0</cx>
                        <cy>86.0</cy>
                    </euclidean>
                </location>
            </node>
            <node type="1" id="83">
                <location>
                    <euclidean>
                        <cx>10.0</cx>
                        <cy>40.0</cy>
                    </euclidean>
                </location>
            </node>
            <node type="1" id="82">
                <location>
                    <euclidean>
                        <cx>10.0</cx>
                        <cy>35.0</cy>
                    </euclidean>
                </location>
            </node>
            <node type="1" id="93">
                <location>
                    <euclidean>
                        <cx>18.0</cx>
                        <cy>41.0</cy>
                    </euclidean>
                </location>
            </node>
            <node type="1" id="92">
                <location>
                    <euclidean>
                        <cx>20.0</cx>
                        <cy>40.0</cy>
                    </euclidean>
                </location>
            </node>
            <node type="1" id="95">
                <location>
                    <euclidean>
                        <cx>22.0</cx>
                        <cy>44.0</cy>
                    </euclidean>
                </location>
            </node>
            <node type="1" id="94">
                <location>
                    <euclidean>
                        <cx>20.0</cx>
                        <cy>44.0</cy>
                    </euclidean>
                </location>
            </node>
            <node type="1" id="89">
                <location>
                    <euclidean>
                        <cx>11.0</cx>
                        <cy>42.0</cy>
                    </euclidean>
                </location>
            </node>
            <node type="1" id="88">
                <location>
                    <euclidean>
                        <cx>15.0</cx>
                        <cy>42.0</cy>
                    </euclidean>
                </location>
            </node>
            <node type="1" id="91">
                <location>
                    <euclidean>
                        <cx>21.0</cx>
                        <cy>39.0</cy>
                    </euclidean>
                </location>
            </node>
            <node type="1" id="90">
                <location>
                    <euclidean>
                        <cx>18.0</cx>
                        <cy>40.0</cy>
                    </euclidean>
                </location>
            </node>
            <node type="1" id="102">
                <location>
                    <euclidean>
                        <cx>18.0</cx>
                        <cy>49.0</cy>
                    </euclidean>
                </location>
            </node>
            <node type="1" id="103">
                <location>
                    <euclidean>
                        <cx>16.0</cx>
                        <cy>48.0</cy>
                    </euclidean>
                </location>
            </node>
            <node type="1" id="100">
                <location>
                    <euclidean>
                        <cx>20.0</cx>
                        <cy>50.0</cy>
                    </euclidean>
                </location>
            </node>
            <node type="1" id="101">
                <location>
                    <euclidean>
                        <cx>22.0</cx>
                        <cy>51.0</cy>
                    </euclidean>
                </location>
            </node>
            <node type="1" id="98">
                <location>
                    <euclidean>
                        <cx>25.0</cx>
                        <cy>45.0</cy>
                    </euclidean>
                </location>
            </node>
            <node type="1" id="99">
                <location>
                    <euclidean>
                        <cx>30.0</cx>
                        <cy>55.0</cy>
                    </euclidean>
                </location>
            </node>
            <node type="1" id="96">
                <location>
                    <euclidean>
                        <cx>16.0</cx>
                        <cy>45.0</cy>
                    </euclidean>
                </location>
            </node>
            <node type="1" id="97">
                <location>
                    <euclidean>
                        <cx>20.0</cx>
                        <cy>45.0</cy>
                    </euclidean>
                </location>
            </node>
            <node type="1" id="110">
                <location>
                    <euclidean>
                        <cx>33.0</cx>
                        <cy>38.0</cy>
                    </euclidean>
                </location>
            </node>
            <node type="1" id="111">
                <location>
                    <euclidean>
                        <cx>30.0</cx>
                        <cy>50.0</cy>
                    </euclidean>
                </location>
            </node>
            <node type="1" id="108">
                <location>
                    <euclidean>
                        <cx>16.0</cx>
                        <cy>54.0</cy>
                    </euclidean>
                </location>
            </node>
            <node type="1" id="109">
                <location>
                    <euclidean>
                        <cx>28.0</cx>
                        <cy>33.0</cy>
                    </euclidean>
                </location>
            </node>
            <node type="1" id="106">
                <location>
                    <euclidean>
                        <cx>14.0</cx>
                        <cy>50.0</cy>
                    </euclidean>
                </location>
            </node>
            <node type="1" id="107">
                <location>
                    <euclidean>
                        <cx>15.0</cx>
                        <cy>51.0</cy>
                    </euclidean>
                </location>
            </node>
            <node type="1" id="104">
                <location>
                    <euclidean>
                        <cx>20.0</cx>
                        <cy>55.0</cy>
                    </euclidean>
                </location>
            </node>
            <node type="1" id="105">
                <location>
                    <euclidean>
                        <cx>18.0</cx>
                        <cy>53.0</cy>
                    </euclidean>
                </location>
            </node>
            <node type="1" id="119">
                <location>
                    <euclidean>
                        <cx>25.0</cx>
                        <cy>35.0</cy>
                    </euclidean>
                </location>
            </node>
            <node type="1" id="118">
                <location>
                    <euclidean>
                        <cx>16.0</cx>
                        <cy>33.0</cy>
                    </euclidean>
                </location>
            </node>
            <node type="1" id="117">
                <location>
                    <euclidean>
                        <cx>25.0</cx>
                        <cy>52.0</cy>
                    </euclidean>
                </location>
            </node>
            <node type="1" id="116">
                <location>
                    <euclidean>
                        <cx>30.0</cx>
                        <cy>46.0</cy>
                    </euclidean>
                </location>
            </node>
            <node type="1" id="115">
                <location>
                    <euclidean>
                        <cx>25.0</cx>
                        <cy>37.0</cy>
                    </euclidean>
                </location>
            </node>
            <node type="1" id="114">
                <location>
                    <euclidean>
                        <cx>18.0</cx>
                        <cy>31.0</cy>
                    </euclidean>
                </location>
            </node>
            <node type="1" id="113">
                <location>
                    <euclidean>
                        <cx>15.0</cx>
                        <cy>36.0</cy>
                    </euclidean>
                </location>
            </node>
            <node type="1" id="112">
                <location>
                    <euclidean>
                        <cx>13.0</cx>
                        <cy>40.0</cy>
                    </euclidean>
                </location>
            </node>
            <node type="1" id="121">
                <location>
                    <euclidean>
                        <cx>5.0</cx>
                        <cy>50.0</cy>
                    </euclidean>
                </location>
            </node>
            <node type="1" id="120">
                <location>
                    <euclidean>
                        <cx>5.0</cx>
                        <cy>40.0</cy>
                    </euclidean>
                </location>
            </node>
        </nodes>
        <descriptor>
            <isComplete>true</isComplete>
            <distanceType>EUC_2D</distanceType>
            <roundingRule>NEAREST[0]</roundingRule>
        </descriptor>
    </network>
    <fleet>
        <vehicle type="0">
            <number>7</number>
            <capacity>200.0</capacity>
        </vehicle>
    </fleet>
    <requests>
        <request node="2" id="2">
            <demand type="0">25</demand>
        </request>
        <request node="3" id="3">
            <demand type="0">7</demand>
        </request>
        <request node="4" id="4">
            <demand type="0">13</demand>
        </request>
        <request node="5" id="5">
            <demand type="0">6</demand>
        </request>
        <request node="6" id="6">
            <demand type="0">14</demand>
        </request>
        <request node="7" id="7">
            <demand type="0">5</demand>
        </request>
        <request node="8" id="8">
            <demand type="0">11</demand>
        </request>
        <request node="9" id="9">
            <demand type="0">19</demand>
        </request>
        <request node="10" id="10">
            <demand type="0">5</demand>
        </request>
        <request node="11" id="11">
            <demand type="0">15</demand>
        </request>
        <request node="12" id="12">
            <demand type="0">15</demand>
        </request>
        <request node="13" id="13">
            <demand type="0">17</demand>
        </request>
        <request node="14" id="14">
            <demand type="0">13</demand>
        </request>
        <request node="15" id="15">
            <demand type="0">12</demand>
        </request>
        <request node="17" id="17">
            <demand type="0">13</demand>
        </request>
        <request node="16" id="16">
            <demand type="0">18</demand>
        </request>
        <request node="19" id="19">
            <demand type="0">12</demand>
        </request>
        <request node="18" id="18">
            <demand type="0">18</demand>
        </request>
        <request node="21" id="21">
            <demand type="0">4</demand>
        </request>
        <request node="20" id="20">
            <demand type="0">17</demand>
        </request>
        <request node="23" id="23">
            <demand type="0">12</demand>
        </request>
        <request node="22" id="22">
            <demand type="0">7</demand>
        </request>
        <request node="25" id="25">
            <demand type="0">8</demand>
        </request>
        <request node="24" id="24">
            <demand type="0">13</demand>
        </request>
        <request node="27" id="27">
            <demand type="0">15</demand>
        </request>
        <request node="26" id="26">
            <demand type="0">16</demand>
        </request>
        <request node="29" id="29">
            <demand type="0">5</demand>
        </request>
        <request node="28" id="28">
            <demand type="0">6</demand>
        </request>
        <request node="31" id="31">
            <demand type="0">11</demand>
        </request>
        <request node="30" id="30">
            <demand type="0">9</demand>
        </request>
        <request node="34" id="34">
            <demand type="0">7</demand>
        </request>
        <request node="35" id="35">
            <demand type="0">2</demand>
        </request>
        <request node="32" id="32">
            <demand type="0">10</demand>
        </request>
        <request node="33" id="33">
            <demand type="0">3</demand>
        </request>
        <request node="38" id="38">
            <demand type="0">18</demand>
        </request>
        <request node="39" id="39">
            <demand type="0">14</demand>
        </request>
        <request node="36" id="36">
            <demand type="0">4</demand>
        </request>
        <request node="37" id="37">
            <demand type="0">4</demand>
        </request>
        <request node="42" id="42">
            <demand type="0">20</demand>
        </request>
        <request node="43" id="43">
            <demand type="0">14</demand>
        </request>
        <request node="40" id="40">
            <demand type="0">12</demand>
        </request>
        <request node="41" id="41">
            <demand type="0">17</demand>
        </request>
        <request node="46" id="46">
            <demand type="0">9</demand>
        </request>
        <request node="47" id="47">
            <demand type="0">11</demand>
        </request>
        <request node="44" id="44">
            <demand type="0">16</demand>
        </request>
        <request node="45" id="45">
            <demand type="0">10</demand>
        </request>
        <request node="51" id="51">
            <demand type="0">4</demand>
        </request>
        <request node="50" id="50">
            <demand type="0">5</demand>
        </request>
        <request node="49" id="49">
            <demand type="0">13</demand>
        </request>
        <request node="48" id="48">
            <demand type="0">7</demand>
        </request>
        <request node="55" id="55">
            <demand type="0">12</demand>
        </request>
        <request node="54" id="54">
            <demand type="0">11</demand>
        </request>
        <request node="53" id="53">
            <demand type="0">13</demand>
        </request>
        <request node="52" id="52">
            <demand type="0">21</demand>
        </request>
        <request node="59" id="59">
            <demand type="0">16</demand>
        </request>
        <request node="58" id="58">
            <demand type="0">8</demand>
        </request>
        <request node="57" id="57">
            <demand type="0">10</demand>
        </request>
        <request node="56" id="56">
            <demand type="0">14</demand>
        </request>
        <request node="63" id="63">
            <demand type="0">7</demand>
        </request>
        <request node="62" id="62">
            <demand type="0">17</demand>
        </request>
        <request node="61" id="61">
            <demand type="0">5</demand>
        </request>
        <request node="60" id="60">
            <demand type="0">19</demand>
        </request>
        <request node="68" id="68">
            <demand type="0">17</demand>
        </request>
        <request node="69" id="69">
            <demand type="0">13</demand>
        </request>
        <request node="70" id="70">
            <demand type="0">14</demand>
        </request>
        <request node="71" id="71">
            <demand type="0">16</demand>
        </request>
        <request node="64" id="64">
            <demand type="0">16</demand>
        </request>
        <request node="65" id="65">
            <demand type="0">14</demand>
        </request>
        <request node="66" id="66">
            <demand type="0">17</demand>
        </request>
        <request node="67" id="67">
            <demand type="0">13</demand>
        </request>
        <request node="76" id="76">
            <demand type="0">35</demand>
        </request>
        <request node="77" id="77">
            <demand type="0">5</demand>
        </request>
        <request node="78" id="78">
            <demand type="0">28</demand>
        </request>
        <request node="79" id="79">
            <demand type="0">7</demand>
        </request>
        <request node="72" id="72">
            <demand type="0">7</demand>
        </request>
        <request node="73" id="73">
            <demand type="0">13</demand>
        </request>
        <request node="74" id="74">
            <demand type="0">9</demand>
        </request>
        <request node="75" id="75">
            <demand type="0">11</demand>
        </request>
        <request node="85" id="85">
            <demand type="0">10</demand>
        </request>
        <request node="84" id="84">
            <demand type="0">11</demand>
        </request>
        <request node="87" id="87">
            <demand type="0">11</demand>
        </request>
        <request node="86" id="86">
            <demand type="0">8</demand>
        </request>
        <request node="81" id="81">
            <demand type="0">10</demand>
        </request>
        <request node="80" id="80">
            <demand type="0">3</demand>
        </request>
        <request node="83" id="83">
            <demand type="0">12</demand>
        </request>
        <request node="82" id="82">
            <demand type="0">7</demand>
        </request>
        <request node="93" id="93">
            <demand type="0">16</demand>
        </request>
        <request node="92" id="92">
            <demand type="0">4</demand>
        </request>
        <request node="95" id="95">
            <demand type="0">10</demand>
        </request>
        <request node="94" id="94">
            <demand type="0">7</demand>
        </request>
        <request node="89" id="89">
            <demand type="0">4</demand>
        </request>
        <request node="88" id="88">
            <demand type="0">21</demand>
        </request>
        <request node="91" id="91">
            <demand type="0">16</demand>
        </request>
        <request node="90" id="90">
            <demand type="0">15</demand>
        </request>
        <request node="102" id="102">
            <demand type="0">9</demand>
        </request>
        <request node="103" id="103">
            <demand type="0">11</demand>
        </request>
        <request node="100" id="100">
            <demand type="0">11</demand>
        </request>
        <request node="101" id="101">
            <demand type="0">7</demand>
        </request>
        <request node="98" id="98">
            <demand type="0">17</demand>
        </request>
        <request node="99" id="99">
            <demand type="0">12</demand>
        </request>
        <request node="96" id="96">
            <demand type="0">9</demand>
        </request>
        <request node="97" id="97">
            <demand type="0">11</demand>
        </request>
        <request node="110" id="110">
            <demand type="0">13</demand>
        </request>
        <request node="111" id="111">
            <demand type="0">7</demand>
        </request>
        <request node="108" id="108">
            <demand type="0">5</demand>
        </request>
        <request node="109" id="109">
            <demand type="0">12</demand>
        </request>
        <request node="106" id="106">
            <demand type="0">8</demand>
        </request>
        <request node="107" id="107">
            <demand type="0">6</demand>
        </request>
        <request node="104" id="104">
            <demand type="0">12</demand>
        </request>
        <request node="105" id="105">
            <demand type="0">7</demand>
        </request>
        <request node="119" id="119">
            <demand type="0">4</demand>
        </request>
        <request node="118" id="118">
            <demand type="0">7</demand>
        </request>
        <request node="117" id="117">
            <demand type="0">10</demand>
        </request>
        <request node="116" id="116">
            <demand type="0">11</demand>
        </request>
        <request node="115" id="115">
            <demand type="0">13</demand>
        </request>
        <request node="114" id="114">
            <demand type="0">11</demand>
        </request>
        <request node="113" id="113">
            <demand type="0">8</demand>
        </request>
        <request node="112" id="112">
            <demand type="0">7</demand>
        </request>
        <request node="121" id="121">
            <demand type="0">13</demand>
        </request>
        <request node="120" id="120">
            <demand type="0">20</demand>
        </request>
    </requests>
</instance>
