<?xml version="1.0" encoding="UTF-8" standalone="yes"?>
<instance>
    <info>
        <name>Pillac_TRSP_R6</name>
        <problem>TRSP</problem>
        <reference>Pillac, V., Object oriented modules for dynamic vehicle routing, Ph.D. thesis, Ecole des Mines de Nantes, Universidad de Los Andes, 2012</reference>
        <contributor>
            <name>Victor Pillac</name>
            <email>vpillac@mines-nantes.fr</email>
        </contributor>
    </info>
    <requests>
        <request id="0" node="5">
            <tw>
                <start isHard="true">615</start>
                <end isHard="true">630</end>
            </tw>
            <serviceTime>45</serviceTime>
        </request>
        <request id="1" node="6">
            <tw>
                <start isHard="true">0</start>
                <end isHard="true">1440</end>
            </tw>
            <serviceTime>45</serviceTime>
        </request>
        <request id="2" node="7">
            <tw>
                <start isHard="true">0</start>
                <end isHard="true">1080</end>
            </tw>
            <serviceTime>45</serviceTime>
        </request>
        <request id="3" node="8">
            <tw>
                <start isHard="true">0</start>
                <end isHard="true">1080</end>
            </tw>
            <serviceTime>45</serviceTime>
        </request>
        <request id="4" node="9">
            <tw>
                <start isHard="true">825</start>
                <end isHard="true">840</end>
            </tw>
            <serviceTime>45</serviceTime>
        </request>
        <request id="5" node="10">
            <tw>
                <start isHard="true">0</start>
                <end isHard="true">1440</end>
            </tw>
            <serviceTime>45</serviceTime>
        </request>
        <request id="6" node="11">
            <tw>
                <start isHard="true">0</start>
                <end isHard="true">1440</end>
            </tw>
            <serviceTime>90</serviceTime>
        </request>
        <request id="7" node="12">
            <tw>
                <start isHard="true">525</start>
                <end isHard="true">540</end>
            </tw>
            <serviceTime>45</serviceTime>
        </request>
        <request id="8" node="13">
            <tw>
                <start isHard="true">0</start>
                <end isHard="true">1440</end>
            </tw>
            <serviceTime>45</serviceTime>
        </request>
        <request id="9" node="14">
            <tw>
                <start isHard="true">765</start>
                <end isHard="true">780</end>
            </tw>
            <serviceTime>45</serviceTime>
        </request>
        <request id="10" node="15">
            <tw>
                <start isHard="true">855</start>
                <end isHard="true">870</end>
            </tw>
            <serviceTime>45</serviceTime>
        </request>
        <request id="11" node="16">
            <tw>
                <start isHard="true">0</start>
                <end isHard="true">1080</end>
            </tw>
            <serviceTime>45</serviceTime>
        </request>
        <request id="12" node="17">
            <tw>
                <start isHard="true">0</start>
                <end isHard="true">1440</end>
            </tw>
            <serviceTime>45</serviceTime>
        </request>
        <request id="13" node="18">
            <tw>
                <start isHard="true">0</start>
                <end isHard="true">1080</end>
            </tw>
            <serviceTime>45</serviceTime>
        </request>
        <request id="14" node="19">
            <tw>
                <start isHard="true">0</start>
                <end isHard="true">1440</end>
            </tw>
            <serviceTime>45</serviceTime>
        </request>
        <request id="15" node="20">
            <tw>
                <start isHard="true">465</start>
                <end isHard="true">480</end>
            </tw>
            <serviceTime>45</serviceTime>
        </request>
        <request id="16" node="21">
            <tw>
                <start isHard="true">825</start>
                <end isHard="true">840</end>
            </tw>
            <serviceTime>45</serviceTime>
        </request>
        <request id="17" node="22">
            <tw>
                <start isHard="true">0</start>
                <end isHard="true">1080</end>
            </tw>
            <serviceTime>45</serviceTime>
        </request>
    </requests>
    <network>
        <nodes>
            <node id="0" type="0">
                <location>
                    <euclidean>
                        <cx>0.0</cx>
                        <cy>0.0</cy>
                    </euclidean>
                </location>
            </node>
            <node id="1" type="1">
                <location>
                    <euclidean>
                        <cx>0.0</cx>
                        <cy>0.0</cy>
                    </euclidean>
                </location>
            </node>
            <node id="2" type="1">
                <location>
                    <euclidean>
                        <cx>0.0</cx>
                        <cy>0.0</cy>
                    </euclidean>
                </location>
            </node>
            <node id="3" type="1">
                <location>
                    <euclidean>
                        <cx>0.0</cx>
                        <cy>0.0</cy>
                    </euclidean>
                </location>
            </node>
            <node id="4" type="1">
                <location>
                    <euclidean>
                        <cx>0.0</cx>
                        <cy>0.0</cy>
                    </euclidean>
                </location>
            </node>
            <node id="5" type="2">
                <location>
                    <euclidean>
                        <cx>0.0</cx>
                        <cy>0.0</cy>
                    </euclidean>
                </location>
            </node>
            <node id="6" type="2">
                <location>
                    <euclidean>
                        <cx>0.0</cx>
                        <cy>0.0</cy>
                    </euclidean>
                </location>
            </node>
            <node id="7" type="2">
                <location>
                    <euclidean>
                        <cx>0.0</cx>
                        <cy>0.0</cy>
                    </euclidean>
                </location>
            </node>
            <node id="8" type="2">
                <location>
                    <euclidean>
                        <cx>0.0</cx>
                        <cy>0.0</cy>
                    </euclidean>
                </location>
            </node>
            <node id="9" type="2">
                <location>
                    <euclidean>
                        <cx>0.0</cx>
                        <cy>0.0</cy>
                    </euclidean>
                </location>
            </node>
            <node id="10" type="2">
                <location>
                    <euclidean>
                        <cx>0.0</cx>
                        <cy>0.0</cy>
                    </euclidean>
                </location>
            </node>
            <node id="11" type="2">
                <location>
                    <euclidean>
                        <cx>0.0</cx>
                        <cy>0.0</cy>
                    </euclidean>
                </location>
            </node>
            <node id="12" type="2">
                <location>
                    <euclidean>
                        <cx>0.0</cx>
                        <cy>0.0</cy>
                    </euclidean>
                </location>
            </node>
            <node id="13" type="2">
                <location>
                    <euclidean>
                        <cx>0.0</cx>
                        <cy>0.0</cy>
                    </euclidean>
                </location>
            </node>
            <node id="14" type="2">
                <location>
                    <euclidean>
                        <cx>0.0</cx>
                        <cy>0.0</cy>
                    </euclidean>
                </location>
            </node>
            <node id="15" type="2">
                <location>
                    <euclidean>
                        <cx>0.0</cx>
                        <cy>0.0</cy>
                    </euclidean>
                </location>
            </node>
            <node id="16" type="2">
                <location>
                    <euclidean>
                        <cx>0.0</cx>
                        <cy>0.0</cy>
                    </euclidean>
                </location>
            </node>
            <node id="17" type="2">
                <location>
                    <euclidean>
                        <cx>0.0</cx>
                        <cy>0.0</cy>
                    </euclidean>
                </location>
            </node>
            <node id="18" type="2">
                <location>
                    <euclidean>
                        <cx>0.0</cx>
                        <cy>0.0</cy>
                    </euclidean>
                </location>
            </node>
            <node id="19" type="2">
                <location>
                    <euclidean>
                        <cx>0.0</cx>
                        <cy>0.0</cy>
                    </euclidean>
                </location>
            </node>
            <node id="20" type="2">
                <location>
                    <euclidean>
                        <cx>0.0</cx>
                        <cy>0.0</cy>
                    </euclidean>
                </location>
            </node>
            <node id="21" type="2">
                <location>
                    <euclidean>
                        <cx>0.0</cx>
                        <cy>0.0</cy>
                    </euclidean>
                </location>
            </node>
            <node id="22" type="2">
                <location>
                    <euclidean>
                        <cx>0.0</cx>
                        <cy>0.0</cy>
                    </euclidean>
                </location>
            </node>
        </nodes>
        <links>
            <link tail="0" head="1" directed="false">
                <length>0.0</length>
                <time>0</time>
            </link>
            <link tail="0" head="2" directed="false">
                <length>0.0</length>
                <time>0</time>
            </link>
            <link tail="0" head="3" directed="false">
                <length>0.0</length>
                <time>0</time>
            </link>
            <link tail="0" head="4" directed="false">
                <length>0.0</length>
                <time>0</time>
            </link>
            <link tail="0" head="5" directed="false">
                <length>77.74</length>
                <time>68.467</time>
            </link>
            <link tail="0" head="6" directed="false">
                <length>86.67</length>
                <time>82.833</time>
            </link>
            <link tail="0" head="7" directed="false">
                <length>71.21</length>
                <time>64.817</time>
            </link>
            <link tail="0" head="8" directed="false">
                <length>72.88</length>
                <time>69.083</time>
            </link>
            <link tail="0" head="9" directed="false">
                <length>21.41</length>
                <time>21.967</time>
            </link>
            <link tail="0" head="10" directed="false">
                <length>71.47</length>
                <time>65.233</time>
            </link>
            <link tail="0" head="11" directed="false">
                <length>76.37</length>
                <time>71.833</time>
            </link>
            <link tail="0" head="12" directed="false">
                <length>6.82</length>
                <time>11.917</time>
            </link>
            <link tail="0" head="13" directed="false">
                <length>16.64</length>
                <time>18.25</time>
            </link>
            <link tail="0" head="14" directed="false">
                <length>4.71</length>
                <time>7.467</time>
            </link>
            <link tail="0" head="15" directed="false">
                <length>7.94</length>
                <time>10.7</time>
            </link>
            <link tail="0" head="16" directed="false">
                <length>7.59</length>
                <time>12.75</time>
            </link>
            <link tail="0" head="17" directed="false">
                <length>13.73</length>
                <time>17.717</time>
            </link>
            <link tail="0" head="18" directed="false">
                <length>1.74</length>
                <time>5.4</time>
            </link>
            <link tail="0" head="19" directed="false">
                <length>7.05</length>
                <time>10.933</time>
            </link>
            <link tail="0" head="20" directed="false">
                <length>47.1</length>
                <time>40.033</time>
            </link>
            <link tail="0" head="21" directed="false">
                <length>44.21</length>
                <time>44.05</time>
            </link>
            <link tail="0" head="22" directed="false">
                <length>48.59</length>
                <time>42.4</time>
            </link>
            <link tail="1" head="2" directed="false">
                <length>0.0</length>
                <time>0</time>
            </link>
            <link tail="1" head="3" directed="false">
                <length>0.0</length>
                <time>0</time>
            </link>
            <link tail="1" head="4" directed="false">
                <length>0.0</length>
                <time>0</time>
            </link>
            <link tail="1" head="5" directed="false">
                <length>77.74</length>
                <time>68.467</time>
            </link>
            <link tail="1" head="6" directed="false">
                <length>86.67</length>
                <time>82.833</time>
            </link>
            <link tail="1" head="7" directed="false">
                <length>71.21</length>
                <time>64.817</time>
            </link>
            <link tail="1" head="8" directed="false">
                <length>72.88</length>
                <time>69.083</time>
            </link>
            <link tail="1" head="9" directed="false">
                <length>21.41</length>
                <time>21.967</time>
            </link>
            <link tail="1" head="10" directed="false">
                <length>71.47</length>
                <time>65.233</time>
            </link>
            <link tail="1" head="11" directed="false">
                <length>76.37</length>
                <time>71.833</time>
            </link>
            <link tail="1" head="12" directed="false">
                <length>6.82</length>
                <time>11.917</time>
            </link>
            <link tail="1" head="13" directed="false">
                <length>16.64</length>
                <time>18.25</time>
            </link>
            <link tail="1" head="14" directed="false">
                <length>4.71</length>
                <time>7.467</time>
            </link>
            <link tail="1" head="15" directed="false">
                <length>7.94</length>
                <time>10.7</time>
            </link>
            <link tail="1" head="16" directed="false">
                <length>7.59</length>
                <time>12.75</time>
            </link>
            <link tail="1" head="17" directed="false">
                <length>13.73</length>
                <time>17.717</time>
            </link>
            <link tail="1" head="18" directed="false">
                <length>1.74</length>
                <time>5.4</time>
            </link>
            <link tail="1" head="19" directed="false">
                <length>7.05</length>
                <time>10.933</time>
            </link>
            <link tail="1" head="20" directed="false">
                <length>47.1</length>
                <time>40.033</time>
            </link>
            <link tail="1" head="21" directed="false">
                <length>44.21</length>
                <time>44.05</time>
            </link>
            <link tail="1" head="22" directed="false">
                <length>48.59</length>
                <time>42.4</time>
            </link>
            <link tail="2" head="3" directed="false">
                <length>0.0</length>
                <time>0</time>
            </link>
            <link tail="2" head="4" directed="false">
                <length>0.0</length>
                <time>0</time>
            </link>
            <link tail="2" head="5" directed="false">
                <length>77.74</length>
                <time>68.467</time>
            </link>
            <link tail="2" head="6" directed="false">
                <length>86.67</length>
                <time>82.833</time>
            </link>
            <link tail="2" head="7" directed="false">
                <length>71.21</length>
                <time>64.817</time>
            </link>
            <link tail="2" head="8" directed="false">
                <length>72.88</length>
                <time>69.083</time>
            </link>
            <link tail="2" head="9" directed="false">
                <length>21.41</length>
                <time>21.967</time>
            </link>
            <link tail="2" head="10" directed="false">
                <length>71.47</length>
                <time>65.233</time>
            </link>
            <link tail="2" head="11" directed="false">
                <length>76.37</length>
                <time>71.833</time>
            </link>
            <link tail="2" head="12" directed="false">
                <length>6.82</length>
                <time>11.917</time>
            </link>
            <link tail="2" head="13" directed="false">
                <length>16.64</length>
                <time>18.25</time>
            </link>
            <link tail="2" head="14" directed="false">
                <length>4.71</length>
                <time>7.467</time>
            </link>
            <link tail="2" head="15" directed="false">
                <length>7.94</length>
                <time>10.7</time>
            </link>
            <link tail="2" head="16" directed="false">
                <length>7.59</length>
                <time>12.75</time>
            </link>
            <link tail="2" head="17" directed="false">
                <length>13.73</length>
                <time>17.717</time>
            </link>
            <link tail="2" head="18" directed="false">
                <length>1.74</length>
                <time>5.4</time>
            </link>
            <link tail="2" head="19" directed="false">
                <length>7.05</length>
                <time>10.933</time>
            </link>
            <link tail="2" head="20" directed="false">
                <length>47.1</length>
                <time>40.033</time>
            </link>
            <link tail="2" head="21" directed="false">
                <length>44.21</length>
                <time>44.05</time>
            </link>
            <link tail="2" head="22" directed="false">
                <length>48.59</length>
                <time>42.4</time>
            </link>
            <link tail="3" head="4" directed="false">
                <length>0.0</length>
                <time>0</time>
            </link>
            <link tail="3" head="5" directed="false">
                <length>77.74</length>
                <time>68.467</time>
            </link>
            <link tail="3" head="6" directed="false">
                <length>86.67</length>
                <time>82.833</time>
            </link>
            <link tail="3" head="7" directed="false">
                <length>71.21</length>
                <time>64.817</time>
            </link>
            <link tail="3" head="8" directed="false">
                <length>72.88</length>
                <time>69.083</time>
            </link>
            <link tail="3" head="9" directed="false">
                <length>21.41</length>
                <time>21.967</time>
            </link>
            <link tail="3" head="10" directed="false">
                <length>71.47</length>
                <time>65.233</time>
            </link>
            <link tail="3" head="11" directed="false">
                <length>76.37</length>
                <time>71.833</time>
            </link>
            <link tail="3" head="12" directed="false">
                <length>6.82</length>
                <time>11.917</time>
            </link>
            <link tail="3" head="13" directed="false">
                <length>16.64</length>
                <time>18.25</time>
            </link>
            <link tail="3" head="14" directed="false">
                <length>4.71</length>
                <time>7.467</time>
            </link>
            <link tail="3" head="15" directed="false">
                <length>7.94</length>
                <time>10.7</time>
            </link>
            <link tail="3" head="16" directed="false">
                <length>7.59</length>
                <time>12.75</time>
            </link>
            <link tail="3" head="17" directed="false">
                <length>13.73</length>
                <time>17.717</time>
            </link>
            <link tail="3" head="18" directed="false">
                <length>1.74</length>
                <time>5.4</time>
            </link>
            <link tail="3" head="19" directed="false">
                <length>7.05</length>
                <time>10.933</time>
            </link>
            <link tail="3" head="20" directed="false">
                <length>47.1</length>
                <time>40.033</time>
            </link>
            <link tail="3" head="21" directed="false">
                <length>44.21</length>
                <time>44.05</time>
            </link>
            <link tail="3" head="22" directed="false">
                <length>48.59</length>
                <time>42.4</time>
            </link>
            <link tail="4" head="5" directed="false">
                <length>77.74</length>
                <time>68.467</time>
            </link>
            <link tail="4" head="6" directed="false">
                <length>86.67</length>
                <time>82.833</time>
            </link>
            <link tail="4" head="7" directed="false">
                <length>71.21</length>
                <time>64.817</time>
            </link>
            <link tail="4" head="8" directed="false">
                <length>72.88</length>
                <time>69.083</time>
            </link>
            <link tail="4" head="9" directed="false">
                <length>21.41</length>
                <time>21.967</time>
            </link>
            <link tail="4" head="10" directed="false">
                <length>71.47</length>
                <time>65.233</time>
            </link>
            <link tail="4" head="11" directed="false">
                <length>76.37</length>
                <time>71.833</time>
            </link>
            <link tail="4" head="12" directed="false">
                <length>6.82</length>
                <time>11.917</time>
            </link>
            <link tail="4" head="13" directed="false">
                <length>16.64</length>
                <time>18.25</time>
            </link>
            <link tail="4" head="14" directed="false">
                <length>4.71</length>
                <time>7.467</time>
            </link>
            <link tail="4" head="15" directed="false">
                <length>7.94</length>
                <time>10.7</time>
            </link>
            <link tail="4" head="16" directed="false">
                <length>7.59</length>
                <time>12.75</time>
            </link>
            <link tail="4" head="17" directed="false">
                <length>13.73</length>
                <time>17.717</time>
            </link>
            <link tail="4" head="18" directed="false">
                <length>1.74</length>
                <time>5.4</time>
            </link>
            <link tail="4" head="19" directed="false">
                <length>7.05</length>
                <time>10.933</time>
            </link>
            <link tail="4" head="20" directed="false">
                <length>47.1</length>
                <time>40.033</time>
            </link>
            <link tail="4" head="21" directed="false">
                <length>44.21</length>
                <time>44.05</time>
            </link>
            <link tail="4" head="22" directed="false">
                <length>48.59</length>
                <time>42.4</time>
            </link>
            <link tail="5" head="6" directed="false">
                <length>28.34</length>
                <time>31.817</time>
            </link>
            <link tail="5" head="7" directed="false">
                <length>19.13</length>
                <time>22.133</time>
            </link>
            <link tail="5" head="8" directed="false">
                <length>7.43</length>
                <time>7.3</time>
            </link>
            <link tail="5" head="9" directed="false">
                <length>57.89</length>
                <time>51.05</time>
            </link>
            <link tail="5" head="10" directed="false">
                <length>19.39</length>
                <time>22.55</time>
            </link>
            <link tail="5" head="11" directed="false">
                <length>24.23</length>
                <time>29.083</time>
            </link>
            <link tail="5" head="12" directed="false">
                <length>83.47</length>
                <time>69.267</time>
            </link>
            <link tail="5" head="13" directed="false">
                <length>77.55</length>
                <time>68.083</time>
            </link>
            <link tail="5" head="14" directed="false">
                <length>80.981</length>
                <time>65.367</time>
            </link>
            <link tail="5" head="15" directed="false">
                <length>71.82</length>
                <time>64.283</time>
            </link>
            <link tail="5" head="16" directed="false">
                <length>72.72</length>
                <time>66.083</time>
            </link>
            <link tail="5" head="17" directed="false">
                <length>66.29</length>
                <time>59.65</time>
            </link>
            <link tail="5" head="18" directed="false">
                <length>76.0</length>
                <time>67.267</time>
            </link>
            <link tail="5" head="19" directed="false">
                <length>81.87</length>
                <time>68.917</time>
            </link>
            <link tail="5" head="20" directed="false">
                <length>62.19</length>
                <time>60.5</time>
            </link>
            <link tail="5" head="21" directed="false">
                <length>75.56</length>
                <time>74.967</time>
            </link>
            <link tail="5" head="22" directed="false">
                <length>62.8</length>
                <time>62.667</time>
            </link>
            <link tail="6" head="7" directed="false">
                <length>15.88</length>
                <time>18.683</time>
            </link>
            <link tail="6" head="8" directed="false">
                <length>20.91</length>
                <time>24.517</time>
            </link>
            <link tail="6" head="9" directed="false">
                <length>66.82</length>
                <time>65.417</time>
            </link>
            <link tail="6" head="10" directed="false">
                <length>16.14</length>
                <time>19.1</time>
            </link>
            <link tail="6" head="11" directed="false">
                <length>11.02</length>
                <time>14.267</time>
            </link>
            <link tail="6" head="12" directed="false">
                <length>92.4</length>
                <time>83.633</time>
            </link>
            <link tail="6" head="13" directed="false">
                <length>86.48</length>
                <time>82.45</time>
            </link>
            <link tail="6" head="14" directed="false">
                <length>89.911</length>
                <time>79.733</time>
            </link>
            <link tail="6" head="15" directed="false">
                <length>80.75</length>
                <time>78.65</time>
            </link>
            <link tail="6" head="16" directed="false">
                <length>81.65</length>
                <time>80.45</time>
            </link>
            <link tail="6" head="17" directed="false">
                <length>75.22</length>
                <time>74.017</time>
            </link>
            <link tail="6" head="18" directed="false">
                <length>84.93</length>
                <time>81.633</time>
            </link>
            <link tail="6" head="19" directed="false">
                <length>90.8</length>
                <time>83.283</time>
            </link>
            <link tail="6" head="20" directed="false">
                <length>65.71</length>
                <time>62.517</time>
            </link>
            <link tail="6" head="21" directed="false">
                <length>79.08</length>
                <time>76.983</time>
            </link>
            <link tail="6" head="22" directed="false">
                <length>66.32</length>
                <time>64.683</time>
            </link>
            <link tail="7" head="8" directed="false">
                <length>14.49</length>
                <time>18.8</time>
            </link>
            <link tail="7" head="9" directed="false">
                <length>51.36</length>
                <time>47.4</time>
            </link>
            <link tail="7" head="10" directed="false">
                <length>0.26</length>
                <time>0.417</time>
            </link>
            <link tail="7" head="11" directed="false">
                <length>5.62</length>
                <time>7.733</time>
            </link>
            <link tail="7" head="12" directed="false">
                <length>76.94</length>
                <time>65.617</time>
            </link>
            <link tail="7" head="13" directed="false">
                <length>71.02</length>
                <time>64.433</time>
            </link>
            <link tail="7" head="14" directed="false">
                <length>74.451</length>
                <time>61.717</time>
            </link>
            <link tail="7" head="15" directed="false">
                <length>65.29</length>
                <time>60.633</time>
            </link>
            <link tail="7" head="16" directed="false">
                <length>66.19</length>
                <time>62.433</time>
            </link>
            <link tail="7" head="17" directed="false">
                <length>59.76</length>
                <time>56</time>
            </link>
            <link tail="7" head="18" directed="false">
                <length>69.47</length>
                <time>63.617</time>
            </link>
            <link tail="7" head="19" directed="false">
                <length>75.34</length>
                <time>65.267</time>
            </link>
            <link tail="7" head="20" directed="false">
                <length>50.25</length>
                <time>44.5</time>
            </link>
            <link tail="7" head="21" directed="false">
                <length>63.62</length>
                <time>58.983</time>
            </link>
            <link tail="7" head="22" directed="false">
                <length>50.86</length>
                <time>46.667</time>
            </link>
            <link tail="8" head="9" directed="false">
                <length>52.93</length>
                <time>51.667</time>
            </link>
            <link tail="8" head="10" directed="false">
                <length>14.67</length>
                <time>19.217</time>
            </link>
            <link tail="8" head="11" directed="false">
                <length>20.11</length>
                <time>23.633</time>
            </link>
            <link tail="8" head="12" directed="false">
                <length>79.32</length>
                <time>69.883</time>
            </link>
            <link tail="8" head="13" directed="false">
                <length>72.59</length>
                <time>68.7</time>
            </link>
            <link tail="8" head="14" directed="false">
                <length>76.021</length>
                <time>65.983</time>
            </link>
            <link tail="8" head="15" directed="false">
                <length>67.67</length>
                <time>65.05</time>
            </link>
            <link tail="8" head="16" directed="false">
                <length>67.76</length>
                <time>66.7</time>
            </link>
            <link tail="8" head="17" directed="false">
                <length>61.33</length>
                <time>60.267</time>
            </link>
            <link tail="8" head="18" directed="false">
                <length>71.85</length>
                <time>68.033</time>
            </link>
            <link tail="8" head="19" directed="false">
                <length>77.72</length>
                <time>69.533</time>
            </link>
            <link tail="8" head="20" directed="false">
                <length>57.46</length>
                <time>57.5</time>
            </link>
            <link tail="8" head="21" directed="false">
                <length>70.83</length>
                <time>71.967</time>
            </link>
            <link tail="8" head="22" directed="false">
                <length>58.07</length>
                <time>59.667</time>
            </link>
            <link tail="9" head="10" directed="false">
                <length>51.57</length>
                <time>47.817</time>
            </link>
            <link tail="9" head="11" directed="false">
                <length>56.4</length>
                <time>54.35</time>
            </link>
            <link tail="9" head="12" directed="false">
                <length>27.73</length>
                <time>22.767</time>
            </link>
            <link tail="9" head="13" directed="false">
                <length>21.81</length>
                <time>21.583</time>
            </link>
            <link tail="9" head="14" directed="false">
                <length>25.241</length>
                <time>18.867</time>
            </link>
            <link tail="9" head="15" directed="false">
                <length>16.08</length>
                <time>17.783</time>
            </link>
            <link tail="9" head="16" directed="false">
                <length>16.98</length>
                <time>19.583</time>
            </link>
            <link tail="9" head="17" directed="false">
                <length>10.55</length>
                <time>13.15</time>
            </link>
            <link tail="9" head="18" directed="false">
                <length>20.26</length>
                <time>20.767</time>
            </link>
            <link tail="9" head="19" directed="false">
                <length>26.13</length>
                <time>22.417</time>
            </link>
            <link tail="9" head="20" directed="false">
                <length>28.87</length>
                <time>28.067</time>
            </link>
            <link tail="9" head="21" directed="false">
                <length>33.6</length>
                <time>32.217</time>
            </link>
            <link tail="9" head="22" directed="false">
                <length>29.47</length>
                <time>30.2</time>
            </link>
            <link tail="10" head="11" directed="false">
                <length>5.88</length>
                <time>8.15</time>
            </link>
            <link tail="10" head="12" directed="false">
                <length>77.2</length>
                <time>66.033</time>
            </link>
            <link tail="10" head="13" directed="false">
                <length>71.28</length>
                <time>64.85</time>
            </link>
            <link tail="10" head="14" directed="false">
                <length>74.711</length>
                <time>62.133</time>
            </link>
            <link tail="10" head="15" directed="false">
                <length>65.55</length>
                <time>61.05</time>
            </link>
            <link tail="10" head="16" directed="false">
                <length>66.45</length>
                <time>62.85</time>
            </link>
            <link tail="10" head="17" directed="false">
                <length>60.02</length>
                <time>56.417</time>
            </link>
            <link tail="10" head="18" directed="false">
                <length>69.73</length>
                <time>64.033</time>
            </link>
            <link tail="10" head="19" directed="false">
                <length>75.6</length>
                <time>65.683</time>
            </link>
            <link tail="10" head="20" directed="false">
                <length>50.51</length>
                <time>44.917</time>
            </link>
            <link tail="10" head="21" directed="false">
                <length>63.88</length>
                <time>59.4</time>
            </link>
            <link tail="10" head="22" directed="false">
                <length>51.12</length>
                <time>47.083</time>
            </link>
            <link tail="11" head="12" directed="false">
                <length>82.1</length>
                <time>72.633</time>
            </link>
            <link tail="11" head="13" directed="false">
                <length>76.18</length>
                <time>71.45</time>
            </link>
            <link tail="11" head="14" directed="false">
                <length>79.611</length>
                <time>68.733</time>
            </link>
            <link tail="11" head="15" directed="false">
                <length>70.45</length>
                <time>67.65</time>
            </link>
            <link tail="11" head="16" directed="false">
                <length>71.35</length>
                <time>69.45</time>
            </link>
            <link tail="11" head="17" directed="false">
                <length>64.92</length>
                <time>63.017</time>
            </link>
            <link tail="11" head="18" directed="false">
                <length>74.63</length>
                <time>70.633</time>
            </link>
            <link tail="11" head="19" directed="false">
                <length>80.5</length>
                <time>72.283</time>
            </link>
            <link tail="11" head="20" directed="false">
                <length>55.41</length>
                <time>51.517</time>
            </link>
            <link tail="11" head="21" directed="false">
                <length>68.78</length>
                <time>66</time>
            </link>
            <link tail="11" head="22" directed="false">
                <length>56.02</length>
                <time>53.683</time>
            </link>
            <link tail="12" head="13" directed="false">
                <length>21.22</length>
                <time>20.983</time>
            </link>
            <link tail="12" head="14" directed="false">
                <length>3.5</length>
                <time>8.033</time>
            </link>
            <link tail="12" head="15" directed="false">
                <length>12.14</length>
                <time>16.817</time>
            </link>
            <link tail="12" head="16" directed="false">
                <length>13.32</length>
                <time>19.883</time>
            </link>
            <link tail="12" head="17" directed="false">
                <length>19.46</length>
                <time>24.85</time>
            </link>
            <link tail="12" head="18" directed="false">
                <length>7.47</length>
                <time>13.433</time>
            </link>
            <link tail="12" head="19" directed="false">
                <length>2.09</length>
                <time>6.55</time>
            </link>
            <link tail="12" head="20" directed="false">
                <length>50.831</length>
                <time>41.033</time>
            </link>
            <link tail="12" head="21" directed="false">
                <length>49.94</length>
                <time>45.217</time>
            </link>
            <link tail="12" head="22" directed="false">
                <length>52.321</length>
                <time>43.317</time>
            </link>
            <link tail="13" head="14" directed="false">
                <length>18.96</length>
                <time>16.65</time>
            </link>
            <link tail="13" head="15" directed="false">
                <length>17.73</length>
                <time>18.383</time>
            </link>
            <link tail="13" head="16" directed="false">
                <length>10.47</length>
                <time>12.45</time>
            </link>
            <link tail="13" head="17" directed="false">
                <length>13.72</length>
                <time>15.1</time>
            </link>
            <link tail="13" head="18" directed="false">
                <length>16.14</length>
                <time>14.3</time>
            </link>
            <link tail="13" head="19" directed="false">
                <length>21.36</length>
                <time>20.2</time>
            </link>
            <link tail="13" head="20" directed="false">
                <length>46.62</length>
                <time>40.317</time>
            </link>
            <link tail="13" head="21" directed="false">
                <length>35.4</length>
                <time>28.833</time>
            </link>
            <link tail="13" head="22" directed="false">
                <length>48.11</length>
                <time>42.567</time>
            </link>
            <link tail="14" head="15" directed="false">
                <length>10.2</length>
                <time>11.967</time>
            </link>
            <link tail="14" head="16" directed="false">
                <length>11.22</length>
                <time>15.433</time>
            </link>
            <link tail="14" head="17" directed="false">
                <length>17.36</length>
                <time>20.4</time>
            </link>
            <link tail="14" head="18" directed="false">
                <length>5.37</length>
                <time>9.033</time>
            </link>
            <link tail="14" head="19" directed="false">
                <length>2.62</length>
                <time>5.45</time>
            </link>
            <link tail="14" head="20" directed="false">
                <length>48.601</length>
                <time>36.467</time>
            </link>
            <link tail="14" head="21" directed="false">
                <length>47.84</length>
                <time>40.617</time>
            </link>
            <link tail="14" head="22" directed="false">
                <length>50.091</length>
                <time>38.717</time>
            </link>
            <link tail="15" head="16" directed="false">
                <length>8.72</length>
                <time>11.85</time>
            </link>
            <link tail="15" head="17" directed="false">
                <length>14.86</length>
                <time>16.817</time>
            </link>
            <link tail="15" head="18" directed="false">
                <length>7.49</length>
                <time>8.833</time>
            </link>
            <link tail="15" head="19" directed="false">
                <length>10.05</length>
                <time>13.733</time>
            </link>
            <link tail="15" head="20" directed="false">
                <length>44.95</length>
                <time>42.967</time>
            </link>
            <link tail="15" head="21" directed="false">
                <length>45.34</length>
                <time>45.6</time>
            </link>
            <link tail="15" head="22" directed="false">
                <length>45.55</length>
                <time>45.25</time>
            </link>
            <link tail="16" head="17" directed="false">
                <length>8.36</length>
                <time>12.4</time>
            </link>
            <link tail="16" head="18" directed="false">
                <length>5.85</length>
                <time>8.483</time>
            </link>
            <link tail="16" head="19" directed="false">
                <length>13.52</length>
                <time>18.433</time>
            </link>
            <link tail="16" head="20" directed="false">
                <length>41.73</length>
                <time>38.217</time>
            </link>
            <link tail="16" head="21" directed="false">
                <length>37.65</length>
                <time>39.017</time>
            </link>
            <link tail="16" head="22" directed="false">
                <length>43.22</length>
                <time>40.5</time>
            </link>
            <link tail="17" head="18" directed="false">
                <length>11.99</length>
                <time>13.45</time>
            </link>
            <link tail="17" head="19" directed="false">
                <length>19.66</length>
                <time>23.4</time>
            </link>
            <link tail="17" head="20" directed="false">
                <length>35.31</length>
                <time>31.783</time>
            </link>
            <link tail="17" head="21" directed="false">
                <length>37.47</length>
                <time>34.917</time>
            </link>
            <link tail="17" head="22" directed="false">
                <length>36.8</length>
                <time>34.067</time>
            </link>
            <link tail="18" head="19" directed="false">
                <length>7.67</length>
                <time>11.917</time>
            </link>
            <link tail="18" head="20" directed="false">
                <length>45.36</length>
                <time>39.25</time>
            </link>
            <link tail="18" head="21" directed="false">
                <length>42.47</length>
                <time>42.217</time>
            </link>
            <link tail="18" head="22" directed="false">
                <length>46.85</length>
                <time>41.533</time>
            </link>
            <link tail="19" head="20" directed="false">
                <length>50.941</length>
                <time>39.9</time>
            </link>
            <link tail="19" head="21" directed="false">
                <length>50.14</length>
                <time>44.083</time>
            </link>
            <link tail="19" head="22" directed="false">
                <length>52.431</length>
                <time>42.183</time>
            </link>
            <link tail="20" head="21" directed="false">
                <length>17.53</length>
                <time>18.383</time>
            </link>
            <link tail="20" head="22" directed="false">
                <length>1.49</length>
                <time>5.083</time>
            </link>
            <link tail="21" head="22" directed="false">
                <length>16.56</length>
                <time>19.317</time>
            </link>
        </links>
        <descriptor>
            <isComplete>true</isComplete>
            <distanceType>EXPLICIT</distanceType>
            <roundingRule>none</roundingRule>
        </descriptor>
    </network>
    <fleet>
        <vehicle type="0">
            <number>1</number>
            <departureNode>1</departureNode>
            <arrivalNode>1</arrivalNode>
        </vehicle>
        <vehicle type="1">
            <number>1</number>
            <departureNode>2</departureNode>
            <arrivalNode>2</arrivalNode>
        </vehicle>
        <vehicle type="2">
            <number>1</number>
            <departureNode>3</departureNode>
            <arrivalNode>3</arrivalNode>
        </vehicle>
        <vehicle type="3">
            <number>1</number>
            <departureNode>4</departureNode>
            <arrivalNode>4</arrivalNode>
        </vehicle>
    </fleet>
</instance>
