<?xml version="1.0" encoding="UTF-8" standalone="yes"?>
<instance>
    <info>
        <name>E-n30-k3</name>
        <problem>CVRP</problem>
        <reference>Christofides N. and Eilon S. (1969) An Algorithm for the Vehicle Dispatching Problems. Operational Research Quarterly, 20(3), pp 309-318.</reference>
        <contributor>
            <name>Victor Pillac</name>
            <email>vpillac@nicta.com.au</email>
        </contributor>
    </info>
    <network>
        <nodes>
            <node id="0" type="0">
                <location>
                    <euclidean>
                        <cx>162.0</cx>
                        <cy>354.0</cy>
                    </euclidean>
                </location>
            </node>
            <node id="1" type="1">
                <location>
                    <euclidean>
                        <cx>218.0</cx>
                        <cy>382.0</cy>
                    </euclidean>
                </location>
            </node>
            <node id="2" type="1">
                <location>
                    <euclidean>
                        <cx>218.0</cx>
                        <cy>358.0</cy>
                    </euclidean>
                </location>
            </node>
            <node id="3" type="1">
                <location>
                    <euclidean>
                        <cx>201.0</cx>
                        <cy>370.0</cy>
                    </euclidean>
                </location>
            </node>
            <node id="4" type="1">
                <location>
                    <euclidean>
                        <cx>214.0</cx>
                        <cy>371.0</cy>
                    </euclidean>
                </location>
            </node>
            <node id="5" type="1">
                <location>
                    <euclidean>
                        <cx>224.0</cx>
                        <cy>370.0</cy>
                    </euclidean>
                </location>
            </node>
            <node id="6" type="1">
                <location>
                    <euclidean>
                        <cx>210.0</cx>
                        <cy>382.0</cy>
                    </euclidean>
                </location>
            </node>
            <node id="7" type="1">
                <location>
                    <euclidean>
                        <cx>104.0</cx>
                        <cy>354.0</cy>
                    </euclidean>
                </location>
            </node>
            <node id="8" type="1">
                <location>
                    <euclidean>
                        <cx>126.0</cx>
                        <cy>338.0</cy>
                    </euclidean>
                </location>
            </node>
            <node id="9" type="1">
                <location>
                    <euclidean>
                        <cx>119.0</cx>
                        <cy>340.0</cy>
                    </euclidean>
                </location>
            </node>
            <node id="10" type="1">
                <location>
                    <euclidean>
                        <cx>129.0</cx>
                        <cy>349.0</cy>
                    </euclidean>
                </location>
            </node>
            <node id="11" type="1">
                <location>
                    <euclidean>
                        <cx>126.0</cx>
                        <cy>347.0</cy>
                    </euclidean>
                </location>
            </node>
            <node id="12" type="1">
                <location>
                    <euclidean>
                        <cx>125.0</cx>
                        <cy>346.0</cy>
                    </euclidean>
                </location>
            </node>
            <node id="13" type="1">
                <location>
                    <euclidean>
                        <cx>116.0</cx>
                        <cy>355.0</cy>
                    </euclidean>
                </location>
            </node>
            <node id="14" type="1">
                <location>
                    <euclidean>
                        <cx>126.0</cx>
                        <cy>335.0</cy>
                    </euclidean>
                </location>
            </node>
            <node id="15" type="1">
                <location>
                    <euclidean>
                        <cx>125.0</cx>
                        <cy>355.0</cy>
                    </euclidean>
                </location>
            </node>
            <node id="17" type="1">
                <location>
                    <euclidean>
                        <cx>115.0</cx>
                        <cy>341.0</cy>
                    </euclidean>
                </location>
            </node>
            <node id="16" type="1">
                <location>
                    <euclidean>
                        <cx>119.0</cx>
                        <cy>357.0</cy>
                    </euclidean>
                </location>
            </node>
            <node id="19" type="1">
                <location>
                    <euclidean>
                        <cx>175.0</cx>
                        <cy>363.0</cy>
                    </euclidean>
                </location>
            </node>
            <node id="18" type="1">
                <location>
                    <euclidean>
                        <cx>153.0</cx>
                        <cy>351.0</cy>
                    </euclidean>
                </location>
            </node>
            <node id="21" type="1">
                <location>
                    <euclidean>
                        <cx>159.0</cx>
                        <cy>331.0</cy>
                    </euclidean>
                </location>
            </node>
            <node id="20" type="1">
                <location>
                    <euclidean>
                        <cx>180.0</cx>
                        <cy>360.0</cy>
                    </euclidean>
                </location>
            </node>
            <node id="23" type="1">
                <location>
                    <euclidean>
                        <cx>152.0</cx>
                        <cy>349.0</cy>
                    </euclidean>
                </location>
            </node>
            <node id="22" type="1">
                <location>
                    <euclidean>
                        <cx>188.0</cx>
                        <cy>357.0</cy>
                    </euclidean>
                </location>
            </node>
            <node id="25" type="1">
                <location>
                    <euclidean>
                        <cx>212.0</cx>
                        <cy>394.0</cy>
                    </euclidean>
                </location>
            </node>
            <node id="24" type="1">
                <location>
                    <euclidean>
                        <cx>215.0</cx>
                        <cy>389.0</cy>
                    </euclidean>
                </location>
            </node>
            <node id="27" type="1">
                <location>
                    <euclidean>
                        <cx>207.0</cx>
                        <cy>406.0</cy>
                    </euclidean>
                </location>
            </node>
            <node id="26" type="1">
                <location>
                    <euclidean>
                        <cx>188.0</cx>
                        <cy>393.0</cy>
                    </euclidean>
                </location>
            </node>
            <node id="29" type="1">
                <location>
                    <euclidean>
                        <cx>207.0</cx>
                        <cy>392.0</cy>
                    </euclidean>
                </location>
            </node>
            <node id="28" type="1">
                <location>
                    <euclidean>
                        <cx>184.0</cx>
                        <cy>410.0</cy>
                    </euclidean>
                </location>
            </node>
        </nodes>
        <descriptor>
            <isComplete>true</isComplete>
            <distanceType>EUC_2D</distanceType>
            <roundingRule>HALF_EVEN[0]</roundingRule>
        </descriptor>
    </network>
    <fleet>
        <vehicle type="0">
            <number>3</number>
            <capacity>4500.0</capacity>
        </vehicle>
    </fleet>
    <requests>
        <request id="1" node="1">
            <demand type="0">300</demand>
        </request>
        <request id="2" node="2">
            <demand type="0">3100</demand>
        </request>
        <request id="3" node="3">
            <demand type="0">125</demand>
        </request>
        <request id="4" node="4">
            <demand type="0">100</demand>
        </request>
        <request id="5" node="5">
            <demand type="0">200</demand>
        </request>
        <request id="6" node="6">
            <demand type="0">150</demand>
        </request>
        <request id="7" node="7">
            <demand type="0">150</demand>
        </request>
        <request id="8" node="8">
            <demand type="0">450</demand>
        </request>
        <request id="9" node="9">
            <demand type="0">300</demand>
        </request>
        <request id="10" node="10">
            <demand type="0">100</demand>
        </request>
        <request id="11" node="11">
            <demand type="0">950</demand>
        </request>
        <request id="12" node="12">
            <demand type="0">125</demand>
        </request>
        <request id="13" node="13">
            <demand type="0">150</demand>
        </request>
        <request id="14" node="14">
            <demand type="0">150</demand>
        </request>
        <request id="15" node="15">
            <demand type="0">550</demand>
        </request>
        <request id="17" node="17">
            <demand type="0">100</demand>
        </request>
        <request id="16" node="16">
            <demand type="0">150</demand>
        </request>
        <request id="19" node="19">
            <demand type="0">400</demand>
        </request>
        <request id="18" node="18">
            <demand type="0">150</demand>
        </request>
        <request id="21" node="21">
            <demand type="0">1500</demand>
        </request>
        <request id="20" node="20">
            <demand type="0">300</demand>
        </request>
        <request id="23" node="23">
            <demand type="0">300</demand>
        </request>
        <request id="22" node="22">
            <demand type="0">100</demand>
        </request>
        <request id="25" node="25">
            <demand type="0">800</demand>
        </request>
        <request id="24" node="24">
            <demand type="0">500</demand>
        </request>
        <request id="27" node="27">
            <demand type="0">100</demand>
        </request>
        <request id="26" node="26">
            <demand type="0">300</demand>
        </request>
        <request id="29" node="29">
            <demand type="0">1000</demand>
        </request>
        <request id="28" node="28">
            <demand type="0">150</demand>
        </request>
    </requests>
</instance>
