<?xml version="1.0" encoding="UTF-8" standalone="yes"?>
<instance>
    <info>
        <name>E-n76-k8</name>
        <problem>CVRP</problem>
        <reference>Christofides N. and Eilon S. (1969) An Algorithm for the Vehicle Dispatching Problems. Operational Research Quarterly, 20(3), pp 309-318.</reference>
        <contributor>
            <name>Victor Pillac</name>
            <email>vpillac@nicta.com.au</email>
        </contributor>
    </info>
    <network>
        <nodes>
            <node id="0" type="0">
                <location>
                    <euclidean>
                        <cx>40.0</cx>
                        <cy>40.0</cy>
                    </euclidean>
                </location>
            </node>
            <node id="1" type="1">
                <location>
                    <euclidean>
                        <cx>22.0</cx>
                        <cy>22.0</cy>
                    </euclidean>
                </location>
            </node>
            <node id="2" type="1">
                <location>
                    <euclidean>
                        <cx>36.0</cx>
                        <cy>26.0</cy>
                    </euclidean>
                </location>
            </node>
            <node id="3" type="1">
                <location>
                    <euclidean>
                        <cx>21.0</cx>
                        <cy>45.0</cy>
                    </euclidean>
                </location>
            </node>
            <node id="4" type="1">
                <location>
                    <euclidean>
                        <cx>45.0</cx>
                        <cy>35.0</cy>
                    </euclidean>
                </location>
            </node>
            <node id="5" type="1">
                <location>
                    <euclidean>
                        <cx>55.0</cx>
                        <cy>20.0</cy>
                    </euclidean>
                </location>
            </node>
            <node id="6" type="1">
                <location>
                    <euclidean>
                        <cx>33.0</cx>
                        <cy>34.0</cy>
                    </euclidean>
                </location>
            </node>
            <node id="7" type="1">
                <location>
                    <euclidean>
                        <cx>50.0</cx>
                        <cy>50.0</cy>
                    </euclidean>
                </location>
            </node>
            <node id="8" type="1">
                <location>
                    <euclidean>
                        <cx>55.0</cx>
                        <cy>45.0</cy>
                    </euclidean>
                </location>
            </node>
            <node id="9" type="1">
                <location>
                    <euclidean>
                        <cx>26.0</cx>
                        <cy>59.0</cy>
                    </euclidean>
                </location>
            </node>
            <node id="10" type="1">
                <location>
                    <euclidean>
                        <cx>40.0</cx>
                        <cy>66.0</cy>
                    </euclidean>
                </location>
            </node>
            <node id="11" type="1">
                <location>
                    <euclidean>
                        <cx>55.0</cx>
                        <cy>65.0</cy>
                    </euclidean>
                </location>
            </node>
            <node id="12" type="1">
                <location>
                    <euclidean>
                        <cx>35.0</cx>
                        <cy>51.0</cy>
                    </euclidean>
                </location>
            </node>
            <node id="13" type="1">
                <location>
                    <euclidean>
                        <cx>62.0</cx>
                        <cy>35.0</cy>
                    </euclidean>
                </location>
            </node>
            <node id="14" type="1">
                <location>
                    <euclidean>
                        <cx>62.0</cx>
                        <cy>57.0</cy>
                    </euclidean>
                </location>
            </node>
            <node id="15" type="1">
                <location>
                    <euclidean>
                        <cx>62.0</cx>
                        <cy>24.0</cy>
                    </euclidean>
                </location>
            </node>
            <node id="17" type="1">
                <location>
                    <euclidean>
                        <cx>33.0</cx>
                        <cy>44.0</cy>
                    </euclidean>
                </location>
            </node>
            <node id="16" type="1">
                <location>
                    <euclidean>
                        <cx>21.0</cx>
                        <cy>36.0</cy>
                    </euclidean>
                </location>
            </node>
            <node id="19" type="1">
                <location>
                    <euclidean>
                        <cx>62.0</cx>
                        <cy>48.0</cy>
                    </euclidean>
                </location>
            </node>
            <node id="18" type="1">
                <location>
                    <euclidean>
                        <cx>9.0</cx>
                        <cy>56.0</cy>
                    </euclidean>
                </location>
            </node>
            <node id="21" type="1">
                <location>
                    <euclidean>
                        <cx>44.0</cx>
                        <cy>13.0</cy>
                    </euclidean>
                </location>
            </node>
            <node id="20" type="1">
                <location>
                    <euclidean>
                        <cx>66.0</cx>
                        <cy>14.0</cy>
                    </euclidean>
                </location>
            </node>
            <node id="23" type="1">
                <location>
                    <euclidean>
                        <cx>11.0</cx>
                        <cy>28.0</cy>
                    </euclidean>
                </location>
            </node>
            <node id="22" type="1">
                <location>
                    <euclidean>
                        <cx>26.0</cx>
                        <cy>13.0</cy>
                    </euclidean>
                </location>
            </node>
            <node id="25" type="1">
                <location>
                    <euclidean>
                        <cx>17.0</cx>
                        <cy>64.0</cy>
                    </euclidean>
                </location>
            </node>
            <node id="24" type="1">
                <location>
                    <euclidean>
                        <cx>7.0</cx>
                        <cy>43.0</cy>
                    </euclidean>
                </location>
            </node>
            <node id="27" type="1">
                <location>
                    <euclidean>
                        <cx>55.0</cx>
                        <cy>34.0</cy>
                    </euclidean>
                </location>
            </node>
            <node id="26" type="1">
                <location>
                    <euclidean>
                        <cx>41.0</cx>
                        <cy>46.0</cy>
                    </euclidean>
                </location>
            </node>
            <node id="29" type="1">
                <location>
                    <euclidean>
                        <cx>52.0</cx>
                        <cy>26.0</cy>
                    </euclidean>
                </location>
            </node>
            <node id="28" type="1">
                <location>
                    <euclidean>
                        <cx>35.0</cx>
                        <cy>16.0</cy>
                    </euclidean>
                </location>
            </node>
            <node id="31" type="1">
                <location>
                    <euclidean>
                        <cx>31.0</cx>
                        <cy>76.0</cy>
                    </euclidean>
                </location>
            </node>
            <node id="30" type="1">
                <location>
                    <euclidean>
                        <cx>43.0</cx>
                        <cy>26.0</cy>
                    </euclidean>
                </location>
            </node>
            <node id="34" type="1">
                <location>
                    <euclidean>
                        <cx>50.0</cx>
                        <cy>40.0</cy>
                    </euclidean>
                </location>
            </node>
            <node id="35" type="1">
                <location>
                    <euclidean>
                        <cx>55.0</cx>
                        <cy>50.0</cy>
                    </euclidean>
                </location>
            </node>
            <node id="32" type="1">
                <location>
                    <euclidean>
                        <cx>22.0</cx>
                        <cy>53.0</cy>
                    </euclidean>
                </location>
            </node>
            <node id="33" type="1">
                <location>
                    <euclidean>
                        <cx>26.0</cx>
                        <cy>29.0</cy>
                    </euclidean>
                </location>
            </node>
            <node id="38" type="1">
                <location>
                    <euclidean>
                        <cx>47.0</cx>
                        <cy>66.0</cy>
                    </euclidean>
                </location>
            </node>
            <node id="39" type="1">
                <location>
                    <euclidean>
                        <cx>30.0</cx>
                        <cy>60.0</cy>
                    </euclidean>
                </location>
            </node>
            <node id="36" type="1">
                <location>
                    <euclidean>
                        <cx>54.0</cx>
                        <cy>10.0</cy>
                    </euclidean>
                </location>
            </node>
            <node id="37" type="1">
                <location>
                    <euclidean>
                        <cx>60.0</cx>
                        <cy>15.0</cy>
                    </euclidean>
                </location>
            </node>
            <node id="42" type="1">
                <location>
                    <euclidean>
                        <cx>15.0</cx>
                        <cy>14.0</cy>
                    </euclidean>
                </location>
            </node>
            <node id="43" type="1">
                <location>
                    <euclidean>
                        <cx>16.0</cx>
                        <cy>19.0</cy>
                    </euclidean>
                </location>
            </node>
            <node id="40" type="1">
                <location>
                    <euclidean>
                        <cx>30.0</cx>
                        <cy>50.0</cy>
                    </euclidean>
                </location>
            </node>
            <node id="41" type="1">
                <location>
                    <euclidean>
                        <cx>12.0</cx>
                        <cy>17.0</cy>
                    </euclidean>
                </location>
            </node>
            <node id="46" type="1">
                <location>
                    <euclidean>
                        <cx>51.0</cx>
                        <cy>42.0</cy>
                    </euclidean>
                </location>
            </node>
            <node id="47" type="1">
                <location>
                    <euclidean>
                        <cx>50.0</cx>
                        <cy>15.0</cy>
                    </euclidean>
                </location>
            </node>
            <node id="44" type="1">
                <location>
                    <euclidean>
                        <cx>21.0</cx>
                        <cy>48.0</cy>
                    </euclidean>
                </location>
            </node>
            <node id="45" type="1">
                <location>
                    <euclidean>
                        <cx>50.0</cx>
                        <cy>30.0</cy>
                    </euclidean>
                </location>
            </node>
            <node id="51" type="1">
                <location>
                    <euclidean>
                        <cx>29.0</cx>
                        <cy>39.0</cy>
                    </euclidean>
                </location>
            </node>
            <node id="50" type="1">
                <location>
                    <euclidean>
                        <cx>15.0</cx>
                        <cy>56.0</cy>
                    </euclidean>
                </location>
            </node>
            <node id="49" type="1">
                <location>
                    <euclidean>
                        <cx>12.0</cx>
                        <cy>38.0</cy>
                    </euclidean>
                </location>
            </node>
            <node id="48" type="1">
                <location>
                    <euclidean>
                        <cx>48.0</cx>
                        <cy>21.0</cy>
                    </euclidean>
                </location>
            </node>
            <node id="55" type="1">
                <location>
                    <euclidean>
                        <cx>10.0</cx>
                        <cy>70.0</cy>
                    </euclidean>
                </location>
            </node>
            <node id="54" type="1">
                <location>
                    <euclidean>
                        <cx>67.0</cx>
                        <cy>41.0</cy>
                    </euclidean>
                </location>
            </node>
            <node id="53" type="1">
                <location>
                    <euclidean>
                        <cx>55.0</cx>
                        <cy>57.0</cy>
                    </euclidean>
                </location>
            </node>
            <node id="52" type="1">
                <location>
                    <euclidean>
                        <cx>54.0</cx>
                        <cy>38.0</cy>
                    </euclidean>
                </location>
            </node>
            <node id="59" type="1">
                <location>
                    <euclidean>
                        <cx>70.0</cx>
                        <cy>64.0</cy>
                    </euclidean>
                </location>
            </node>
            <node id="58" type="1">
                <location>
                    <euclidean>
                        <cx>40.0</cx>
                        <cy>60.0</cy>
                    </euclidean>
                </location>
            </node>
            <node id="57" type="1">
                <location>
                    <euclidean>
                        <cx>65.0</cx>
                        <cy>27.0</cy>
                    </euclidean>
                </location>
            </node>
            <node id="56" type="1">
                <location>
                    <euclidean>
                        <cx>6.0</cx>
                        <cy>25.0</cy>
                    </euclidean>
                </location>
            </node>
            <node id="63" type="1">
                <location>
                    <euclidean>
                        <cx>20.0</cx>
                        <cy>30.0</cy>
                    </euclidean>
                </location>
            </node>
            <node id="62" type="1">
                <location>
                    <euclidean>
                        <cx>30.0</cx>
                        <cy>20.0</cy>
                    </euclidean>
                </location>
            </node>
            <node id="61" type="1">
                <location>
                    <euclidean>
                        <cx>36.0</cx>
                        <cy>6.0</cy>
                    </euclidean>
                </location>
            </node>
            <node id="60" type="1">
                <location>
                    <euclidean>
                        <cx>64.0</cx>
                        <cy>4.0</cy>
                    </euclidean>
                </location>
            </node>
            <node id="68" type="1">
                <location>
                    <euclidean>
                        <cx>38.0</cx>
                        <cy>33.0</cy>
                    </euclidean>
                </location>
            </node>
            <node id="69" type="1">
                <location>
                    <euclidean>
                        <cx>50.0</cx>
                        <cy>4.0</cy>
                    </euclidean>
                </location>
            </node>
            <node id="70" type="1">
                <location>
                    <euclidean>
                        <cx>66.0</cx>
                        <cy>8.0</cy>
                    </euclidean>
                </location>
            </node>
            <node id="71" type="1">
                <location>
                    <euclidean>
                        <cx>59.0</cx>
                        <cy>5.0</cy>
                    </euclidean>
                </location>
            </node>
            <node id="64" type="1">
                <location>
                    <euclidean>
                        <cx>15.0</cx>
                        <cy>5.0</cy>
                    </euclidean>
                </location>
            </node>
            <node id="65" type="1">
                <location>
                    <euclidean>
                        <cx>50.0</cx>
                        <cy>70.0</cy>
                    </euclidean>
                </location>
            </node>
            <node id="66" type="1">
                <location>
                    <euclidean>
                        <cx>57.0</cx>
                        <cy>72.0</cy>
                    </euclidean>
                </location>
            </node>
            <node id="67" type="1">
                <location>
                    <euclidean>
                        <cx>45.0</cx>
                        <cy>42.0</cy>
                    </euclidean>
                </location>
            </node>
            <node id="72" type="1">
                <location>
                    <euclidean>
                        <cx>35.0</cx>
                        <cy>60.0</cy>
                    </euclidean>
                </location>
            </node>
            <node id="73" type="1">
                <location>
                    <euclidean>
                        <cx>27.0</cx>
                        <cy>24.0</cy>
                    </euclidean>
                </location>
            </node>
            <node id="74" type="1">
                <location>
                    <euclidean>
                        <cx>40.0</cx>
                        <cy>20.0</cy>
                    </euclidean>
                </location>
            </node>
            <node id="75" type="1">
                <location>
                    <euclidean>
                        <cx>40.0</cx>
                        <cy>37.0</cy>
                    </euclidean>
                </location>
            </node>
        </nodes>
        <descriptor>
            <isComplete>true</isComplete>
            <distanceType>EUC_2D</distanceType>
            <roundingRule>HALF_EVEN[0]</roundingRule>
        </descriptor>
    </network>
    <fleet>
        <vehicle type="0">
            <number>8</number>
            <capacity>180.0</capacity>
        </vehicle>
    </fleet>
    <requests>
        <request id="1" node="1">
            <demand type="0">18</demand>
        </request>
        <request id="2" node="2">
            <demand type="0">26</demand>
        </request>
        <request id="3" node="3">
            <demand type="0">11</demand>
        </request>
        <request id="4" node="4">
            <demand type="0">30</demand>
        </request>
        <request id="5" node="5">
            <demand type="0">21</demand>
        </request>
        <request id="6" node="6">
            <demand type="0">19</demand>
        </request>
        <request id="7" node="7">
            <demand type="0">15</demand>
        </request>
        <request id="8" node="8">
            <demand type="0">16</demand>
        </request>
        <request id="9" node="9">
            <demand type="0">29</demand>
        </request>
        <request id="10" node="10">
            <demand type="0">26</demand>
        </request>
        <request id="11" node="11">
            <demand type="0">37</demand>
        </request>
        <request id="12" node="12">
            <demand type="0">16</demand>
        </request>
        <request id="13" node="13">
            <demand type="0">12</demand>
        </request>
        <request id="14" node="14">
            <demand type="0">31</demand>
        </request>
        <request id="15" node="15">
            <demand type="0">8</demand>
        </request>
        <request id="17" node="17">
            <demand type="0">20</demand>
        </request>
        <request id="16" node="16">
            <demand type="0">19</demand>
        </request>
        <request id="19" node="19">
            <demand type="0">15</demand>
        </request>
        <request id="18" node="18">
            <demand type="0">13</demand>
        </request>
        <request id="21" node="21">
            <demand type="0">28</demand>
        </request>
        <request id="20" node="20">
            <demand type="0">22</demand>
        </request>
        <request id="23" node="23">
            <demand type="0">6</demand>
        </request>
        <request id="22" node="22">
            <demand type="0">12</demand>
        </request>
        <request id="25" node="25">
            <demand type="0">14</demand>
        </request>
        <request id="24" node="24">
            <demand type="0">27</demand>
        </request>
        <request id="27" node="27">
            <demand type="0">17</demand>
        </request>
        <request id="26" node="26">
            <demand type="0">18</demand>
        </request>
        <request id="29" node="29">
            <demand type="0">13</demand>
        </request>
        <request id="28" node="28">
            <demand type="0">29</demand>
        </request>
        <request id="31" node="31">
            <demand type="0">25</demand>
        </request>
        <request id="30" node="30">
            <demand type="0">22</demand>
        </request>
        <request id="34" node="34">
            <demand type="0">19</demand>
        </request>
        <request id="35" node="35">
            <demand type="0">10</demand>
        </request>
        <request id="32" node="32">
            <demand type="0">28</demand>
        </request>
        <request id="33" node="33">
            <demand type="0">27</demand>
        </request>
        <request id="38" node="38">
            <demand type="0">24</demand>
        </request>
        <request id="39" node="39">
            <demand type="0">16</demand>
        </request>
        <request id="36" node="36">
            <demand type="0">12</demand>
        </request>
        <request id="37" node="37">
            <demand type="0">14</demand>
        </request>
        <request id="42" node="42">
            <demand type="0">11</demand>
        </request>
        <request id="43" node="43">
            <demand type="0">18</demand>
        </request>
        <request id="40" node="40">
            <demand type="0">33</demand>
        </request>
        <request id="41" node="41">
            <demand type="0">15</demand>
        </request>
        <request id="46" node="46">
            <demand type="0">27</demand>
        </request>
        <request id="47" node="47">
            <demand type="0">19</demand>
        </request>
        <request id="44" node="44">
            <demand type="0">17</demand>
        </request>
        <request id="45" node="45">
            <demand type="0">21</demand>
        </request>
        <request id="51" node="51">
            <demand type="0">12</demand>
        </request>
        <request id="50" node="50">
            <demand type="0">22</demand>
        </request>
        <request id="49" node="49">
            <demand type="0">5</demand>
        </request>
        <request id="48" node="48">
            <demand type="0">20</demand>
        </request>
        <request id="55" node="55">
            <demand type="0">7</demand>
        </request>
        <request id="54" node="54">
            <demand type="0">16</demand>
        </request>
        <request id="53" node="53">
            <demand type="0">22</demand>
        </request>
        <request id="52" node="52">
            <demand type="0">19</demand>
        </request>
        <request id="59" node="59">
            <demand type="0">24</demand>
        </request>
        <request id="58" node="58">
            <demand type="0">21</demand>
        </request>
        <request id="57" node="57">
            <demand type="0">14</demand>
        </request>
        <request id="56" node="56">
            <demand type="0">26</demand>
        </request>
        <request id="63" node="63">
            <demand type="0">11</demand>
        </request>
        <request id="62" node="62">
            <demand type="0">18</demand>
        </request>
        <request id="61" node="61">
            <demand type="0">15</demand>
        </request>
        <request id="60" node="60">
            <demand type="0">13</demand>
        </request>
        <request id="68" node="68">
            <demand type="0">10</demand>
        </request>
        <request id="69" node="69">
            <demand type="0">8</demand>
        </request>
        <request id="70" node="70">
            <demand type="0">11</demand>
        </request>
        <request id="71" node="71">
            <demand type="0">3</demand>
        </request>
        <request id="64" node="64">
            <demand type="0">28</demand>
        </request>
        <request id="65" node="65">
            <demand type="0">9</demand>
        </request>
        <request id="66" node="66">
            <demand type="0">37</demand>
        </request>
        <request id="67" node="67">
            <demand type="0">30</demand>
        </request>
        <request id="72" node="72">
            <demand type="0">1</demand>
        </request>
        <request id="73" node="73">
            <demand type="0">6</demand>
        </request>
        <request id="74" node="74">
            <demand type="0">10</demand>
        </request>
        <request id="75" node="75">
            <demand type="0">20</demand>
        </request>
    </requests>
</instance>
