<?xml version="1.0" encoding="UTF-8" standalone="yes"?>
<instance>
    <info>
        <name>R209</name>
        <problem>CVRPTW</problem>
        <reference>Solomon, M. M. Algorithms for the Vehicle-Routing and Scheduling Problems with Time Window Constraints Operations Research, 1987, 35, 254-265</reference>
        <contributor>
            <name>Victor Pillac</name>
            <email>vpillac@nicta.com.au</email>
        </contributor>
    </info>
    <network>
        <nodes>
            <node id="0" type="0">
                <location>
                    <euclidean>
                        <cx>35.0</cx>
                        <cy>35.0</cy>
                    </euclidean>
                </location>
            </node>
            <node id="1" type="1">
                <location>
                    <euclidean>
                        <cx>41.0</cx>
                        <cy>49.0</cy>
                    </euclidean>
                </location>
            </node>
            <node id="2" type="1">
                <location>
                    <euclidean>
                        <cx>35.0</cx>
                        <cy>17.0</cy>
                    </euclidean>
                </location>
            </node>
            <node id="3" type="1">
                <location>
                    <euclidean>
                        <cx>55.0</cx>
                        <cy>45.0</cy>
                    </euclidean>
                </location>
            </node>
            <node id="4" type="1">
                <location>
                    <euclidean>
                        <cx>55.0</cx>
                        <cy>20.0</cy>
                    </euclidean>
                </location>
            </node>
            <node id="5" type="1">
                <location>
                    <euclidean>
                        <cx>15.0</cx>
                        <cy>30.0</cy>
                    </euclidean>
                </location>
            </node>
            <node id="6" type="1">
                <location>
                    <euclidean>
                        <cx>25.0</cx>
                        <cy>30.0</cy>
                    </euclidean>
                </location>
            </node>
            <node id="7" type="1">
                <location>
                    <euclidean>
                        <cx>20.0</cx>
                        <cy>50.0</cy>
                    </euclidean>
                </location>
            </node>
            <node id="8" type="1">
                <location>
                    <euclidean>
                        <cx>10.0</cx>
                        <cy>43.0</cy>
                    </euclidean>
                </location>
            </node>
            <node id="9" type="1">
                <location>
                    <euclidean>
                        <cx>55.0</cx>
                        <cy>60.0</cy>
                    </euclidean>
                </location>
            </node>
            <node id="10" type="1">
                <location>
                    <euclidean>
                        <cx>30.0</cx>
                        <cy>60.0</cy>
                    </euclidean>
                </location>
            </node>
            <node id="11" type="1">
                <location>
                    <euclidean>
                        <cx>20.0</cx>
                        <cy>65.0</cy>
                    </euclidean>
                </location>
            </node>
            <node id="12" type="1">
                <location>
                    <euclidean>
                        <cx>50.0</cx>
                        <cy>35.0</cy>
                    </euclidean>
                </location>
            </node>
            <node id="13" type="1">
                <location>
                    <euclidean>
                        <cx>30.0</cx>
                        <cy>25.0</cy>
                    </euclidean>
                </location>
            </node>
            <node id="14" type="1">
                <location>
                    <euclidean>
                        <cx>15.0</cx>
                        <cy>10.0</cy>
                    </euclidean>
                </location>
            </node>
            <node id="15" type="1">
                <location>
                    <euclidean>
                        <cx>30.0</cx>
                        <cy>5.0</cy>
                    </euclidean>
                </location>
            </node>
            <node id="17" type="1">
                <location>
                    <euclidean>
                        <cx>5.0</cx>
                        <cy>30.0</cy>
                    </euclidean>
                </location>
            </node>
            <node id="16" type="1">
                <location>
                    <euclidean>
                        <cx>10.0</cx>
                        <cy>20.0</cy>
                    </euclidean>
                </location>
            </node>
            <node id="19" type="1">
                <location>
                    <euclidean>
                        <cx>15.0</cx>
                        <cy>60.0</cy>
                    </euclidean>
                </location>
            </node>
            <node id="18" type="1">
                <location>
                    <euclidean>
                        <cx>20.0</cx>
                        <cy>40.0</cy>
                    </euclidean>
                </location>
            </node>
            <node id="21" type="1">
                <location>
                    <euclidean>
                        <cx>45.0</cx>
                        <cy>20.0</cy>
                    </euclidean>
                </location>
            </node>
            <node id="20" type="1">
                <location>
                    <euclidean>
                        <cx>45.0</cx>
                        <cy>65.0</cy>
                    </euclidean>
                </location>
            </node>
            <node id="23" type="1">
                <location>
                    <euclidean>
                        <cx>55.0</cx>
                        <cy>5.0</cy>
                    </euclidean>
                </location>
            </node>
            <node id="22" type="1">
                <location>
                    <euclidean>
                        <cx>45.0</cx>
                        <cy>10.0</cy>
                    </euclidean>
                </location>
            </node>
            <node id="25" type="1">
                <location>
                    <euclidean>
                        <cx>65.0</cx>
                        <cy>20.0</cy>
                    </euclidean>
                </location>
            </node>
            <node id="24" type="1">
                <location>
                    <euclidean>
                        <cx>65.0</cx>
                        <cy>35.0</cy>
                    </euclidean>
                </location>
            </node>
            <node id="27" type="1">
                <location>
                    <euclidean>
                        <cx>35.0</cx>
                        <cy>40.0</cy>
                    </euclidean>
                </location>
            </node>
            <node id="26" type="1">
                <location>
                    <euclidean>
                        <cx>45.0</cx>
                        <cy>30.0</cy>
                    </euclidean>
                </location>
            </node>
            <node id="29" type="1">
                <location>
                    <euclidean>
                        <cx>64.0</cx>
                        <cy>42.0</cy>
                    </euclidean>
                </location>
            </node>
            <node id="28" type="1">
                <location>
                    <euclidean>
                        <cx>41.0</cx>
                        <cy>37.0</cy>
                    </euclidean>
                </location>
            </node>
            <node id="31" type="1">
                <location>
                    <euclidean>
                        <cx>31.0</cx>
                        <cy>52.0</cy>
                    </euclidean>
                </location>
            </node>
            <node id="30" type="1">
                <location>
                    <euclidean>
                        <cx>40.0</cx>
                        <cy>60.0</cy>
                    </euclidean>
                </location>
            </node>
            <node id="34" type="1">
                <location>
                    <euclidean>
                        <cx>65.0</cx>
                        <cy>55.0</cy>
                    </euclidean>
                </location>
            </node>
            <node id="35" type="1">
                <location>
                    <euclidean>
                        <cx>63.0</cx>
                        <cy>65.0</cy>
                    </euclidean>
                </location>
            </node>
            <node id="32" type="1">
                <location>
                    <euclidean>
                        <cx>35.0</cx>
                        <cy>69.0</cy>
                    </euclidean>
                </location>
            </node>
            <node id="33" type="1">
                <location>
                    <euclidean>
                        <cx>53.0</cx>
                        <cy>52.0</cy>
                    </euclidean>
                </location>
            </node>
            <node id="38" type="1">
                <location>
                    <euclidean>
                        <cx>5.0</cx>
                        <cy>5.0</cy>
                    </euclidean>
                </location>
            </node>
            <node id="39" type="1">
                <location>
                    <euclidean>
                        <cx>60.0</cx>
                        <cy>12.0</cy>
                    </euclidean>
                </location>
            </node>
            <node id="36" type="1">
                <location>
                    <euclidean>
                        <cx>2.0</cx>
                        <cy>60.0</cy>
                    </euclidean>
                </location>
            </node>
            <node id="37" type="1">
                <location>
                    <euclidean>
                        <cx>20.0</cx>
                        <cy>20.0</cy>
                    </euclidean>
                </location>
            </node>
            <node id="42" type="1">
                <location>
                    <euclidean>
                        <cx>24.0</cx>
                        <cy>12.0</cy>
                    </euclidean>
                </location>
            </node>
            <node id="43" type="1">
                <location>
                    <euclidean>
                        <cx>23.0</cx>
                        <cy>3.0</cy>
                    </euclidean>
                </location>
            </node>
            <node id="40" type="1">
                <location>
                    <euclidean>
                        <cx>40.0</cx>
                        <cy>25.0</cy>
                    </euclidean>
                </location>
            </node>
            <node id="41" type="1">
                <location>
                    <euclidean>
                        <cx>42.0</cx>
                        <cy>7.0</cy>
                    </euclidean>
                </location>
            </node>
            <node id="46" type="1">
                <location>
                    <euclidean>
                        <cx>2.0</cx>
                        <cy>48.0</cy>
                    </euclidean>
                </location>
            </node>
            <node id="47" type="1">
                <location>
                    <euclidean>
                        <cx>8.0</cx>
                        <cy>56.0</cy>
                    </euclidean>
                </location>
            </node>
            <node id="44" type="1">
                <location>
                    <euclidean>
                        <cx>11.0</cx>
                        <cy>14.0</cy>
                    </euclidean>
                </location>
            </node>
            <node id="45" type="1">
                <location>
                    <euclidean>
                        <cx>6.0</cx>
                        <cy>38.0</cy>
                    </euclidean>
                </location>
            </node>
            <node id="51" type="1">
                <location>
                    <euclidean>
                        <cx>49.0</cx>
                        <cy>58.0</cy>
                    </euclidean>
                </location>
            </node>
            <node id="50" type="1">
                <location>
                    <euclidean>
                        <cx>47.0</cx>
                        <cy>47.0</cy>
                    </euclidean>
                </location>
            </node>
            <node id="49" type="1">
                <location>
                    <euclidean>
                        <cx>6.0</cx>
                        <cy>68.0</cy>
                    </euclidean>
                </location>
            </node>
            <node id="48" type="1">
                <location>
                    <euclidean>
                        <cx>13.0</cx>
                        <cy>52.0</cy>
                    </euclidean>
                </location>
            </node>
            <node id="55" type="1">
                <location>
                    <euclidean>
                        <cx>63.0</cx>
                        <cy>23.0</cy>
                    </euclidean>
                </location>
            </node>
            <node id="54" type="1">
                <location>
                    <euclidean>
                        <cx>57.0</cx>
                        <cy>29.0</cy>
                    </euclidean>
                </location>
            </node>
            <node id="53" type="1">
                <location>
                    <euclidean>
                        <cx>37.0</cx>
                        <cy>31.0</cy>
                    </euclidean>
                </location>
            </node>
            <node id="52" type="1">
                <location>
                    <euclidean>
                        <cx>27.0</cx>
                        <cy>43.0</cy>
                    </euclidean>
                </location>
            </node>
            <node id="59" type="1">
                <location>
                    <euclidean>
                        <cx>21.0</cx>
                        <cy>24.0</cy>
                    </euclidean>
                </location>
            </node>
            <node id="58" type="1">
                <location>
                    <euclidean>
                        <cx>36.0</cx>
                        <cy>26.0</cy>
                    </euclidean>
                </location>
            </node>
            <node id="57" type="1">
                <location>
                    <euclidean>
                        <cx>32.0</cx>
                        <cy>12.0</cy>
                    </euclidean>
                </location>
            </node>
            <node id="56" type="1">
                <location>
                    <euclidean>
                        <cx>53.0</cx>
                        <cy>12.0</cy>
                    </euclidean>
                </location>
            </node>
            <node id="63" type="1">
                <location>
                    <euclidean>
                        <cx>27.0</cx>
                        <cy>69.0</cy>
                    </euclidean>
                </location>
            </node>
            <node id="62" type="1">
                <location>
                    <euclidean>
                        <cx>24.0</cx>
                        <cy>58.0</cy>
                    </euclidean>
                </location>
            </node>
            <node id="61" type="1">
                <location>
                    <euclidean>
                        <cx>12.0</cx>
                        <cy>24.0</cy>
                    </euclidean>
                </location>
            </node>
            <node id="60" type="1">
                <location>
                    <euclidean>
                        <cx>17.0</cx>
                        <cy>34.0</cy>
                    </euclidean>
                </location>
            </node>
            <node id="68" type="1">
                <location>
                    <euclidean>
                        <cx>56.0</cx>
                        <cy>39.0</cy>
                    </euclidean>
                </location>
            </node>
            <node id="69" type="1">
                <location>
                    <euclidean>
                        <cx>37.0</cx>
                        <cy>47.0</cy>
                    </euclidean>
                </location>
            </node>
            <node id="70" type="1">
                <location>
                    <euclidean>
                        <cx>37.0</cx>
                        <cy>56.0</cy>
                    </euclidean>
                </location>
            </node>
            <node id="71" type="1">
                <location>
                    <euclidean>
                        <cx>57.0</cx>
                        <cy>68.0</cy>
                    </euclidean>
                </location>
            </node>
            <node id="64" type="1">
                <location>
                    <euclidean>
                        <cx>15.0</cx>
                        <cy>77.0</cy>
                    </euclidean>
                </location>
            </node>
            <node id="65" type="1">
                <location>
                    <euclidean>
                        <cx>62.0</cx>
                        <cy>77.0</cy>
                    </euclidean>
                </location>
            </node>
            <node id="66" type="1">
                <location>
                    <euclidean>
                        <cx>49.0</cx>
                        <cy>73.0</cy>
                    </euclidean>
                </location>
            </node>
            <node id="67" type="1">
                <location>
                    <euclidean>
                        <cx>67.0</cx>
                        <cy>5.0</cy>
                    </euclidean>
                </location>
            </node>
            <node id="76" type="1">
                <location>
                    <euclidean>
                        <cx>49.0</cx>
                        <cy>42.0</cy>
                    </euclidean>
                </location>
            </node>
            <node id="77" type="1">
                <location>
                    <euclidean>
                        <cx>53.0</cx>
                        <cy>43.0</cy>
                    </euclidean>
                </location>
            </node>
            <node id="78" type="1">
                <location>
                    <euclidean>
                        <cx>61.0</cx>
                        <cy>52.0</cy>
                    </euclidean>
                </location>
            </node>
            <node id="79" type="1">
                <location>
                    <euclidean>
                        <cx>57.0</cx>
                        <cy>48.0</cy>
                    </euclidean>
                </location>
            </node>
            <node id="72" type="1">
                <location>
                    <euclidean>
                        <cx>47.0</cx>
                        <cy>16.0</cy>
                    </euclidean>
                </location>
            </node>
            <node id="73" type="1">
                <location>
                    <euclidean>
                        <cx>44.0</cx>
                        <cy>17.0</cy>
                    </euclidean>
                </location>
            </node>
            <node id="74" type="1">
                <location>
                    <euclidean>
                        <cx>46.0</cx>
                        <cy>13.0</cy>
                    </euclidean>
                </location>
            </node>
            <node id="75" type="1">
                <location>
                    <euclidean>
                        <cx>49.0</cx>
                        <cy>11.0</cy>
                    </euclidean>
                </location>
            </node>
            <node id="85" type="1">
                <location>
                    <euclidean>
                        <cx>16.0</cx>
                        <cy>22.0</cy>
                    </euclidean>
                </location>
            </node>
            <node id="84" type="1">
                <location>
                    <euclidean>
                        <cx>11.0</cx>
                        <cy>31.0</cy>
                    </euclidean>
                </location>
            </node>
            <node id="87" type="1">
                <location>
                    <euclidean>
                        <cx>28.0</cx>
                        <cy>18.0</cy>
                    </euclidean>
                </location>
            </node>
            <node id="86" type="1">
                <location>
                    <euclidean>
                        <cx>4.0</cx>
                        <cy>18.0</cy>
                    </euclidean>
                </location>
            </node>
            <node id="81" type="1">
                <location>
                    <euclidean>
                        <cx>55.0</cx>
                        <cy>54.0</cy>
                    </euclidean>
                </location>
            </node>
            <node id="80" type="1">
                <location>
                    <euclidean>
                        <cx>56.0</cx>
                        <cy>37.0</cy>
                    </euclidean>
                </location>
            </node>
            <node id="83" type="1">
                <location>
                    <euclidean>
                        <cx>14.0</cx>
                        <cy>37.0</cy>
                    </euclidean>
                </location>
            </node>
            <node id="82" type="1">
                <location>
                    <euclidean>
                        <cx>15.0</cx>
                        <cy>47.0</cy>
                    </euclidean>
                </location>
            </node>
            <node id="93" type="1">
                <location>
                    <euclidean>
                        <cx>18.0</cx>
                        <cy>24.0</cy>
                    </euclidean>
                </location>
            </node>
            <node id="92" type="1">
                <location>
                    <euclidean>
                        <cx>22.0</cx>
                        <cy>22.0</cy>
                    </euclidean>
                </location>
            </node>
            <node id="95" type="1">
                <location>
                    <euclidean>
                        <cx>25.0</cx>
                        <cy>24.0</cy>
                    </euclidean>
                </location>
            </node>
            <node id="94" type="1">
                <location>
                    <euclidean>
                        <cx>26.0</cx>
                        <cy>27.0</cy>
                    </euclidean>
                </location>
            </node>
            <node id="89" type="1">
                <location>
                    <euclidean>
                        <cx>26.0</cx>
                        <cy>35.0</cy>
                    </euclidean>
                </location>
            </node>
            <node id="88" type="1">
                <location>
                    <euclidean>
                        <cx>26.0</cx>
                        <cy>52.0</cy>
                    </euclidean>
                </location>
            </node>
            <node id="91" type="1">
                <location>
                    <euclidean>
                        <cx>15.0</cx>
                        <cy>19.0</cy>
                    </euclidean>
                </location>
            </node>
            <node id="90" type="1">
                <location>
                    <euclidean>
                        <cx>31.0</cx>
                        <cy>67.0</cy>
                    </euclidean>
                </location>
            </node>
            <node id="100" type="1">
                <location>
                    <euclidean>
                        <cx>18.0</cx>
                        <cy>18.0</cy>
                    </euclidean>
                </location>
            </node>
            <node id="98" type="1">
                <location>
                    <euclidean>
                        <cx>19.0</cx>
                        <cy>21.0</cy>
                    </euclidean>
                </location>
            </node>
            <node id="99" type="1">
                <location>
                    <euclidean>
                        <cx>20.0</cx>
                        <cy>26.0</cy>
                    </euclidean>
                </location>
            </node>
            <node id="96" type="1">
                <location>
                    <euclidean>
                        <cx>22.0</cx>
                        <cy>27.0</cy>
                    </euclidean>
                </location>
            </node>
            <node id="97" type="1">
                <location>
                    <euclidean>
                        <cx>25.0</cx>
                        <cy>21.0</cy>
                    </euclidean>
                </location>
            </node>
        </nodes>
        <descriptor>
            <isComplete>true</isComplete>
            <distanceType>EUC_2D</distanceType>
        </descriptor>
    </network>
    <fleet>
        <vehicle type="0">
            <number>25</number>
            <capacity>1000.0</capacity>
        </vehicle>
    </fleet>
    <requests>
        <request id="1" node="1">
            <tw>
                <start isHard="true">636</start>
                <end isHard="true">919</end>
            </tw>
            <demand type="0">10</demand>
            <serviceTime>10.000</serviceTime>
        </request>
        <request id="2" node="2">
            <tw>
                <start isHard="true">74</start>
                <end isHard="true">351</end>
            </tw>
            <demand type="0">7</demand>
            <serviceTime>10.000</serviceTime>
        </request>
        <request id="3" node="3">
            <tw>
                <start isHard="true">498</start>
                <end isHard="true">613</end>
            </tw>
            <demand type="0">13</demand>
            <serviceTime>10.000</serviceTime>
        </request>
        <request id="4" node="4">
            <tw>
                <start isHard="true">470</start>
                <end isHard="true">965</end>
            </tw>
            <demand type="0">19</demand>
            <serviceTime>10.000</serviceTime>
        </request>
        <request id="5" node="5">
            <tw>
                <start isHard="true">20</start>
                <end isHard="true">370</end>
            </tw>
            <demand type="0">26</demand>
            <serviceTime>10.000</serviceTime>
        </request>
        <request id="6" node="6">
            <tw>
                <start isHard="true">266</start>
                <end isHard="true">663</end>
            </tw>
            <demand type="0">3</demand>
            <serviceTime>10.000</serviceTime>
        </request>
        <request id="7" node="7">
            <tw>
                <start isHard="true">292</start>
                <end isHard="true">449</end>
            </tw>
            <demand type="0">5</demand>
            <serviceTime>10.000</serviceTime>
        </request>
        <request id="8" node="8">
            <tw>
                <start isHard="true">288</start>
                <end isHard="true">597</end>
            </tw>
            <demand type="0">9</demand>
            <serviceTime>10.000</serviceTime>
        </request>
        <request id="9" node="9">
            <tw>
                <start isHard="true">254</start>
                <end isHard="true">643</end>
            </tw>
            <demand type="0">16</demand>
            <serviceTime>10.000</serviceTime>
        </request>
        <request id="10" node="10">
            <tw>
                <start isHard="true">496</start>
                <end isHard="true">713</end>
            </tw>
            <demand type="0">16</demand>
            <serviceTime>10.000</serviceTime>
        </request>
        <request id="11" node="11">
            <tw>
                <start isHard="true">33</start>
                <end isHard="true">510</end>
            </tw>
            <demand type="0">12</demand>
            <serviceTime>10.000</serviceTime>
        </request>
        <request id="12" node="12">
            <tw>
                <start isHard="true">170</start>
                <end isHard="true">403</end>
            </tw>
            <demand type="0">19</demand>
            <serviceTime>10.000</serviceTime>
        </request>
        <request id="13" node="13">
            <tw>
                <start isHard="true">426</start>
                <end isHard="true">978</end>
            </tw>
            <demand type="0">23</demand>
            <serviceTime>10.000</serviceTime>
        </request>
        <request id="14" node="14">
            <tw>
                <start isHard="true">32</start>
                <end isHard="true">454</end>
            </tw>
            <demand type="0">20</demand>
            <serviceTime>10.000</serviceTime>
        </request>
        <request id="15" node="15">
            <tw>
                <start isHard="true">30</start>
                <end isHard="true">529</end>
            </tw>
            <demand type="0">8</demand>
            <serviceTime>10.000</serviceTime>
        </request>
        <request id="17" node="17">
            <tw>
                <start isHard="true">409</start>
                <end isHard="true">959</end>
            </tw>
            <demand type="0">2</demand>
            <serviceTime>10.000</serviceTime>
        </request>
        <request id="16" node="16">
            <tw>
                <start isHard="true">222</start>
                <end isHard="true">423</end>
            </tw>
            <demand type="0">19</demand>
            <serviceTime>10.000</serviceTime>
        </request>
        <request id="19" node="19">
            <tw>
                <start isHard="true">215</start>
                <end isHard="true">432</end>
            </tw>
            <demand type="0">17</demand>
            <serviceTime>10.000</serviceTime>
        </request>
        <request id="18" node="18">
            <tw>
                <start isHard="true">349</start>
                <end isHard="true">462</end>
            </tw>
            <demand type="0">12</demand>
            <serviceTime>10.000</serviceTime>
        </request>
        <request id="21" node="21">
            <tw>
                <start isHard="true">156</start>
                <end isHard="true">389</end>
            </tw>
            <demand type="0">11</demand>
            <serviceTime>10.000</serviceTime>
        </request>
        <request id="20" node="20">
            <tw>
                <start isHard="true">538</start>
                <end isHard="true">709</end>
            </tw>
            <demand type="0">9</demand>
            <serviceTime>10.000</serviceTime>
        </request>
        <request id="23" node="23">
            <tw>
                <start isHard="true">36</start>
                <end isHard="true">513</end>
            </tw>
            <demand type="0">29</demand>
            <serviceTime>10.000</serviceTime>
        </request>
        <request id="22" node="22">
            <tw>
                <start isHard="true">280</start>
                <end isHard="true">623</end>
            </tw>
            <demand type="0">18</demand>
            <serviceTime>10.000</serviceTime>
        </request>
        <request id="25" node="25">
            <tw>
                <start isHard="true">400</start>
                <end isHard="true">956</end>
            </tw>
            <demand type="0">6</demand>
            <serviceTime>10.000</serviceTime>
        </request>
        <request id="24" node="24">
            <tw>
                <start isHard="true">633</start>
                <end isHard="true">918</end>
            </tw>
            <demand type="0">3</demand>
            <serviceTime>10.000</serviceTime>
        </request>
        <request id="27" node="27">
            <tw>
                <start isHard="true">5</start>
                <end isHard="true">612</end>
            </tw>
            <demand type="0">16</demand>
            <serviceTime>10.000</serviceTime>
        </request>
        <request id="26" node="26">
            <tw>
                <start isHard="true">548</start>
                <end isHard="true">707</end>
            </tw>
            <demand type="0">17</demand>
            <serviceTime>10.000</serviceTime>
        </request>
        <request id="29" node="29">
            <tw>
                <start isHard="true">129</start>
                <end isHard="true">374</end>
            </tw>
            <demand type="0">9</demand>
            <serviceTime>10.000</serviceTime>
        </request>
        <request id="28" node="28">
            <tw>
                <start isHard="true">44</start>
                <end isHard="true">325</end>
            </tw>
            <demand type="0">16</demand>
            <serviceTime>10.000</serviceTime>
        </request>
        <request id="31" node="31">
            <tw>
                <start isHard="true">91</start>
                <end isHard="true">336</end>
            </tw>
            <demand type="0">27</demand>
            <serviceTime>10.000</serviceTime>
        </request>
        <request id="30" node="30">
            <tw>
                <start isHard="true">115</start>
                <end isHard="true">498</end>
            </tw>
            <demand type="0">21</demand>
            <serviceTime>10.000</serviceTime>
        </request>
        <request id="34" node="34">
            <tw>
                <start isHard="true">487</start>
                <end isHard="true">656</end>
            </tw>
            <demand type="0">14</demand>
            <serviceTime>10.000</serviceTime>
        </request>
        <request id="35" node="35">
            <tw>
                <start isHard="true">439</start>
                <end isHard="true">948</end>
            </tw>
            <demand type="0">8</demand>
            <serviceTime>10.000</serviceTime>
        </request>
        <request id="32" node="32">
            <tw>
                <start isHard="true">602</start>
                <end isHard="true">835</end>
            </tw>
            <demand type="0">23</demand>
            <serviceTime>10.000</serviceTime>
        </request>
        <request id="33" node="33">
            <tw>
                <start isHard="true">24</start>
                <end isHard="true">646</end>
            </tw>
            <demand type="0">11</demand>
            <serviceTime>10.000</serviceTime>
        </request>
        <request id="38" node="38">
            <tw>
                <start isHard="true">147</start>
                <end isHard="true">560</end>
            </tw>
            <demand type="0">16</demand>
            <serviceTime>10.000</serviceTime>
        </request>
        <request id="39" node="39">
            <tw>
                <start isHard="true">33</start>
                <end isHard="true">797</end>
            </tw>
            <demand type="0">31</demand>
            <serviceTime>10.000</serviceTime>
        </request>
        <request id="36" node="36">
            <tw>
                <start isHard="true">41</start>
                <end isHard="true">710</end>
            </tw>
            <demand type="0">5</demand>
            <serviceTime>10.000</serviceTime>
        </request>
        <request id="37" node="37">
            <tw>
                <start isHard="true">563</start>
                <end isHard="true">736</end>
            </tw>
            <demand type="0">8</demand>
            <serviceTime>10.000</serviceTime>
        </request>
        <request id="42" node="42">
            <tw>
                <start isHard="true">25</start>
                <end isHard="true">616</end>
            </tw>
            <demand type="0">5</demand>
            <serviceTime>10.000</serviceTime>
        </request>
        <request id="43" node="43">
            <tw>
                <start isHard="true">578</start>
                <end isHard="true">747</end>
            </tw>
            <demand type="0">7</demand>
            <serviceTime>10.000</serviceTime>
        </request>
        <request id="40" node="40">
            <tw>
                <start isHard="true">243</start>
                <end isHard="true">554</end>
            </tw>
            <demand type="0">9</demand>
            <serviceTime>10.000</serviceTime>
        </request>
        <request id="41" node="41">
            <tw>
                <start isHard="true">225</start>
                <end isHard="true">682</end>
            </tw>
            <demand type="0">5</demand>
            <serviceTime>10.000</serviceTime>
        </request>
        <request id="46" node="46">
            <tw>
                <start isHard="true">458</start>
                <end isHard="true">685</end>
            </tw>
            <demand type="0">1</demand>
            <serviceTime>10.000</serviceTime>
        </request>
        <request id="47" node="47">
            <tw>
                <start isHard="true">34</start>
                <end isHard="true">362</end>
            </tw>
            <demand type="0">27</demand>
            <serviceTime>10.000</serviceTime>
        </request>
        <request id="44" node="44">
            <tw>
                <start isHard="true">72</start>
                <end isHard="true">501</end>
            </tw>
            <demand type="0">18</demand>
            <serviceTime>10.000</serviceTime>
        </request>
        <request id="45" node="45">
            <tw>
                <start isHard="true">29</start>
                <end isHard="true">669</end>
            </tw>
            <demand type="0">16</demand>
            <serviceTime>10.000</serviceTime>
        </request>
        <request id="51" node="51">
            <tw>
                <start isHard="true">296</start>
                <end isHard="true">505</end>
            </tw>
            <demand type="0">10</demand>
            <serviceTime>10.000</serviceTime>
        </request>
        <request id="50" node="50">
            <tw>
                <start isHard="true">499</start>
                <end isHard="true">690</end>
            </tw>
            <demand type="0">13</demand>
            <serviceTime>10.000</serviceTime>
        </request>
        <request id="49" node="49">
            <tw>
                <start isHard="true">444</start>
                <end isHard="true">597</end>
            </tw>
            <demand type="0">30</demand>
            <serviceTime>10.000</serviceTime>
        </request>
        <request id="48" node="48">
            <tw>
                <start isHard="true">694</start>
                <end isHard="true">962</end>
            </tw>
            <demand type="0">36</demand>
            <serviceTime>10.000</serviceTime>
        </request>
        <request id="55" node="55">
            <tw>
                <start isHard="true">442</start>
                <end isHard="true">917</end>
            </tw>
            <demand type="0">2</demand>
            <serviceTime>10.000</serviceTime>
        </request>
        <request id="54" node="54">
            <tw>
                <start isHard="true">595</start>
                <end isHard="true">780</end>
            </tw>
            <demand type="0">18</demand>
            <serviceTime>10.000</serviceTime>
        </request>
        <request id="53" node="53">
            <tw>
                <start isHard="true">301</start>
                <end isHard="true">602</end>
            </tw>
            <demand type="0">14</demand>
            <serviceTime>10.000</serviceTime>
        </request>
        <request id="52" node="52">
            <tw>
                <start isHard="true">111</start>
                <end isHard="true">362</end>
            </tw>
            <demand type="0">9</demand>
            <serviceTime>10.000</serviceTime>
        </request>
        <request id="59" node="59">
            <tw>
                <start isHard="true">17</start>
                <end isHard="true">441</end>
            </tw>
            <demand type="0">28</demand>
            <serviceTime>10.000</serviceTime>
        </request>
        <request id="58" node="58">
            <tw>
                <start isHard="true">458</start>
                <end isHard="true">980</end>
            </tw>
            <demand type="0">18</demand>
            <serviceTime>10.000</serviceTime>
        </request>
        <request id="57" node="57">
            <tw>
                <start isHard="true">366</start>
                <end isHard="true">585</end>
            </tw>
            <demand type="0">7</demand>
            <serviceTime>10.000</serviceTime>
        </request>
        <request id="56" node="56">
            <tw>
                <start isHard="true">426</start>
                <end isHard="true">851</end>
            </tw>
            <demand type="0">6</demand>
            <serviceTime>10.000</serviceTime>
        </request>
        <request id="63" node="63">
            <tw>
                <start isHard="true">34</start>
                <end isHard="true">348</end>
            </tw>
            <demand type="0">10</demand>
            <serviceTime>10.000</serviceTime>
        </request>
        <request id="62" node="62">
            <tw>
                <start isHard="true">25</start>
                <end isHard="true">583</end>
            </tw>
            <demand type="0">19</demand>
            <serviceTime>10.000</serviceTime>
        </request>
        <request id="61" node="61">
            <tw>
                <start isHard="true">246</start>
                <end isHard="true">421</end>
            </tw>
            <demand type="0">13</demand>
            <serviceTime>10.000</serviceTime>
        </request>
        <request id="60" node="60">
            <tw>
                <start isHard="true">651</start>
                <end isHard="true">932</end>
            </tw>
            <demand type="0">3</demand>
            <serviceTime>10.000</serviceTime>
        </request>
        <request id="68" node="68">
            <tw>
                <start isHard="true">464</start>
                <end isHard="true">925</end>
            </tw>
            <demand type="0">36</demand>
            <serviceTime>10.000</serviceTime>
        </request>
        <request id="69" node="69">
            <tw>
                <start isHard="true">12</start>
                <end isHard="true">535</end>
            </tw>
            <demand type="0">6</demand>
            <serviceTime>10.000</serviceTime>
        </request>
        <request id="70" node="70">
            <tw>
                <start isHard="true">249</start>
                <end isHard="true">968</end>
            </tw>
            <demand type="0">5</demand>
            <serviceTime>10.000</serviceTime>
        </request>
        <request id="71" node="71">
            <tw>
                <start isHard="true">218</start>
                <end isHard="true">417</end>
            </tw>
            <demand type="0">15</demand>
            <serviceTime>10.000</serviceTime>
        </request>
        <request id="64" node="64">
            <tw>
                <start isHard="true">46</start>
                <end isHard="true">523</end>
            </tw>
            <demand type="0">9</demand>
            <serviceTime>10.000</serviceTime>
        </request>
        <request id="65" node="65">
            <tw>
                <start isHard="true">49</start>
                <end isHard="true">608</end>
            </tw>
            <demand type="0">20</demand>
            <serviceTime>10.000</serviceTime>
        </request>
        <request id="66" node="66">
            <tw>
                <start isHard="true">440</start>
                <end isHard="true">845</end>
            </tw>
            <demand type="0">25</demand>
            <serviceTime>10.000</serviceTime>
        </request>
        <request id="67" node="67">
            <tw>
                <start isHard="true">132</start>
                <end isHard="true">563</end>
            </tw>
            <demand type="0">25</demand>
            <serviceTime>10.000</serviceTime>
        </request>
        <request id="76" node="76">
            <tw>
                <start isHard="true">166</start>
                <end isHard="true">497</end>
            </tw>
            <demand type="0">13</demand>
            <serviceTime>10.000</serviceTime>
        </request>
        <request id="77" node="77">
            <tw>
                <start isHard="true">430</start>
                <end isHard="true">970</end>
            </tw>
            <demand type="0">14</demand>
            <serviceTime>10.000</serviceTime>
        </request>
        <request id="78" node="78">
            <tw>
                <start isHard="true">212</start>
                <end isHard="true">671</end>
            </tw>
            <demand type="0">3</demand>
            <serviceTime>10.000</serviceTime>
        </request>
        <request id="79" node="79">
            <tw>
                <start isHard="true">273</start>
                <end isHard="true">580</end>
            </tw>
            <demand type="0">23</demand>
            <serviceTime>10.000</serviceTime>
        </request>
        <request id="72" node="72">
            <tw>
                <start isHard="true">22</start>
                <end isHard="true">377</end>
            </tw>
            <demand type="0">25</demand>
            <serviceTime>10.000</serviceTime>
        </request>
        <request id="73" node="73">
            <tw>
                <start isHard="true">263</start>
                <end isHard="true">444</end>
            </tw>
            <demand type="0">9</demand>
            <serviceTime>10.000</serviceTime>
        </request>
        <request id="74" node="74">
            <tw>
                <start isHard="true">479</start>
                <end isHard="true">965</end>
            </tw>
            <demand type="0">8</demand>
            <serviceTime>10.000</serviceTime>
        </request>
        <request id="75" node="75">
            <tw>
                <start isHard="true">182</start>
                <end isHard="true">399</end>
            </tw>
            <demand type="0">18</demand>
            <serviceTime>10.000</serviceTime>
        </request>
        <request id="85" node="85">
            <tw>
                <start isHard="true">333</start>
                <end isHard="true">504</end>
            </tw>
            <demand type="0">41</demand>
            <serviceTime>10.000</serviceTime>
        </request>
        <request id="84" node="84">
            <tw>
                <start isHard="true">323</start>
                <end isHard="true">624</end>
            </tw>
            <demand type="0">7</demand>
            <serviceTime>10.000</serviceTime>
        </request>
        <request id="87" node="87">
            <tw>
                <start isHard="true">380</start>
                <end isHard="true">487</end>
            </tw>
            <demand type="0">26</demand>
            <serviceTime>10.000</serviceTime>
        </request>
        <request id="86" node="86">
            <tw>
                <start isHard="true">350</start>
                <end isHard="true">503</end>
            </tw>
            <demand type="0">35</demand>
            <serviceTime>10.000</serviceTime>
        </request>
        <request id="81" node="81">
            <tw>
                <start isHard="true">388</start>
                <end isHard="true">479</end>
            </tw>
            <demand type="0">26</demand>
            <serviceTime>10.000</serviceTime>
        </request>
        <request id="80" node="80">
            <tw>
                <start isHard="true">452</start>
                <end isHard="true">968</end>
            </tw>
            <demand type="0">6</demand>
            <serviceTime>10.000</serviceTime>
        </request>
        <request id="83" node="83">
            <tw>
                <start isHard="true">21</start>
                <end isHard="true">328</end>
            </tw>
            <demand type="0">11</demand>
            <serviceTime>10.000</serviceTime>
        </request>
        <request id="82" node="82">
            <tw>
                <start isHard="true">99</start>
                <end isHard="true">352</end>
            </tw>
            <demand type="0">16</demand>
            <serviceTime>10.000</serviceTime>
        </request>
        <request id="93" node="93">
            <tw>
                <start isHard="true">339</start>
                <end isHard="true">969</end>
            </tw>
            <demand type="0">22</demand>
            <serviceTime>10.000</serviceTime>
        </request>
        <request id="92" node="92">
            <tw>
                <start isHard="true">18</start>
                <end isHard="true">673</end>
            </tw>
            <demand type="0">2</demand>
            <serviceTime>10.000</serviceTime>
        </request>
        <request id="95" node="95">
            <tw>
                <start isHard="true">22</start>
                <end isHard="true">301</end>
            </tw>
            <demand type="0">20</demand>
            <serviceTime>10.000</serviceTime>
        </request>
        <request id="94" node="94">
            <tw>
                <start isHard="true">403</start>
                <end isHard="true">536</end>
            </tw>
            <demand type="0">27</demand>
            <serviceTime>10.000</serviceTime>
        </request>
        <request id="89" node="89">
            <tw>
                <start isHard="true">649</start>
                <end isHard="true">981</end>
            </tw>
            <demand type="0">15</demand>
            <serviceTime>10.000</serviceTime>
        </request>
        <request id="88" node="88">
            <tw>
                <start isHard="true">114</start>
                <end isHard="true">553</end>
            </tw>
            <demand type="0">9</demand>
            <serviceTime>10.000</serviceTime>
        </request>
        <request id="91" node="91">
            <tw>
                <start isHard="true">675</start>
                <end isHard="true">930</end>
            </tw>
            <demand type="0">1</demand>
            <serviceTime>10.000</serviceTime>
        </request>
        <request id="90" node="90">
            <tw>
                <start isHard="true">345</start>
                <end isHard="true">534</end>
            </tw>
            <demand type="0">3</demand>
            <serviceTime>10.000</serviceTime>
        </request>
        <request id="100" node="100">
            <tw>
                <start isHard="true">297</start>
                <end isHard="true">965</end>
            </tw>
            <demand type="0">17</demand>
            <serviceTime>10.000</serviceTime>
        </request>
        <request id="98" node="98">
            <tw>
                <start isHard="true">122</start>
                <end isHard="true">367</end>
            </tw>
            <demand type="0">10</demand>
            <serviceTime>10.000</serviceTime>
        </request>
        <request id="99" node="99">
            <tw>
                <start isHard="true">185</start>
                <end isHard="true">580</end>
            </tw>
            <demand type="0">9</demand>
            <serviceTime>10.000</serviceTime>
        </request>
        <request id="96" node="96">
            <tw>
                <start isHard="true">565</start>
                <end isHard="true">732</end>
            </tw>
            <demand type="0">11</demand>
            <serviceTime>10.000</serviceTime>
        </request>
        <request id="97" node="97">
            <tw>
                <start isHard="true">582</start>
                <end isHard="true">703</end>
            </tw>
            <demand type="0">12</demand>
            <serviceTime>10.000</serviceTime>
        </request>
    </requests>
</instance>
