<?xml version="1.0" encoding="UTF-8" standalone="yes"?>
<instance>
    <info>
        <name>C205</name>
        <problem>CVRPTW</problem>
        <reference>Solomon, M. M. Algorithms for the Vehicle-Routing and Scheduling Problems with Time Window Constraints Operations Research, 1987, 35, 254-265</reference>
        <contributor>
            <name>Victor Pillac</name>
            <email>vpillac@nicta.com.au</email>
        </contributor>
    </info>
    <network>
        <nodes>
            <node id="0" type="0">
                <location>
                    <euclidean>
                        <cx>40.0</cx>
                        <cy>50.0</cy>
                    </euclidean>
                </location>
            </node>
            <node id="1" type="1">
                <location>
                    <euclidean>
                        <cx>52.0</cx>
                        <cy>75.0</cy>
                    </euclidean>
                </location>
            </node>
            <node id="2" type="1">
                <location>
                    <euclidean>
                        <cx>45.0</cx>
                        <cy>70.0</cy>
                    </euclidean>
                </location>
            </node>
            <node id="3" type="1">
                <location>
                    <euclidean>
                        <cx>62.0</cx>
                        <cy>69.0</cy>
                    </euclidean>
                </location>
            </node>
            <node id="4" type="1">
                <location>
                    <euclidean>
                        <cx>60.0</cx>
                        <cy>66.0</cy>
                    </euclidean>
                </location>
            </node>
            <node id="5" type="1">
                <location>
                    <euclidean>
                        <cx>42.0</cx>
                        <cy>65.0</cy>
                    </euclidean>
                </location>
            </node>
            <node id="6" type="1">
                <location>
                    <euclidean>
                        <cx>16.0</cx>
                        <cy>42.0</cy>
                    </euclidean>
                </location>
            </node>
            <node id="7" type="1">
                <location>
                    <euclidean>
                        <cx>58.0</cx>
                        <cy>70.0</cy>
                    </euclidean>
                </location>
            </node>
            <node id="8" type="1">
                <location>
                    <euclidean>
                        <cx>34.0</cx>
                        <cy>60.0</cy>
                    </euclidean>
                </location>
            </node>
            <node id="9" type="1">
                <location>
                    <euclidean>
                        <cx>28.0</cx>
                        <cy>70.0</cy>
                    </euclidean>
                </location>
            </node>
            <node id="10" type="1">
                <location>
                    <euclidean>
                        <cx>35.0</cx>
                        <cy>66.0</cy>
                    </euclidean>
                </location>
            </node>
            <node id="11" type="1">
                <location>
                    <euclidean>
                        <cx>35.0</cx>
                        <cy>69.0</cy>
                    </euclidean>
                </location>
            </node>
            <node id="12" type="1">
                <location>
                    <euclidean>
                        <cx>25.0</cx>
                        <cy>85.0</cy>
                    </euclidean>
                </location>
            </node>
            <node id="13" type="1">
                <location>
                    <euclidean>
                        <cx>22.0</cx>
                        <cy>75.0</cy>
                    </euclidean>
                </location>
            </node>
            <node id="14" type="1">
                <location>
                    <euclidean>
                        <cx>22.0</cx>
                        <cy>85.0</cy>
                    </euclidean>
                </location>
            </node>
            <node id="15" type="1">
                <location>
                    <euclidean>
                        <cx>20.0</cx>
                        <cy>80.0</cy>
                    </euclidean>
                </location>
            </node>
            <node id="17" type="1">
                <location>
                    <euclidean>
                        <cx>18.0</cx>
                        <cy>75.0</cy>
                    </euclidean>
                </location>
            </node>
            <node id="16" type="1">
                <location>
                    <euclidean>
                        <cx>20.0</cx>
                        <cy>85.0</cy>
                    </euclidean>
                </location>
            </node>
            <node id="19" type="1">
                <location>
                    <euclidean>
                        <cx>15.0</cx>
                        <cy>80.0</cy>
                    </euclidean>
                </location>
            </node>
            <node id="18" type="1">
                <location>
                    <euclidean>
                        <cx>15.0</cx>
                        <cy>75.0</cy>
                    </euclidean>
                </location>
            </node>
            <node id="21" type="1">
                <location>
                    <euclidean>
                        <cx>30.0</cx>
                        <cy>56.0</cy>
                    </euclidean>
                </location>
            </node>
            <node id="20" type="1">
                <location>
                    <euclidean>
                        <cx>30.0</cx>
                        <cy>50.0</cy>
                    </euclidean>
                </location>
            </node>
            <node id="23" type="1">
                <location>
                    <euclidean>
                        <cx>14.0</cx>
                        <cy>66.0</cy>
                    </euclidean>
                </location>
            </node>
            <node id="22" type="1">
                <location>
                    <euclidean>
                        <cx>28.0</cx>
                        <cy>52.0</cy>
                    </euclidean>
                </location>
            </node>
            <node id="25" type="1">
                <location>
                    <euclidean>
                        <cx>22.0</cx>
                        <cy>66.0</cy>
                    </euclidean>
                </location>
            </node>
            <node id="24" type="1">
                <location>
                    <euclidean>
                        <cx>25.0</cx>
                        <cy>50.0</cy>
                    </euclidean>
                </location>
            </node>
            <node id="27" type="1">
                <location>
                    <euclidean>
                        <cx>23.0</cx>
                        <cy>52.0</cy>
                    </euclidean>
                </location>
            </node>
            <node id="26" type="1">
                <location>
                    <euclidean>
                        <cx>8.0</cx>
                        <cy>62.0</cy>
                    </euclidean>
                </location>
            </node>
            <node id="29" type="1">
                <location>
                    <euclidean>
                        <cx>20.0</cx>
                        <cy>50.0</cy>
                    </euclidean>
                </location>
            </node>
            <node id="28" type="1">
                <location>
                    <euclidean>
                        <cx>4.0</cx>
                        <cy>55.0</cy>
                    </euclidean>
                </location>
            </node>
            <node id="31" type="1">
                <location>
                    <euclidean>
                        <cx>10.0</cx>
                        <cy>35.0</cy>
                    </euclidean>
                </location>
            </node>
            <node id="30" type="1">
                <location>
                    <euclidean>
                        <cx>20.0</cx>
                        <cy>55.0</cy>
                    </euclidean>
                </location>
            </node>
            <node id="34" type="1">
                <location>
                    <euclidean>
                        <cx>8.0</cx>
                        <cy>45.0</cy>
                    </euclidean>
                </location>
            </node>
            <node id="35" type="1">
                <location>
                    <euclidean>
                        <cx>5.0</cx>
                        <cy>35.0</cy>
                    </euclidean>
                </location>
            </node>
            <node id="32" type="1">
                <location>
                    <euclidean>
                        <cx>10.0</cx>
                        <cy>40.0</cy>
                    </euclidean>
                </location>
            </node>
            <node id="33" type="1">
                <location>
                    <euclidean>
                        <cx>8.0</cx>
                        <cy>40.0</cy>
                    </euclidean>
                </location>
            </node>
            <node id="38" type="1">
                <location>
                    <euclidean>
                        <cx>0.0</cx>
                        <cy>40.0</cy>
                    </euclidean>
                </location>
            </node>
            <node id="39" type="1">
                <location>
                    <euclidean>
                        <cx>0.0</cx>
                        <cy>45.0</cy>
                    </euclidean>
                </location>
            </node>
            <node id="36" type="1">
                <location>
                    <euclidean>
                        <cx>5.0</cx>
                        <cy>45.0</cy>
                    </euclidean>
                </location>
            </node>
            <node id="37" type="1">
                <location>
                    <euclidean>
                        <cx>2.0</cx>
                        <cy>40.0</cy>
                    </euclidean>
                </location>
            </node>
            <node id="42" type="1">
                <location>
                    <euclidean>
                        <cx>33.0</cx>
                        <cy>32.0</cy>
                    </euclidean>
                </location>
            </node>
            <node id="43" type="1">
                <location>
                    <euclidean>
                        <cx>33.0</cx>
                        <cy>35.0</cy>
                    </euclidean>
                </location>
            </node>
            <node id="40" type="1">
                <location>
                    <euclidean>
                        <cx>36.0</cx>
                        <cy>18.0</cy>
                    </euclidean>
                </location>
            </node>
            <node id="41" type="1">
                <location>
                    <euclidean>
                        <cx>35.0</cx>
                        <cy>32.0</cy>
                    </euclidean>
                </location>
            </node>
            <node id="46" type="1">
                <location>
                    <euclidean>
                        <cx>34.0</cx>
                        <cy>25.0</cy>
                    </euclidean>
                </location>
            </node>
            <node id="47" type="1">
                <location>
                    <euclidean>
                        <cx>30.0</cx>
                        <cy>35.0</cy>
                    </euclidean>
                </location>
            </node>
            <node id="44" type="1">
                <location>
                    <euclidean>
                        <cx>32.0</cx>
                        <cy>20.0</cy>
                    </euclidean>
                </location>
            </node>
            <node id="45" type="1">
                <location>
                    <euclidean>
                        <cx>30.0</cx>
                        <cy>30.0</cy>
                    </euclidean>
                </location>
            </node>
            <node id="51" type="1">
                <location>
                    <euclidean>
                        <cx>25.0</cx>
                        <cy>30.0</cy>
                    </euclidean>
                </location>
            </node>
            <node id="50" type="1">
                <location>
                    <euclidean>
                        <cx>26.0</cx>
                        <cy>32.0</cy>
                    </euclidean>
                </location>
            </node>
            <node id="49" type="1">
                <location>
                    <euclidean>
                        <cx>48.0</cx>
                        <cy>20.0</cy>
                    </euclidean>
                </location>
            </node>
            <node id="48" type="1">
                <location>
                    <euclidean>
                        <cx>36.0</cx>
                        <cy>40.0</cy>
                    </euclidean>
                </location>
            </node>
            <node id="55" type="1">
                <location>
                    <euclidean>
                        <cx>42.0</cx>
                        <cy>15.0</cy>
                    </euclidean>
                </location>
            </node>
            <node id="54" type="1">
                <location>
                    <euclidean>
                        <cx>42.0</cx>
                        <cy>10.0</cy>
                    </euclidean>
                </location>
            </node>
            <node id="53" type="1">
                <location>
                    <euclidean>
                        <cx>44.0</cx>
                        <cy>5.0</cy>
                    </euclidean>
                </location>
            </node>
            <node id="52" type="1">
                <location>
                    <euclidean>
                        <cx>25.0</cx>
                        <cy>35.0</cy>
                    </euclidean>
                </location>
            </node>
            <node id="59" type="1">
                <location>
                    <euclidean>
                        <cx>38.0</cx>
                        <cy>10.0</cy>
                    </euclidean>
                </location>
            </node>
            <node id="58" type="1">
                <location>
                    <euclidean>
                        <cx>38.0</cx>
                        <cy>5.0</cy>
                    </euclidean>
                </location>
            </node>
            <node id="57" type="1">
                <location>
                    <euclidean>
                        <cx>38.0</cx>
                        <cy>15.0</cy>
                    </euclidean>
                </location>
            </node>
            <node id="56" type="1">
                <location>
                    <euclidean>
                        <cx>40.0</cx>
                        <cy>5.0</cy>
                    </euclidean>
                </location>
            </node>
            <node id="63" type="1">
                <location>
                    <euclidean>
                        <cx>50.0</cx>
                        <cy>40.0</cy>
                    </euclidean>
                </location>
            </node>
            <node id="62" type="1">
                <location>
                    <euclidean>
                        <cx>50.0</cx>
                        <cy>35.0</cy>
                    </euclidean>
                </location>
            </node>
            <node id="61" type="1">
                <location>
                    <euclidean>
                        <cx>50.0</cx>
                        <cy>30.0</cy>
                    </euclidean>
                </location>
            </node>
            <node id="60" type="1">
                <location>
                    <euclidean>
                        <cx>35.0</cx>
                        <cy>5.0</cy>
                    </euclidean>
                </location>
            </node>
            <node id="68" type="1">
                <location>
                    <euclidean>
                        <cx>42.0</cx>
                        <cy>30.0</cy>
                    </euclidean>
                </location>
            </node>
            <node id="69" type="1">
                <location>
                    <euclidean>
                        <cx>45.0</cx>
                        <cy>35.0</cy>
                    </euclidean>
                </location>
            </node>
            <node id="70" type="1">
                <location>
                    <euclidean>
                        <cx>95.0</cx>
                        <cy>30.0</cy>
                    </euclidean>
                </location>
            </node>
            <node id="71" type="1">
                <location>
                    <euclidean>
                        <cx>95.0</cx>
                        <cy>35.0</cy>
                    </euclidean>
                </location>
            </node>
            <node id="64" type="1">
                <location>
                    <euclidean>
                        <cx>48.0</cx>
                        <cy>30.0</cy>
                    </euclidean>
                </location>
            </node>
            <node id="65" type="1">
                <location>
                    <euclidean>
                        <cx>44.0</cx>
                        <cy>25.0</cy>
                    </euclidean>
                </location>
            </node>
            <node id="66" type="1">
                <location>
                    <euclidean>
                        <cx>47.0</cx>
                        <cy>35.0</cy>
                    </euclidean>
                </location>
            </node>
            <node id="67" type="1">
                <location>
                    <euclidean>
                        <cx>47.0</cx>
                        <cy>40.0</cy>
                    </euclidean>
                </location>
            </node>
            <node id="76" type="1">
                <location>
                    <euclidean>
                        <cx>90.0</cx>
                        <cy>35.0</cy>
                    </euclidean>
                </location>
            </node>
            <node id="77" type="1">
                <location>
                    <euclidean>
                        <cx>72.0</cx>
                        <cy>45.0</cy>
                    </euclidean>
                </location>
            </node>
            <node id="78" type="1">
                <location>
                    <euclidean>
                        <cx>78.0</cx>
                        <cy>40.0</cy>
                    </euclidean>
                </location>
            </node>
            <node id="79" type="1">
                <location>
                    <euclidean>
                        <cx>87.0</cx>
                        <cy>30.0</cy>
                    </euclidean>
                </location>
            </node>
            <node id="72" type="1">
                <location>
                    <euclidean>
                        <cx>53.0</cx>
                        <cy>30.0</cy>
                    </euclidean>
                </location>
            </node>
            <node id="73" type="1">
                <location>
                    <euclidean>
                        <cx>92.0</cx>
                        <cy>30.0</cy>
                    </euclidean>
                </location>
            </node>
            <node id="74" type="1">
                <location>
                    <euclidean>
                        <cx>53.0</cx>
                        <cy>35.0</cy>
                    </euclidean>
                </location>
            </node>
            <node id="75" type="1">
                <location>
                    <euclidean>
                        <cx>45.0</cx>
                        <cy>65.0</cy>
                    </euclidean>
                </location>
            </node>
            <node id="85" type="1">
                <location>
                    <euclidean>
                        <cx>86.0</cx>
                        <cy>46.0</cy>
                    </euclidean>
                </location>
            </node>
            <node id="84" type="1">
                <location>
                    <euclidean>
                        <cx>70.0</cx>
                        <cy>58.0</cy>
                    </euclidean>
                </location>
            </node>
            <node id="87" type="1">
                <location>
                    <euclidean>
                        <cx>64.0</cx>
                        <cy>46.0</cy>
                    </euclidean>
                </location>
            </node>
            <node id="86" type="1">
                <location>
                    <euclidean>
                        <cx>66.0</cx>
                        <cy>55.0</cy>
                    </euclidean>
                </location>
            </node>
            <node id="81" type="1">
                <location>
                    <euclidean>
                        <cx>85.0</cx>
                        <cy>35.0</cy>
                    </euclidean>
                </location>
            </node>
            <node id="80" type="1">
                <location>
                    <euclidean>
                        <cx>85.0</cx>
                        <cy>25.0</cy>
                    </euclidean>
                </location>
            </node>
            <node id="83" type="1">
                <location>
                    <euclidean>
                        <cx>72.0</cx>
                        <cy>55.0</cy>
                    </euclidean>
                </location>
            </node>
            <node id="82" type="1">
                <location>
                    <euclidean>
                        <cx>75.0</cx>
                        <cy>55.0</cy>
                    </euclidean>
                </location>
            </node>
            <node id="93" type="1">
                <location>
                    <euclidean>
                        <cx>42.0</cx>
                        <cy>58.0</cy>
                    </euclidean>
                </location>
            </node>
            <node id="92" type="1">
                <location>
                    <euclidean>
                        <cx>67.0</cx>
                        <cy>85.0</cy>
                    </euclidean>
                </location>
            </node>
            <node id="95" type="1">
                <location>
                    <euclidean>
                        <cx>62.0</cx>
                        <cy>80.0</cy>
                    </euclidean>
                </location>
            </node>
            <node id="94" type="1">
                <location>
                    <euclidean>
                        <cx>65.0</cx>
                        <cy>82.0</cy>
                    </euclidean>
                </location>
            </node>
            <node id="89" type="1">
                <location>
                    <euclidean>
                        <cx>56.0</cx>
                        <cy>64.0</cy>
                    </euclidean>
                </location>
            </node>
            <node id="88" type="1">
                <location>
                    <euclidean>
                        <cx>65.0</cx>
                        <cy>60.0</cy>
                    </euclidean>
                </location>
            </node>
            <node id="91" type="1">
                <location>
                    <euclidean>
                        <cx>60.0</cx>
                        <cy>60.0</cy>
                    </euclidean>
                </location>
            </node>
            <node id="90" type="1">
                <location>
                    <euclidean>
                        <cx>60.0</cx>
                        <cy>55.0</cy>
                    </euclidean>
                </location>
            </node>
            <node id="100" type="1">
                <location>
                    <euclidean>
                        <cx>55.0</cx>
                        <cy>85.0</cy>
                    </euclidean>
                </location>
            </node>
            <node id="98" type="1">
                <location>
                    <euclidean>
                        <cx>58.0</cx>
                        <cy>75.0</cy>
                    </euclidean>
                </location>
            </node>
            <node id="99" type="1">
                <location>
                    <euclidean>
                        <cx>55.0</cx>
                        <cy>80.0</cy>
                    </euclidean>
                </location>
            </node>
            <node id="96" type="1">
                <location>
                    <euclidean>
                        <cx>62.0</cx>
                        <cy>40.0</cy>
                    </euclidean>
                </location>
            </node>
            <node id="97" type="1">
                <location>
                    <euclidean>
                        <cx>60.0</cx>
                        <cy>85.0</cy>
                    </euclidean>
                </location>
            </node>
        </nodes>
        <descriptor>
            <isComplete>true</isComplete>
            <distanceType>EUC_2D</distanceType>
        </descriptor>
    </network>
    <fleet>
        <vehicle type="0">
            <number>25</number>
            <capacity>700.0</capacity>
        </vehicle>
    </fleet>
    <requests>
        <request id="1" node="1">
            <tw>
                <start isHard="true">231</start>
                <end isHard="true">551</end>
            </tw>
            <demand type="0">10</demand>
            <serviceTime>90.000</serviceTime>
        </request>
        <request id="2" node="2">
            <tw>
                <start isHard="true">133</start>
                <end isHard="true">453</end>
            </tw>
            <demand type="0">30</demand>
            <serviceTime>90.000</serviceTime>
        </request>
        <request id="3" node="3">
            <tw>
                <start isHard="true">1087</start>
                <end isHard="true">1407</end>
            </tw>
            <demand type="0">10</demand>
            <serviceTime>90.000</serviceTime>
        </request>
        <request id="4" node="4">
            <tw>
                <start isHard="true">1181</start>
                <end isHard="true">1501</end>
            </tw>
            <demand type="0">10</demand>
            <serviceTime>90.000</serviceTime>
        </request>
        <request id="5" node="5">
            <tw>
                <start isHard="true">15</start>
                <end isHard="true">335</end>
            </tw>
            <demand type="0">10</demand>
            <serviceTime>90.000</serviceTime>
        </request>
        <request id="6" node="6">
            <tw>
                <start isHard="true">417</start>
                <end isHard="true">737</end>
            </tw>
            <demand type="0">20</demand>
            <serviceTime>90.000</serviceTime>
        </request>
        <request id="7" node="7">
            <tw>
                <start isHard="true">993</start>
                <end isHard="true">1313</end>
            </tw>
            <demand type="0">20</demand>
            <serviceTime>90.000</serviceTime>
        </request>
        <request id="8" node="8">
            <tw>
                <start isHard="true">2807</start>
                <end isHard="true">3127</end>
            </tw>
            <demand type="0">20</demand>
            <serviceTime>90.000</serviceTime>
        </request>
        <request id="9" node="9">
            <tw>
                <start isHard="true">2521</start>
                <end isHard="true">2841</end>
            </tw>
            <demand type="0">10</demand>
            <serviceTime>90.000</serviceTime>
        </request>
        <request id="10" node="10">
            <tw>
                <start isHard="true">2711</start>
                <end isHard="true">3031</end>
            </tw>
            <demand type="0">10</demand>
            <serviceTime>90.000</serviceTime>
        </request>
        <request id="11" node="11">
            <tw>
                <start isHard="true">2618</start>
                <end isHard="true">2938</end>
            </tw>
            <demand type="0">10</demand>
            <serviceTime>90.000</serviceTime>
        </request>
        <request id="12" node="12">
            <tw>
                <start isHard="true">2039</start>
                <end isHard="true">2359</end>
            </tw>
            <demand type="0">20</demand>
            <serviceTime>90.000</serviceTime>
        </request>
        <request id="13" node="13">
            <tw>
                <start isHard="true">2325</start>
                <end isHard="true">2645</end>
            </tw>
            <demand type="0">30</demand>
            <serviceTime>90.000</serviceTime>
        </request>
        <request id="14" node="14">
            <tw>
                <start isHard="true">1946</start>
                <end isHard="true">2266</end>
            </tw>
            <demand type="0">10</demand>
            <serviceTime>90.000</serviceTime>
        </request>
        <request id="15" node="15">
            <tw>
                <start isHard="true">2136</start>
                <end isHard="true">2456</end>
            </tw>
            <demand type="0">40</demand>
            <serviceTime>90.000</serviceTime>
        </request>
        <request id="17" node="17">
            <tw>
                <start isHard="true">2231</start>
                <end isHard="true">2551</end>
            </tw>
            <demand type="0">20</demand>
            <serviceTime>90.000</serviceTime>
        </request>
        <request id="16" node="16">
            <tw>
                <start isHard="true">1854</start>
                <end isHard="true">2174</end>
            </tw>
            <demand type="0">40</demand>
            <serviceTime>90.000</serviceTime>
        </request>
        <request id="19" node="19">
            <tw>
                <start isHard="true">1757</start>
                <end isHard="true">2077</end>
            </tw>
            <demand type="0">10</demand>
            <serviceTime>90.000</serviceTime>
        </request>
        <request id="18" node="18">
            <tw>
                <start isHard="true">1662</start>
                <end isHard="true">1982</end>
            </tw>
            <demand type="0">20</demand>
            <serviceTime>90.000</serviceTime>
        </request>
        <request id="21" node="21">
            <tw>
                <start isHard="true">2903</start>
                <end isHard="true">3223</end>
            </tw>
            <demand type="0">20</demand>
            <serviceTime>90.000</serviceTime>
        </request>
        <request id="20" node="20">
            <tw>
                <start isHard="true">10</start>
                <end isHard="true">330</end>
            </tw>
            <demand type="0">10</demand>
            <serviceTime>90.000</serviceTime>
        </request>
        <request id="23" node="23">
            <tw>
                <start isHard="true">1563</start>
                <end isHard="true">1883</end>
            </tw>
            <demand type="0">10</demand>
            <serviceTime>90.000</serviceTime>
        </request>
        <request id="22" node="22">
            <tw>
                <start isHard="true">12</start>
                <end isHard="true">332</end>
            </tw>
            <demand type="0">20</demand>
            <serviceTime>90.000</serviceTime>
        </request>
        <request id="25" node="25">
            <tw>
                <start isHard="true">2424</start>
                <end isHard="true">2744</end>
            </tw>
            <demand type="0">40</demand>
            <serviceTime>90.000</serviceTime>
        </request>
        <request id="24" node="24">
            <tw>
                <start isHard="true">36</start>
                <end isHard="true">356</end>
            </tw>
            <demand type="0">10</demand>
            <serviceTime>90.000</serviceTime>
        </request>
        <request id="27" node="27">
            <tw>
                <start isHard="true">129</start>
                <end isHard="true">449</end>
            </tw>
            <demand type="0">10</demand>
            <serviceTime>90.000</serviceTime>
        </request>
        <request id="26" node="26">
            <tw>
                <start isHard="true">1465</start>
                <end isHard="true">1785</end>
            </tw>
            <demand type="0">10</demand>
            <serviceTime>90.000</serviceTime>
        </request>
        <request id="29" node="29">
            <tw>
                <start isHard="true">318</start>
                <end isHard="true">638</end>
            </tw>
            <demand type="0">10</demand>
            <serviceTime>90.000</serviceTime>
        </request>
        <request id="28" node="28">
            <tw>
                <start isHard="true">1367</start>
                <end isHard="true">1687</end>
            </tw>
            <demand type="0">20</demand>
            <serviceTime>90.000</serviceTime>
        </request>
        <request id="31" node="31">
            <tw>
                <start isHard="true">701</start>
                <end isHard="true">1021</end>
            </tw>
            <demand type="0">20</demand>
            <serviceTime>90.000</serviceTime>
        </request>
        <request id="30" node="30">
            <tw>
                <start isHard="true">223</start>
                <end isHard="true">543</end>
            </tw>
            <demand type="0">10</demand>
            <serviceTime>90.000</serviceTime>
        </request>
        <request id="34" node="34">
            <tw>
                <start isHard="true">1266</start>
                <end isHard="true">1586</end>
            </tw>
            <demand type="0">20</demand>
            <serviceTime>90.000</serviceTime>
        </request>
        <request id="35" node="35">
            <tw>
                <start isHard="true">796</start>
                <end isHard="true">1116</end>
            </tw>
            <demand type="0">10</demand>
            <serviceTime>90.000</serviceTime>
        </request>
        <request id="32" node="32">
            <tw>
                <start isHard="true">513</start>
                <end isHard="true">833</end>
            </tw>
            <demand type="0">30</demand>
            <serviceTime>90.000</serviceTime>
        </request>
        <request id="33" node="33">
            <tw>
                <start isHard="true">605</start>
                <end isHard="true">925</end>
            </tw>
            <demand type="0">40</demand>
            <serviceTime>90.000</serviceTime>
        </request>
        <request id="38" node="38">
            <tw>
                <start isHard="true">983</start>
                <end isHard="true">1303</end>
            </tw>
            <demand type="0">30</demand>
            <serviceTime>90.000</serviceTime>
        </request>
        <request id="39" node="39">
            <tw>
                <start isHard="true">1078</start>
                <end isHard="true">1398</end>
            </tw>
            <demand type="0">20</demand>
            <serviceTime>90.000</serviceTime>
        </request>
        <request id="36" node="36">
            <tw>
                <start isHard="true">1173</start>
                <end isHard="true">1493</end>
            </tw>
            <demand type="0">10</demand>
            <serviceTime>90.000</serviceTime>
        </request>
        <request id="37" node="37">
            <tw>
                <start isHard="true">891</start>
                <end isHard="true">1211</end>
            </tw>
            <demand type="0">20</demand>
            <serviceTime>90.000</serviceTime>
        </request>
        <request id="42" node="42">
            <tw>
                <start isHard="true">2586</start>
                <end isHard="true">2906</end>
            </tw>
            <demand type="0">20</demand>
            <serviceTime>90.000</serviceTime>
        </request>
        <request id="43" node="43">
            <tw>
                <start isHard="true">2493</start>
                <end isHard="true">2813</end>
            </tw>
            <demand type="0">10</demand>
            <serviceTime>90.000</serviceTime>
        </request>
        <request id="40" node="40">
            <tw>
                <start isHard="true">1739</start>
                <end isHard="true">2059</end>
            </tw>
            <demand type="0">10</demand>
            <serviceTime>90.000</serviceTime>
        </request>
        <request id="41" node="41">
            <tw>
                <start isHard="true">2678</start>
                <end isHard="true">2998</end>
            </tw>
            <demand type="0">10</demand>
            <serviceTime>90.000</serviceTime>
        </request>
        <request id="46" node="46">
            <tw>
                <start isHard="true">1929</start>
                <end isHard="true">2249</end>
            </tw>
            <demand type="0">30</demand>
            <serviceTime>90.000</serviceTime>
        </request>
        <request id="47" node="47">
            <tw>
                <start isHard="true">2400</start>
                <end isHard="true">2720</end>
            </tw>
            <demand type="0">10</demand>
            <serviceTime>90.000</serviceTime>
        </request>
        <request id="44" node="44">
            <tw>
                <start isHard="true">1833</start>
                <end isHard="true">2153</end>
            </tw>
            <demand type="0">10</demand>
            <serviceTime>90.000</serviceTime>
        </request>
        <request id="45" node="45">
            <tw>
                <start isHard="true">2025</start>
                <end isHard="true">2345</end>
            </tw>
            <demand type="0">10</demand>
            <serviceTime>90.000</serviceTime>
        </request>
        <request id="51" node="51">
            <tw>
                <start isHard="true">2120</start>
                <end isHard="true">2440</end>
            </tw>
            <demand type="0">10</demand>
            <serviceTime>90.000</serviceTime>
        </request>
        <request id="50" node="50">
            <tw>
                <start isHard="true">2212</start>
                <end isHard="true">2532</end>
            </tw>
            <demand type="0">10</demand>
            <serviceTime>90.000</serviceTime>
        </request>
        <request id="49" node="49">
            <tw>
                <start isHard="true">887</start>
                <end isHard="true">1207</end>
            </tw>
            <demand type="0">10</demand>
            <serviceTime>90.000</serviceTime>
        </request>
        <request id="48" node="48">
            <tw>
                <start isHard="true">2776</start>
                <end isHard="true">3096</end>
            </tw>
            <demand type="0">10</demand>
            <serviceTime>90.000</serviceTime>
        </request>
        <request id="55" node="55">
            <tw>
                <start isHard="true">985</start>
                <end isHard="true">1305</end>
            </tw>
            <demand type="0">10</demand>
            <serviceTime>90.000</serviceTime>
        </request>
        <request id="54" node="54">
            <tw>
                <start isHard="true">1080</start>
                <end isHard="true">1400</end>
            </tw>
            <demand type="0">40</demand>
            <serviceTime>90.000</serviceTime>
        </request>
        <request id="53" node="53">
            <tw>
                <start isHard="true">1176</start>
                <end isHard="true">1496</end>
            </tw>
            <demand type="0">20</demand>
            <serviceTime>90.000</serviceTime>
        </request>
        <request id="52" node="52">
            <tw>
                <start isHard="true">2305</start>
                <end isHard="true">2625</end>
            </tw>
            <demand type="0">10</demand>
            <serviceTime>90.000</serviceTime>
        </request>
        <request id="59" node="59">
            <tw>
                <start isHard="true">1550</start>
                <end isHard="true">1870</end>
            </tw>
            <demand type="0">10</demand>
            <serviceTime>90.000</serviceTime>
        </request>
        <request id="58" node="58">
            <tw>
                <start isHard="true">1362</start>
                <end isHard="true">1682</end>
            </tw>
            <demand type="0">30</demand>
            <serviceTime>90.000</serviceTime>
        </request>
        <request id="57" node="57">
            <tw>
                <start isHard="true">1645</start>
                <end isHard="true">1965</end>
            </tw>
            <demand type="0">40</demand>
            <serviceTime>90.000</serviceTime>
        </request>
        <request id="56" node="56">
            <tw>
                <start isHard="true">1270</start>
                <end isHard="true">1590</end>
            </tw>
            <demand type="0">30</demand>
            <serviceTime>90.000</serviceTime>
        </request>
        <request id="63" node="63">
            <tw>
                <start isHard="true">14</start>
                <end isHard="true">334</end>
            </tw>
            <demand type="0">50</demand>
            <serviceTime>90.000</serviceTime>
        </request>
        <request id="62" node="62">
            <tw>
                <start isHard="true">40</start>
                <end isHard="true">360</end>
            </tw>
            <demand type="0">20</demand>
            <serviceTime>90.000</serviceTime>
        </request>
        <request id="61" node="61">
            <tw>
                <start isHard="true">321</start>
                <end isHard="true">641</end>
            </tw>
            <demand type="0">10</demand>
            <serviceTime>90.000</serviceTime>
        </request>
        <request id="60" node="60">
            <tw>
                <start isHard="true">1455</start>
                <end isHard="true">1775</end>
            </tw>
            <demand type="0">20</demand>
            <serviceTime>90.000</serviceTime>
        </request>
        <request id="68" node="68">
            <tw>
                <start isHard="true">696</start>
                <end isHard="true">1016</end>
            </tw>
            <demand type="0">10</demand>
            <serviceTime>90.000</serviceTime>
        </request>
        <request id="69" node="69">
            <tw>
                <start isHard="true">600</start>
                <end isHard="true">920</end>
            </tw>
            <demand type="0">10</demand>
            <serviceTime>90.000</serviceTime>
        </request>
        <request id="70" node="70">
            <tw>
                <start isHard="true">2241</start>
                <end isHard="true">2561</end>
            </tw>
            <demand type="0">30</demand>
            <serviceTime>90.000</serviceTime>
        </request>
        <request id="71" node="71">
            <tw>
                <start isHard="true">2146</start>
                <end isHard="true">2466</end>
            </tw>
            <demand type="0">20</demand>
            <serviceTime>90.000</serviceTime>
        </request>
        <request id="64" node="64">
            <tw>
                <start isHard="true">413</start>
                <end isHard="true">733</end>
            </tw>
            <demand type="0">10</demand>
            <serviceTime>90.000</serviceTime>
        </request>
        <request id="65" node="65">
            <tw>
                <start isHard="true">791</start>
                <end isHard="true">1111</end>
            </tw>
            <demand type="0">10</demand>
            <serviceTime>90.000</serviceTime>
        </request>
        <request id="66" node="66">
            <tw>
                <start isHard="true">508</start>
                <end isHard="true">828</end>
            </tw>
            <demand type="0">10</demand>
            <serviceTime>90.000</serviceTime>
        </request>
        <request id="67" node="67">
            <tw>
                <start isHard="true">12</start>
                <end isHard="true">332</end>
            </tw>
            <demand type="0">10</demand>
            <serviceTime>90.000</serviceTime>
        </request>
        <request id="76" node="76">
            <tw>
                <start isHard="true">2051</start>
                <end isHard="true">2371</end>
            </tw>
            <demand type="0">10</demand>
            <serviceTime>90.000</serviceTime>
        </request>
        <request id="77" node="77">
            <tw>
                <start isHard="true">2820</start>
                <end isHard="true">3140</end>
            </tw>
            <demand type="0">10</demand>
            <serviceTime>90.000</serviceTime>
        </request>
        <request id="78" node="78">
            <tw>
                <start isHard="true">2722</start>
                <end isHard="true">3042</end>
            </tw>
            <demand type="0">20</demand>
            <serviceTime>90.000</serviceTime>
        </request>
        <request id="79" node="79">
            <tw>
                <start isHard="true">2528</start>
                <end isHard="true">2848</end>
            </tw>
            <demand type="0">10</demand>
            <serviceTime>90.000</serviceTime>
        </request>
        <request id="72" node="72">
            <tw>
                <start isHard="true">228</start>
                <end isHard="true">548</end>
            </tw>
            <demand type="0">10</demand>
            <serviceTime>90.000</serviceTime>
        </request>
        <request id="73" node="73">
            <tw>
                <start isHard="true">2334</start>
                <end isHard="true">2654</end>
            </tw>
            <demand type="0">10</demand>
            <serviceTime>90.000</serviceTime>
        </request>
        <request id="74" node="74">
            <tw>
                <start isHard="true">133</start>
                <end isHard="true">453</end>
            </tw>
            <demand type="0">50</demand>
            <serviceTime>90.000</serviceTime>
        </request>
        <request id="75" node="75">
            <tw>
                <start isHard="true">38</start>
                <end isHard="true">358</end>
            </tw>
            <demand type="0">20</demand>
            <serviceTime>90.000</serviceTime>
        </request>
        <request id="85" node="85">
            <tw>
                <start isHard="true">1949</start>
                <end isHard="true">2269</end>
            </tw>
            <demand type="0">30</demand>
            <serviceTime>90.000</serviceTime>
        </request>
        <request id="84" node="84">
            <tw>
                <start isHard="true">1561</start>
                <end isHard="true">1881</end>
            </tw>
            <demand type="0">20</demand>
            <serviceTime>90.000</serviceTime>
        </request>
        <request id="87" node="87">
            <tw>
                <start isHard="true">2955</start>
                <end isHard="true">3275</end>
            </tw>
            <demand type="0">20</demand>
            <serviceTime>90.000</serviceTime>
        </request>
        <request id="86" node="86">
            <tw>
                <start isHard="true">1656</start>
                <end isHard="true">1976</end>
            </tw>
            <demand type="0">10</demand>
            <serviceTime>90.000</serviceTime>
        </request>
        <request id="81" node="81">
            <tw>
                <start isHard="true">2623</start>
                <end isHard="true">2943</end>
            </tw>
            <demand type="0">30</demand>
            <serviceTime>90.000</serviceTime>
        </request>
        <request id="80" node="80">
            <tw>
                <start isHard="true">2433</start>
                <end isHard="true">2753</end>
            </tw>
            <demand type="0">10</demand>
            <serviceTime>90.000</serviceTime>
        </request>
        <request id="83" node="83">
            <tw>
                <start isHard="true">1752</start>
                <end isHard="true">2072</end>
            </tw>
            <demand type="0">10</demand>
            <serviceTime>90.000</serviceTime>
        </request>
        <request id="82" node="82">
            <tw>
                <start isHard="true">1845</start>
                <end isHard="true">2165</end>
            </tw>
            <demand type="0">20</demand>
            <serviceTime>90.000</serviceTime>
        </request>
        <request id="93" node="93">
            <tw>
                <start isHard="true">8</start>
                <end isHard="true">328</end>
            </tw>
            <demand type="0">40</demand>
            <serviceTime>90.000</serviceTime>
        </request>
        <request id="92" node="92">
            <tw>
                <start isHard="true">614</start>
                <end isHard="true">934</end>
            </tw>
            <demand type="0">20</demand>
            <serviceTime>90.000</serviceTime>
        </request>
        <request id="95" node="95">
            <tw>
                <start isHard="true">801</start>
                <end isHard="true">1121</end>
            </tw>
            <demand type="0">30</demand>
            <serviceTime>90.000</serviceTime>
        </request>
        <request id="94" node="94">
            <tw>
                <start isHard="true">708</start>
                <end isHard="true">1028</end>
            </tw>
            <demand type="0">10</demand>
            <serviceTime>90.000</serviceTime>
        </request>
        <request id="89" node="89">
            <tw>
                <start isHard="true">1275</start>
                <end isHard="true">1595</end>
            </tw>
            <demand type="0">10</demand>
            <serviceTime>90.000</serviceTime>
        </request>
        <request id="88" node="88">
            <tw>
                <start isHard="true">1466</start>
                <end isHard="true">1786</end>
            </tw>
            <demand type="0">30</demand>
            <serviceTime>90.000</serviceTime>
        </request>
        <request id="91" node="91">
            <tw>
                <start isHard="true">1371</start>
                <end isHard="true">1691</end>
            </tw>
            <demand type="0">10</demand>
            <serviceTime>90.000</serviceTime>
        </request>
        <request id="90" node="90">
            <tw>
                <start isHard="true">2959</start>
                <end isHard="true">3279</end>
            </tw>
            <demand type="0">10</demand>
            <serviceTime>90.000</serviceTime>
        </request>
        <request id="100" node="100">
            <tw>
                <start isHard="true">422</start>
                <end isHard="true">742</end>
            </tw>
            <demand type="0">20</demand>
            <serviceTime>90.000</serviceTime>
        </request>
        <request id="98" node="98">
            <tw>
                <start isHard="true">898</start>
                <end isHard="true">1218</end>
            </tw>
            <demand type="0">20</demand>
            <serviceTime>90.000</serviceTime>
        </request>
        <request id="99" node="99">
            <tw>
                <start isHard="true">327</start>
                <end isHard="true">647</end>
            </tw>
            <demand type="0">10</demand>
            <serviceTime>90.000</serviceTime>
        </request>
        <request id="96" node="96">
            <tw>
                <start isHard="true">2921</start>
                <end isHard="true">3241</end>
            </tw>
            <demand type="0">10</demand>
            <serviceTime>90.000</serviceTime>
        </request>
        <request id="97" node="97">
            <tw>
                <start isHard="true">517</start>
                <end isHard="true">837</end>
            </tw>
            <demand type="0">30</demand>
            <serviceTime>90.000</serviceTime>
        </request>
    </requests>
</instance>
