<?xml version="1.0" encoding="UTF-8" standalone="yes"?>
<instance>
    <info>
        <name>RC205</name>
        <problem>CVRPTW</problem>
        <reference>Solomon, M. M. Algorithms for the Vehicle-Routing and Scheduling Problems with Time Window Constraints Operations Research, 1987, 35, 254-265</reference>
        <contributor>
            <name>Victor Pillac</name>
            <email>vpillac@nicta.com.au</email>
        </contributor>
    </info>
    <network>
        <nodes>
            <node id="0" type="0">
                <location>
                    <euclidean>
                        <cx>40.0</cx>
                        <cy>50.0</cy>
                    </euclidean>
                </location>
            </node>
            <node id="1" type="1">
                <location>
                    <euclidean>
                        <cx>25.0</cx>
                        <cy>85.0</cy>
                    </euclidean>
                </location>
            </node>
            <node id="2" type="1">
                <location>
                    <euclidean>
                        <cx>22.0</cx>
                        <cy>75.0</cy>
                    </euclidean>
                </location>
            </node>
            <node id="3" type="1">
                <location>
                    <euclidean>
                        <cx>22.0</cx>
                        <cy>85.0</cy>
                    </euclidean>
                </location>
            </node>
            <node id="4" type="1">
                <location>
                    <euclidean>
                        <cx>20.0</cx>
                        <cy>80.0</cy>
                    </euclidean>
                </location>
            </node>
            <node id="5" type="1">
                <location>
                    <euclidean>
                        <cx>20.0</cx>
                        <cy>85.0</cy>
                    </euclidean>
                </location>
            </node>
            <node id="6" type="1">
                <location>
                    <euclidean>
                        <cx>18.0</cx>
                        <cy>75.0</cy>
                    </euclidean>
                </location>
            </node>
            <node id="7" type="1">
                <location>
                    <euclidean>
                        <cx>15.0</cx>
                        <cy>75.0</cy>
                    </euclidean>
                </location>
            </node>
            <node id="8" type="1">
                <location>
                    <euclidean>
                        <cx>15.0</cx>
                        <cy>80.0</cy>
                    </euclidean>
                </location>
            </node>
            <node id="9" type="1">
                <location>
                    <euclidean>
                        <cx>10.0</cx>
                        <cy>35.0</cy>
                    </euclidean>
                </location>
            </node>
            <node id="10" type="1">
                <location>
                    <euclidean>
                        <cx>10.0</cx>
                        <cy>40.0</cy>
                    </euclidean>
                </location>
            </node>
            <node id="11" type="1">
                <location>
                    <euclidean>
                        <cx>8.0</cx>
                        <cy>40.0</cy>
                    </euclidean>
                </location>
            </node>
            <node id="12" type="1">
                <location>
                    <euclidean>
                        <cx>8.0</cx>
                        <cy>45.0</cy>
                    </euclidean>
                </location>
            </node>
            <node id="13" type="1">
                <location>
                    <euclidean>
                        <cx>5.0</cx>
                        <cy>35.0</cy>
                    </euclidean>
                </location>
            </node>
            <node id="14" type="1">
                <location>
                    <euclidean>
                        <cx>5.0</cx>
                        <cy>45.0</cy>
                    </euclidean>
                </location>
            </node>
            <node id="15" type="1">
                <location>
                    <euclidean>
                        <cx>2.0</cx>
                        <cy>40.0</cy>
                    </euclidean>
                </location>
            </node>
            <node id="17" type="1">
                <location>
                    <euclidean>
                        <cx>0.0</cx>
                        <cy>45.0</cy>
                    </euclidean>
                </location>
            </node>
            <node id="16" type="1">
                <location>
                    <euclidean>
                        <cx>0.0</cx>
                        <cy>40.0</cy>
                    </euclidean>
                </location>
            </node>
            <node id="19" type="1">
                <location>
                    <euclidean>
                        <cx>42.0</cx>
                        <cy>10.0</cy>
                    </euclidean>
                </location>
            </node>
            <node id="18" type="1">
                <location>
                    <euclidean>
                        <cx>44.0</cx>
                        <cy>5.0</cy>
                    </euclidean>
                </location>
            </node>
            <node id="21" type="1">
                <location>
                    <euclidean>
                        <cx>40.0</cx>
                        <cy>5.0</cy>
                    </euclidean>
                </location>
            </node>
            <node id="20" type="1">
                <location>
                    <euclidean>
                        <cx>42.0</cx>
                        <cy>15.0</cy>
                    </euclidean>
                </location>
            </node>
            <node id="23" type="1">
                <location>
                    <euclidean>
                        <cx>38.0</cx>
                        <cy>5.0</cy>
                    </euclidean>
                </location>
            </node>
            <node id="22" type="1">
                <location>
                    <euclidean>
                        <cx>40.0</cx>
                        <cy>15.0</cy>
                    </euclidean>
                </location>
            </node>
            <node id="25" type="1">
                <location>
                    <euclidean>
                        <cx>35.0</cx>
                        <cy>5.0</cy>
                    </euclidean>
                </location>
            </node>
            <node id="24" type="1">
                <location>
                    <euclidean>
                        <cx>38.0</cx>
                        <cy>15.0</cy>
                    </euclidean>
                </location>
            </node>
            <node id="27" type="1">
                <location>
                    <euclidean>
                        <cx>95.0</cx>
                        <cy>35.0</cy>
                    </euclidean>
                </location>
            </node>
            <node id="26" type="1">
                <location>
                    <euclidean>
                        <cx>95.0</cx>
                        <cy>30.0</cy>
                    </euclidean>
                </location>
            </node>
            <node id="29" type="1">
                <location>
                    <euclidean>
                        <cx>90.0</cx>
                        <cy>35.0</cy>
                    </euclidean>
                </location>
            </node>
            <node id="28" type="1">
                <location>
                    <euclidean>
                        <cx>92.0</cx>
                        <cy>30.0</cy>
                    </euclidean>
                </location>
            </node>
            <node id="31" type="1">
                <location>
                    <euclidean>
                        <cx>88.0</cx>
                        <cy>35.0</cy>
                    </euclidean>
                </location>
            </node>
            <node id="30" type="1">
                <location>
                    <euclidean>
                        <cx>88.0</cx>
                        <cy>30.0</cy>
                    </euclidean>
                </location>
            </node>
            <node id="34" type="1">
                <location>
                    <euclidean>
                        <cx>85.0</cx>
                        <cy>35.0</cy>
                    </euclidean>
                </location>
            </node>
            <node id="35" type="1">
                <location>
                    <euclidean>
                        <cx>67.0</cx>
                        <cy>85.0</cy>
                    </euclidean>
                </location>
            </node>
            <node id="32" type="1">
                <location>
                    <euclidean>
                        <cx>87.0</cx>
                        <cy>30.0</cy>
                    </euclidean>
                </location>
            </node>
            <node id="33" type="1">
                <location>
                    <euclidean>
                        <cx>85.0</cx>
                        <cy>25.0</cy>
                    </euclidean>
                </location>
            </node>
            <node id="38" type="1">
                <location>
                    <euclidean>
                        <cx>62.0</cx>
                        <cy>80.0</cy>
                    </euclidean>
                </location>
            </node>
            <node id="39" type="1">
                <location>
                    <euclidean>
                        <cx>60.0</cx>
                        <cy>80.0</cy>
                    </euclidean>
                </location>
            </node>
            <node id="36" type="1">
                <location>
                    <euclidean>
                        <cx>65.0</cx>
                        <cy>85.0</cy>
                    </euclidean>
                </location>
            </node>
            <node id="37" type="1">
                <location>
                    <euclidean>
                        <cx>65.0</cx>
                        <cy>82.0</cy>
                    </euclidean>
                </location>
            </node>
            <node id="42" type="1">
                <location>
                    <euclidean>
                        <cx>55.0</cx>
                        <cy>80.0</cy>
                    </euclidean>
                </location>
            </node>
            <node id="43" type="1">
                <location>
                    <euclidean>
                        <cx>55.0</cx>
                        <cy>85.0</cy>
                    </euclidean>
                </location>
            </node>
            <node id="40" type="1">
                <location>
                    <euclidean>
                        <cx>60.0</cx>
                        <cy>85.0</cy>
                    </euclidean>
                </location>
            </node>
            <node id="41" type="1">
                <location>
                    <euclidean>
                        <cx>58.0</cx>
                        <cy>75.0</cy>
                    </euclidean>
                </location>
            </node>
            <node id="46" type="1">
                <location>
                    <euclidean>
                        <cx>18.0</cx>
                        <cy>80.0</cy>
                    </euclidean>
                </location>
            </node>
            <node id="47" type="1">
                <location>
                    <euclidean>
                        <cx>2.0</cx>
                        <cy>45.0</cy>
                    </euclidean>
                </location>
            </node>
            <node id="44" type="1">
                <location>
                    <euclidean>
                        <cx>55.0</cx>
                        <cy>82.0</cy>
                    </euclidean>
                </location>
            </node>
            <node id="45" type="1">
                <location>
                    <euclidean>
                        <cx>20.0</cx>
                        <cy>82.0</cy>
                    </euclidean>
                </location>
            </node>
            <node id="51" type="1">
                <location>
                    <euclidean>
                        <cx>55.0</cx>
                        <cy>20.0</cy>
                    </euclidean>
                </location>
            </node>
            <node id="50" type="1">
                <location>
                    <euclidean>
                        <cx>72.0</cx>
                        <cy>35.0</cy>
                    </euclidean>
                </location>
            </node>
            <node id="49" type="1">
                <location>
                    <euclidean>
                        <cx>42.0</cx>
                        <cy>12.0</cy>
                    </euclidean>
                </location>
            </node>
            <node id="48" type="1">
                <location>
                    <euclidean>
                        <cx>42.0</cx>
                        <cy>5.0</cy>
                    </euclidean>
                </location>
            </node>
            <node id="55" type="1">
                <location>
                    <euclidean>
                        <cx>30.0</cx>
                        <cy>60.0</cy>
                    </euclidean>
                </location>
            </node>
            <node id="54" type="1">
                <location>
                    <euclidean>
                        <cx>55.0</cx>
                        <cy>60.0</cy>
                    </euclidean>
                </location>
            </node>
            <node id="53" type="1">
                <location>
                    <euclidean>
                        <cx>20.0</cx>
                        <cy>50.0</cy>
                    </euclidean>
                </location>
            </node>
            <node id="52" type="1">
                <location>
                    <euclidean>
                        <cx>25.0</cx>
                        <cy>30.0</cy>
                    </euclidean>
                </location>
            </node>
            <node id="59" type="1">
                <location>
                    <euclidean>
                        <cx>10.0</cx>
                        <cy>20.0</cy>
                    </euclidean>
                </location>
            </node>
            <node id="58" type="1">
                <location>
                    <euclidean>
                        <cx>15.0</cx>
                        <cy>10.0</cy>
                    </euclidean>
                </location>
            </node>
            <node id="57" type="1">
                <location>
                    <euclidean>
                        <cx>30.0</cx>
                        <cy>25.0</cy>
                    </euclidean>
                </location>
            </node>
            <node id="56" type="1">
                <location>
                    <euclidean>
                        <cx>50.0</cx>
                        <cy>35.0</cy>
                    </euclidean>
                </location>
            </node>
            <node id="63" type="1">
                <location>
                    <euclidean>
                        <cx>65.0</cx>
                        <cy>20.0</cy>
                    </euclidean>
                </location>
            </node>
            <node id="62" type="1">
                <location>
                    <euclidean>
                        <cx>65.0</cx>
                        <cy>35.0</cy>
                    </euclidean>
                </location>
            </node>
            <node id="61" type="1">
                <location>
                    <euclidean>
                        <cx>45.0</cx>
                        <cy>65.0</cy>
                    </euclidean>
                </location>
            </node>
            <node id="60" type="1">
                <location>
                    <euclidean>
                        <cx>15.0</cx>
                        <cy>60.0</cy>
                    </euclidean>
                </location>
            </node>
            <node id="68" type="1">
                <location>
                    <euclidean>
                        <cx>40.0</cx>
                        <cy>60.0</cy>
                    </euclidean>
                </location>
            </node>
            <node id="69" type="1">
                <location>
                    <euclidean>
                        <cx>31.0</cx>
                        <cy>52.0</cy>
                    </euclidean>
                </location>
            </node>
            <node id="70" type="1">
                <location>
                    <euclidean>
                        <cx>35.0</cx>
                        <cy>69.0</cy>
                    </euclidean>
                </location>
            </node>
            <node id="71" type="1">
                <location>
                    <euclidean>
                        <cx>65.0</cx>
                        <cy>55.0</cy>
                    </euclidean>
                </location>
            </node>
            <node id="64" type="1">
                <location>
                    <euclidean>
                        <cx>45.0</cx>
                        <cy>30.0</cy>
                    </euclidean>
                </location>
            </node>
            <node id="65" type="1">
                <location>
                    <euclidean>
                        <cx>35.0</cx>
                        <cy>40.0</cy>
                    </euclidean>
                </location>
            </node>
            <node id="66" type="1">
                <location>
                    <euclidean>
                        <cx>41.0</cx>
                        <cy>37.0</cy>
                    </euclidean>
                </location>
            </node>
            <node id="67" type="1">
                <location>
                    <euclidean>
                        <cx>64.0</cx>
                        <cy>42.0</cy>
                    </euclidean>
                </location>
            </node>
            <node id="76" type="1">
                <location>
                    <euclidean>
                        <cx>60.0</cx>
                        <cy>12.0</cy>
                    </euclidean>
                </location>
            </node>
            <node id="77" type="1">
                <location>
                    <euclidean>
                        <cx>23.0</cx>
                        <cy>3.0</cy>
                    </euclidean>
                </location>
            </node>
            <node id="78" type="1">
                <location>
                    <euclidean>
                        <cx>8.0</cx>
                        <cy>56.0</cy>
                    </euclidean>
                </location>
            </node>
            <node id="79" type="1">
                <location>
                    <euclidean>
                        <cx>6.0</cx>
                        <cy>68.0</cy>
                    </euclidean>
                </location>
            </node>
            <node id="72" type="1">
                <location>
                    <euclidean>
                        <cx>63.0</cx>
                        <cy>65.0</cy>
                    </euclidean>
                </location>
            </node>
            <node id="73" type="1">
                <location>
                    <euclidean>
                        <cx>2.0</cx>
                        <cy>60.0</cy>
                    </euclidean>
                </location>
            </node>
            <node id="74" type="1">
                <location>
                    <euclidean>
                        <cx>20.0</cx>
                        <cy>20.0</cy>
                    </euclidean>
                </location>
            </node>
            <node id="75" type="1">
                <location>
                    <euclidean>
                        <cx>5.0</cx>
                        <cy>5.0</cy>
                    </euclidean>
                </location>
            </node>
            <node id="85" type="1">
                <location>
                    <euclidean>
                        <cx>63.0</cx>
                        <cy>23.0</cy>
                    </euclidean>
                </location>
            </node>
            <node id="84" type="1">
                <location>
                    <euclidean>
                        <cx>57.0</cx>
                        <cy>29.0</cy>
                    </euclidean>
                </location>
            </node>
            <node id="87" type="1">
                <location>
                    <euclidean>
                        <cx>12.0</cx>
                        <cy>24.0</cy>
                    </euclidean>
                </location>
            </node>
            <node id="86" type="1">
                <location>
                    <euclidean>
                        <cx>21.0</cx>
                        <cy>24.0</cy>
                    </euclidean>
                </location>
            </node>
            <node id="81" type="1">
                <location>
                    <euclidean>
                        <cx>49.0</cx>
                        <cy>58.0</cy>
                    </euclidean>
                </location>
            </node>
            <node id="80" type="1">
                <location>
                    <euclidean>
                        <cx>47.0</cx>
                        <cy>47.0</cy>
                    </euclidean>
                </location>
            </node>
            <node id="83" type="1">
                <location>
                    <euclidean>
                        <cx>37.0</cx>
                        <cy>31.0</cy>
                    </euclidean>
                </location>
            </node>
            <node id="82" type="1">
                <location>
                    <euclidean>
                        <cx>27.0</cx>
                        <cy>43.0</cy>
                    </euclidean>
                </location>
            </node>
            <node id="93" type="1">
                <location>
                    <euclidean>
                        <cx>61.0</cx>
                        <cy>52.0</cy>
                    </euclidean>
                </location>
            </node>
            <node id="92" type="1">
                <location>
                    <euclidean>
                        <cx>53.0</cx>
                        <cy>43.0</cy>
                    </euclidean>
                </location>
            </node>
            <node id="95" type="1">
                <location>
                    <euclidean>
                        <cx>56.0</cx>
                        <cy>37.0</cy>
                    </euclidean>
                </location>
            </node>
            <node id="94" type="1">
                <location>
                    <euclidean>
                        <cx>57.0</cx>
                        <cy>48.0</cy>
                    </euclidean>
                </location>
            </node>
            <node id="89" type="1">
                <location>
                    <euclidean>
                        <cx>67.0</cx>
                        <cy>5.0</cy>
                    </euclidean>
                </location>
            </node>
            <node id="88" type="1">
                <location>
                    <euclidean>
                        <cx>24.0</cx>
                        <cy>58.0</cy>
                    </euclidean>
                </location>
            </node>
            <node id="91" type="1">
                <location>
                    <euclidean>
                        <cx>49.0</cx>
                        <cy>42.0</cy>
                    </euclidean>
                </location>
            </node>
            <node id="90" type="1">
                <location>
                    <euclidean>
                        <cx>37.0</cx>
                        <cy>47.0</cy>
                    </euclidean>
                </location>
            </node>
            <node id="100" type="1">
                <location>
                    <euclidean>
                        <cx>31.0</cx>
                        <cy>67.0</cy>
                    </euclidean>
                </location>
            </node>
            <node id="98" type="1">
                <location>
                    <euclidean>
                        <cx>26.0</cx>
                        <cy>52.0</cy>
                    </euclidean>
                </location>
            </node>
            <node id="99" type="1">
                <location>
                    <euclidean>
                        <cx>26.0</cx>
                        <cy>35.0</cy>
                    </euclidean>
                </location>
            </node>
            <node id="96" type="1">
                <location>
                    <euclidean>
                        <cx>55.0</cx>
                        <cy>54.0</cy>
                    </euclidean>
                </location>
            </node>
            <node id="97" type="1">
                <location>
                    <euclidean>
                        <cx>4.0</cx>
                        <cy>18.0</cy>
                    </euclidean>
                </location>
            </node>
        </nodes>
        <descriptor>
            <isComplete>true</isComplete>
            <distanceType>EUC_2D</distanceType>
        </descriptor>
    </network>
    <fleet>
        <vehicle type="0">
            <number>25</number>
            <capacity>1000.0</capacity>
        </vehicle>
    </fleet>
    <requests>
        <request id="1" node="1">
            <tw>
                <start isHard="true">431</start>
                <end isHard="true">911</end>
            </tw>
            <demand type="0">20</demand>
            <serviceTime>10.000</serviceTime>
        </request>
        <request id="2" node="2">
            <tw>
                <start isHard="true">30</start>
                <end isHard="true">510</end>
            </tw>
            <demand type="0">30</demand>
            <serviceTime>10.000</serviceTime>
        </request>
        <request id="3" node="3">
            <tw>
                <start isHard="true">291</start>
                <end isHard="true">771</end>
            </tw>
            <demand type="0">10</demand>
            <serviceTime>10.000</serviceTime>
        </request>
        <request id="4" node="4">
            <tw>
                <start isHard="true">674</start>
                <end isHard="true">734</end>
            </tw>
            <demand type="0">40</demand>
            <serviceTime>10.000</serviceTime>
        </request>
        <request id="5" node="5">
            <tw>
                <start isHard="true">40</start>
                <end isHard="true">520</end>
            </tw>
            <demand type="0">20</demand>
            <serviceTime>10.000</serviceTime>
        </request>
        <request id="6" node="6">
            <tw>
                <start isHard="true">393</start>
                <end isHard="true">502</end>
            </tw>
            <demand type="0">20</demand>
            <serviceTime>10.000</serviceTime>
        </request>
        <request id="7" node="7">
            <tw>
                <start isHard="true">120</start>
                <end isHard="true">600</end>
            </tw>
            <demand type="0">20</demand>
            <serviceTime>10.000</serviceTime>
        </request>
        <request id="8" node="8">
            <tw>
                <start isHard="true">397</start>
                <end isHard="true">457</end>
            </tw>
            <demand type="0">10</demand>
            <serviceTime>10.000</serviceTime>
        </request>
        <request id="9" node="9">
            <tw>
                <start isHard="true">401</start>
                <end isHard="true">461</end>
            </tw>
            <demand type="0">20</demand>
            <serviceTime>10.000</serviceTime>
        </request>
        <request id="10" node="10">
            <tw>
                <start isHard="true">535</start>
                <end isHard="true">622</end>
            </tw>
            <demand type="0">30</demand>
            <serviceTime>10.000</serviceTime>
        </request>
        <request id="11" node="11">
            <tw>
                <start isHard="true">225</start>
                <end isHard="true">285</end>
            </tw>
            <demand type="0">40</demand>
            <serviceTime>10.000</serviceTime>
        </request>
        <request id="12" node="12">
            <tw>
                <start isHard="true">43</start>
                <end isHard="true">523</end>
            </tw>
            <demand type="0">20</demand>
            <serviceTime>10.000</serviceTime>
        </request>
        <request id="13" node="13">
            <tw>
                <start isHard="true">683</start>
                <end isHard="true">743</end>
            </tw>
            <demand type="0">10</demand>
            <serviceTime>10.000</serviceTime>
        </request>
        <request id="14" node="14">
            <tw>
                <start isHard="true">35</start>
                <end isHard="true">366</end>
            </tw>
            <demand type="0">10</demand>
            <serviceTime>10.000</serviceTime>
        </request>
        <request id="15" node="15">
            <tw>
                <start isHard="true">204</start>
                <end isHard="true">264</end>
            </tw>
            <demand type="0">20</demand>
            <serviceTime>10.000</serviceTime>
        </request>
        <request id="17" node="17">
            <tw>
                <start isHard="true">698</start>
                <end isHard="true">827</end>
            </tw>
            <demand type="0">20</demand>
            <serviceTime>10.000</serviceTime>
        </request>
        <request id="16" node="16">
            <tw>
                <start isHard="true">204</start>
                <end isHard="true">425</end>
            </tw>
            <demand type="0">20</demand>
            <serviceTime>10.000</serviceTime>
        </request>
        <request id="19" node="19">
            <tw>
                <start isHard="true">199</start>
                <end isHard="true">428</end>
            </tw>
            <demand type="0">40</demand>
            <serviceTime>10.000</serviceTime>
        </request>
        <request id="18" node="18">
            <tw>
                <start isHard="true">306</start>
                <end isHard="true">483</end>
            </tw>
            <demand type="0">20</demand>
            <serviceTime>10.000</serviceTime>
        </request>
        <request id="21" node="21">
            <tw>
                <start isHard="true">45</start>
                <end isHard="true">525</end>
            </tw>
            <demand type="0">10</demand>
            <serviceTime>10.000</serviceTime>
        </request>
        <request id="20" node="20">
            <tw>
                <start isHard="true">494</start>
                <end isHard="true">699</end>
            </tw>
            <demand type="0">10</demand>
            <serviceTime>10.000</serviceTime>
        </request>
        <request id="23" node="23">
            <tw>
                <start isHard="true">231</start>
                <end isHard="true">291</end>
            </tw>
            <demand type="0">30</demand>
            <serviceTime>10.000</serviceTime>
        </request>
        <request id="22" node="22">
            <tw>
                <start isHard="true">383</start>
                <end isHard="true">486</end>
            </tw>
            <demand type="0">40</demand>
            <serviceTime>10.000</serviceTime>
        </request>
        <request id="25" node="25">
            <tw>
                <start isHard="true">821</start>
                <end isHard="true">881</end>
            </tw>
            <demand type="0">20</demand>
            <serviceTime>10.000</serviceTime>
        </request>
        <request id="24" node="24">
            <tw>
                <start isHard="true">609</start>
                <end isHard="true">872</end>
            </tw>
            <demand type="0">10</demand>
            <serviceTime>10.000</serviceTime>
        </request>
        <request id="27" node="27">
            <tw>
                <start isHard="true">138</start>
                <end isHard="true">273</end>
            </tw>
            <demand type="0">20</demand>
            <serviceTime>10.000</serviceTime>
        </request>
        <request id="26" node="26">
            <tw>
                <start isHard="true">349</start>
                <end isHard="true">829</end>
            </tw>
            <demand type="0">30</demand>
            <serviceTime>10.000</serviceTime>
        </request>
        <request id="29" node="29">
            <tw>
                <start isHard="true">132</start>
                <end isHard="true">375</end>
            </tw>
            <demand type="0">10</demand>
            <serviceTime>10.000</serviceTime>
        </request>
        <request id="28" node="28">
            <tw>
                <start isHard="true">78</start>
                <end isHard="true">339</end>
            </tw>
            <demand type="0">10</demand>
            <serviceTime>10.000</serviceTime>
        </request>
        <request id="31" node="31">
            <tw>
                <start isHard="true">50</start>
                <end isHard="true">530</end>
            </tw>
            <demand type="0">20</demand>
            <serviceTime>10.000</serviceTime>
        </request>
        <request id="30" node="30">
            <tw>
                <start isHard="true">252</start>
                <end isHard="true">359</end>
            </tw>
            <demand type="0">10</demand>
            <serviceTime>10.000</serviceTime>
        </request>
        <request id="34" node="34">
            <tw>
                <start isHard="true">307</start>
                <end isHard="true">787</end>
            </tw>
            <demand type="0">30</demand>
            <serviceTime>10.000</serviceTime>
        </request>
        <request id="35" node="35">
            <tw>
                <start isHard="true">655</start>
                <end isHard="true">778</end>
            </tw>
            <demand type="0">20</demand>
            <serviceTime>10.000</serviceTime>
        </request>
        <request id="32" node="32">
            <tw>
                <start isHard="true">562</start>
                <end isHard="true">799</end>
            </tw>
            <demand type="0">10</demand>
            <serviceTime>10.000</serviceTime>
        </request>
        <request id="33" node="33">
            <tw>
                <start isHard="true">71</start>
                <end isHard="true">208</end>
            </tw>
            <demand type="0">10</demand>
            <serviceTime>10.000</serviceTime>
        </request>
        <request id="38" node="38">
            <tw>
                <start isHard="true">308</start>
                <end isHard="true">368</end>
            </tw>
            <demand type="0">30</demand>
            <serviceTime>10.000</serviceTime>
        </request>
        <request id="39" node="39">
            <tw>
                <start isHard="true">46</start>
                <end isHard="true">201</end>
            </tw>
            <demand type="0">10</demand>
            <serviceTime>10.000</serviceTime>
        </request>
        <request id="36" node="36">
            <tw>
                <start isHard="true">43</start>
                <end isHard="true">186</end>
            </tw>
            <demand type="0">40</demand>
            <serviceTime>10.000</serviceTime>
        </request>
        <request id="37" node="37">
            <tw>
                <start isHard="true">377</start>
                <end isHard="true">857</end>
            </tw>
            <demand type="0">10</demand>
            <serviceTime>10.000</serviceTime>
        </request>
        <request id="42" node="42">
            <tw>
                <start isHard="true">33</start>
                <end isHard="true">166</end>
            </tw>
            <demand type="0">10</demand>
            <serviceTime>10.000</serviceTime>
        </request>
        <request id="43" node="43">
            <tw>
                <start isHard="true">531</start>
                <end isHard="true">736</end>
            </tw>
            <demand type="0">20</demand>
            <serviceTime>10.000</serviceTime>
        </request>
        <request id="40" node="40">
            <tw>
                <start isHard="true">339</start>
                <end isHard="true">438</end>
            </tw>
            <demand type="0">30</demand>
            <serviceTime>10.000</serviceTime>
        </request>
        <request id="41" node="41">
            <tw>
                <start isHard="true">377</start>
                <end isHard="true">494</end>
            </tw>
            <demand type="0">20</demand>
            <serviceTime>10.000</serviceTime>
        </request>
        <request id="46" node="46">
            <tw>
                <start isHard="true">432</start>
                <end isHard="true">665</end>
            </tw>
            <demand type="0">10</demand>
            <serviceTime>10.000</serviceTime>
        </request>
        <request id="47" node="47">
            <tw>
                <start isHard="true">38</start>
                <end isHard="true">322</end>
            </tw>
            <demand type="0">10</demand>
            <serviceTime>10.000</serviceTime>
        </request>
        <request id="44" node="44">
            <tw>
                <start isHard="true">247</start>
                <end isHard="true">307</end>
            </tw>
            <demand type="0">10</demand>
            <serviceTime>10.000</serviceTime>
        </request>
        <request id="45" node="45">
            <tw>
                <start isHard="true">37</start>
                <end isHard="true">177</end>
            </tw>
            <demand type="0">10</demand>
            <serviceTime>10.000</serviceTime>
        </request>
        <request id="51" node="51">
            <tw>
                <start isHard="true">273</start>
                <end isHard="true">498</end>
            </tw>
            <demand type="0">19</demand>
            <serviceTime>10.000</serviceTime>
        </request>
        <request id="50" node="50">
            <tw>
                <start isHard="true">327</start>
                <end isHard="true">807</end>
            </tw>
            <demand type="0">30</demand>
            <serviceTime>10.000</serviceTime>
        </request>
        <request id="49" node="49">
            <tw>
                <start isHard="true">460</start>
                <end isHard="true">539</end>
            </tw>
            <demand type="0">10</demand>
            <serviceTime>10.000</serviceTime>
        </request>
        <request id="48" node="48">
            <tw>
                <start isHard="true">424</start>
                <end isHard="true">904</end>
            </tw>
            <demand type="0">10</demand>
            <serviceTime>10.000</serviceTime>
        </request>
        <request id="55" node="55">
            <tw>
                <start isHard="true">629</start>
                <end isHard="true">689</end>
            </tw>
            <demand type="0">16</demand>
            <serviceTime>10.000</serviceTime>
        </request>
        <request id="54" node="54">
            <tw>
                <start isHard="true">554</start>
                <end isHard="true">767</end>
            </tw>
            <demand type="0">16</demand>
            <serviceTime>10.000</serviceTime>
        </request>
        <request id="53" node="53">
            <tw>
                <start isHard="true">405</start>
                <end isHard="true">465</end>
            </tw>
            <demand type="0">5</demand>
            <serviceTime>10.000</serviceTime>
        </request>
        <request id="52" node="52">
            <tw>
                <start isHard="true">25</start>
                <end isHard="true">505</end>
            </tw>
            <demand type="0">3</demand>
            <serviceTime>10.000</serviceTime>
        </request>
        <request id="59" node="59">
            <tw>
                <start isHard="true">42</start>
                <end isHard="true">522</end>
            </tw>
            <demand type="0">19</demand>
            <serviceTime>10.000</serviceTime>
        </request>
        <request id="58" node="58">
            <tw>
                <start isHard="true">842</start>
                <end isHard="true">902</end>
            </tw>
            <demand type="0">20</demand>
            <serviceTime>10.000</serviceTime>
        </request>
        <request id="57" node="57">
            <tw>
                <start isHard="true">342</start>
                <end isHard="true">571</end>
            </tw>
            <demand type="0">23</demand>
            <serviceTime>10.000</serviceTime>
        </request>
        <request id="56" node="56">
            <tw>
                <start isHard="true">560</start>
                <end isHard="true">673</end>
            </tw>
            <demand type="0">19</demand>
            <serviceTime>10.000</serviceTime>
        </request>
        <request id="63" node="63">
            <tw>
                <start isHard="true">39</start>
                <end isHard="true">316</end>
            </tw>
            <demand type="0">6</demand>
            <serviceTime>10.000</serviceTime>
        </request>
        <request id="62" node="62">
            <tw>
                <start isHard="true">197</start>
                <end isHard="true">257</end>
            </tw>
            <demand type="0">3</demand>
            <serviceTime>10.000</serviceTime>
        </request>
        <request id="61" node="61">
            <tw>
                <start isHard="true">214</start>
                <end isHard="true">421</end>
            </tw>
            <demand type="0">9</demand>
            <serviceTime>10.000</serviceTime>
        </request>
        <request id="60" node="60">
            <tw>
                <start isHard="true">623</start>
                <end isHard="true">884</end>
            </tw>
            <demand type="0">17</demand>
            <serviceTime>10.000</serviceTime>
        </request>
        <request id="68" node="68">
            <tw>
                <start isHard="true">613</start>
                <end isHard="true">730</end>
            </tw>
            <demand type="0">21</demand>
            <serviceTime>10.000</serviceTime>
        </request>
        <request id="69" node="69">
            <tw>
                <start isHard="true">187</start>
                <end isHard="true">247</end>
            </tw>
            <demand type="0">27</demand>
            <serviceTime>10.000</serviceTime>
        </request>
        <request id="70" node="70">
            <tw>
                <start isHard="true">780</start>
                <end isHard="true">930</end>
            </tw>
            <demand type="0">23</demand>
            <serviceTime>10.000</serviceTime>
        </request>
        <request id="71" node="71">
            <tw>
                <start isHard="true">191</start>
                <end isHard="true">410</end>
            </tw>
            <demand type="0">14</demand>
            <serviceTime>10.000</serviceTime>
        </request>
        <request id="64" node="64">
            <tw>
                <start isHard="true">191</start>
                <end isHard="true">310</end>
            </tw>
            <demand type="0">17</demand>
            <serviceTime>10.000</serviceTime>
        </request>
        <request id="65" node="65">
            <tw>
                <start isHard="true">11</start>
                <end isHard="true">140</end>
            </tw>
            <demand type="0">16</demand>
            <serviceTime>10.000</serviceTime>
        </request>
        <request id="66" node="66">
            <tw>
                <start isHard="true">570</start>
                <end isHard="true">681</end>
            </tw>
            <demand type="0">16</demand>
            <serviceTime>10.000</serviceTime>
        </request>
        <request id="67" node="67">
            <tw>
                <start isHard="true">298</start>
                <end isHard="true">358</end>
            </tw>
            <demand type="0">9</demand>
            <serviceTime>10.000</serviceTime>
        </request>
        <request id="76" node="76">
            <tw>
                <start isHard="true">298</start>
                <end isHard="true">358</end>
            </tw>
            <demand type="0">31</demand>
            <serviceTime>10.000</serviceTime>
        </request>
        <request id="77" node="77">
            <tw>
                <start isHard="true">794</start>
                <end isHard="true">854</end>
            </tw>
            <demand type="0">7</demand>
            <serviceTime>10.000</serviceTime>
        </request>
        <request id="78" node="78">
            <tw>
                <start isHard="true">366</start>
                <end isHard="true">483</end>
            </tw>
            <demand type="0">27</demand>
            <serviceTime>10.000</serviceTime>
        </request>
        <request id="79" node="79">
            <tw>
                <start isHard="true">382</start>
                <end isHard="true">442</end>
            </tw>
            <demand type="0">30</demand>
            <serviceTime>10.000</serviceTime>
        </request>
        <request id="72" node="72">
            <tw>
                <start isHard="true">27</start>
                <end isHard="true">507</end>
            </tw>
            <demand type="0">8</demand>
            <serviceTime>10.000</serviceTime>
        </request>
        <request id="73" node="73">
            <tw>
                <start isHard="true">240</start>
                <end isHard="true">451</end>
            </tw>
            <demand type="0">5</demand>
            <serviceTime>10.000</serviceTime>
        </request>
        <request id="74" node="74">
            <tw>
                <start isHard="true">675</start>
                <end isHard="true">735</end>
            </tw>
            <demand type="0">8</demand>
            <serviceTime>10.000</serviceTime>
        </request>
        <request id="75" node="75">
            <tw>
                <start isHard="true">57</start>
                <end isHard="true">537</end>
            </tw>
            <demand type="0">16</demand>
            <serviceTime>10.000</serviceTime>
        </request>
        <request id="85" node="85">
            <tw>
                <start isHard="true">164</start>
                <end isHard="true">644</end>
            </tw>
            <demand type="0">2</demand>
            <serviceTime>10.000</serviceTime>
        </request>
        <request id="84" node="84">
            <tw>
                <start isHard="true">425</start>
                <end isHard="true">485</end>
            </tw>
            <demand type="0">18</demand>
            <serviceTime>10.000</serviceTime>
        </request>
        <request id="87" node="87">
            <tw>
                <start isHard="true">389</start>
                <end isHard="true">449</end>
            </tw>
            <demand type="0">13</demand>
            <serviceTime>10.000</serviceTime>
        </request>
        <request id="86" node="86">
            <tw>
                <start isHard="true">310</start>
                <end isHard="true">507</end>
            </tw>
            <demand type="0">28</demand>
            <serviceTime>10.000</serviceTime>
        </request>
        <request id="81" node="81">
            <tw>
                <start isHard="true">332</start>
                <end isHard="true">497</end>
            </tw>
            <demand type="0">10</demand>
            <serviceTime>10.000</serviceTime>
        </request>
        <request id="80" node="80">
            <tw>
                <start isHard="true">817</start>
                <end isHard="true">942</end>
            </tw>
            <demand type="0">13</demand>
            <serviceTime>10.000</serviceTime>
        </request>
        <request id="83" node="83">
            <tw>
                <start isHard="true">19</start>
                <end isHard="true">499</end>
            </tw>
            <demand type="0">14</demand>
            <serviceTime>10.000</serviceTime>
        </request>
        <request id="82" node="82">
            <tw>
                <start isHard="true">14</start>
                <end isHard="true">494</end>
            </tw>
            <demand type="0">9</demand>
            <serviceTime>10.000</serviceTime>
        </request>
        <request id="93" node="93">
            <tw>
                <start isHard="true">789</start>
                <end isHard="true">928</end>
            </tw>
            <demand type="0">3</demand>
            <serviceTime>10.000</serviceTime>
        </request>
        <request id="92" node="92">
            <tw>
                <start isHard="true">14</start>
                <end isHard="true">74</end>
            </tw>
            <demand type="0">14</demand>
            <serviceTime>10.000</serviceTime>
        </request>
        <request id="95" node="95">
            <tw>
                <start isHard="true">20</start>
                <end isHard="true">500</end>
            </tw>
            <demand type="0">6</demand>
            <serviceTime>10.000</serviceTime>
        </request>
        <request id="94" node="94">
            <tw>
                <start isHard="true">212</start>
                <end isHard="true">692</end>
            </tw>
            <demand type="0">23</demand>
            <serviceTime>10.000</serviceTime>
        </request>
        <request id="89" node="89">
            <tw>
                <start isHard="true">611</start>
                <end isHard="true">897</end>
            </tw>
            <demand type="0">25</demand>
            <serviceTime>10.000</serviceTime>
        </request>
        <request id="88" node="88">
            <tw>
                <start isHard="true">262</start>
                <end isHard="true">377</end>
            </tw>
            <demand type="0">19</demand>
            <serviceTime>10.000</serviceTime>
        </request>
        <request id="91" node="91">
            <tw>
                <start isHard="true">457</start>
                <end isHard="true">937</end>
            </tw>
            <demand type="0">13</demand>
            <serviceTime>10.000</serviceTime>
        </request>
        <request id="90" node="90">
            <tw>
                <start isHard="true">311</start>
                <end isHard="true">526</end>
            </tw>
            <demand type="0">6</demand>
            <serviceTime>10.000</serviceTime>
        </request>
        <request id="100" node="100">
            <tw>
                <start isHard="true">870</start>
                <end isHard="true">930</end>
            </tw>
            <demand type="0">3</demand>
            <serviceTime>10.000</serviceTime>
        </request>
        <request id="98" node="98">
            <tw>
                <start isHard="true">14</start>
                <end isHard="true">494</end>
            </tw>
            <demand type="0">9</demand>
            <serviceTime>10.000</serviceTime>
        </request>
        <request id="99" node="99">
            <tw>
                <start isHard="true">338</start>
                <end isHard="true">398</end>
            </tw>
            <demand type="0">15</demand>
            <serviceTime>10.000</serviceTime>
        </request>
        <request id="96" node="96">
            <tw>
                <start isHard="true">382</start>
                <end isHard="true">862</end>
            </tw>
            <demand type="0">26</demand>
            <serviceTime>10.000</serviceTime>
        </request>
        <request id="97" node="97">
            <tw>
                <start isHard="true">516</start>
                <end isHard="true">697</end>
            </tw>
            <demand type="0">35</demand>
            <serviceTime>10.000</serviceTime>
        </request>
    </requests>
</instance>
