<?xml version="1.0" encoding="UTF-8" standalone="yes"?>
<instance>
    <info>
        <name>C108</name>
        <problem>CVRPTW</problem>
        <reference>Solomon, M. M. Algorithms for the Vehicle-Routing and Scheduling Problems with Time Window Constraints Operations Research, 1987, 35, 254-265</reference>
        <contributor>
            <name>Victor Pillac</name>
            <email>vpillac@nicta.com.au</email>
        </contributor>
    </info>
    <network>
        <nodes>
            <node id="0" type="0">
                <location>
                    <euclidean>
                        <cx>40.0</cx>
                        <cy>50.0</cy>
                    </euclidean>
                </location>
            </node>
            <node id="1" type="1">
                <location>
                    <euclidean>
                        <cx>45.0</cx>
                        <cy>68.0</cy>
                    </euclidean>
                </location>
            </node>
            <node id="2" type="1">
                <location>
                    <euclidean>
                        <cx>45.0</cx>
                        <cy>70.0</cy>
                    </euclidean>
                </location>
            </node>
            <node id="3" type="1">
                <location>
                    <euclidean>
                        <cx>42.0</cx>
                        <cy>66.0</cy>
                    </euclidean>
                </location>
            </node>
            <node id="4" type="1">
                <location>
                    <euclidean>
                        <cx>42.0</cx>
                        <cy>68.0</cy>
                    </euclidean>
                </location>
            </node>
            <node id="5" type="1">
                <location>
                    <euclidean>
                        <cx>42.0</cx>
                        <cy>65.0</cy>
                    </euclidean>
                </location>
            </node>
            <node id="6" type="1">
                <location>
                    <euclidean>
                        <cx>40.0</cx>
                        <cy>69.0</cy>
                    </euclidean>
                </location>
            </node>
            <node id="7" type="1">
                <location>
                    <euclidean>
                        <cx>40.0</cx>
                        <cy>66.0</cy>
                    </euclidean>
                </location>
            </node>
            <node id="8" type="1">
                <location>
                    <euclidean>
                        <cx>38.0</cx>
                        <cy>68.0</cy>
                    </euclidean>
                </location>
            </node>
            <node id="9" type="1">
                <location>
                    <euclidean>
                        <cx>38.0</cx>
                        <cy>70.0</cy>
                    </euclidean>
                </location>
            </node>
            <node id="10" type="1">
                <location>
                    <euclidean>
                        <cx>35.0</cx>
                        <cy>66.0</cy>
                    </euclidean>
                </location>
            </node>
            <node id="11" type="1">
                <location>
                    <euclidean>
                        <cx>35.0</cx>
                        <cy>69.0</cy>
                    </euclidean>
                </location>
            </node>
            <node id="12" type="1">
                <location>
                    <euclidean>
                        <cx>25.0</cx>
                        <cy>85.0</cy>
                    </euclidean>
                </location>
            </node>
            <node id="13" type="1">
                <location>
                    <euclidean>
                        <cx>22.0</cx>
                        <cy>75.0</cy>
                    </euclidean>
                </location>
            </node>
            <node id="14" type="1">
                <location>
                    <euclidean>
                        <cx>22.0</cx>
                        <cy>85.0</cy>
                    </euclidean>
                </location>
            </node>
            <node id="15" type="1">
                <location>
                    <euclidean>
                        <cx>20.0</cx>
                        <cy>80.0</cy>
                    </euclidean>
                </location>
            </node>
            <node id="17" type="1">
                <location>
                    <euclidean>
                        <cx>18.0</cx>
                        <cy>75.0</cy>
                    </euclidean>
                </location>
            </node>
            <node id="16" type="1">
                <location>
                    <euclidean>
                        <cx>20.0</cx>
                        <cy>85.0</cy>
                    </euclidean>
                </location>
            </node>
            <node id="19" type="1">
                <location>
                    <euclidean>
                        <cx>15.0</cx>
                        <cy>80.0</cy>
                    </euclidean>
                </location>
            </node>
            <node id="18" type="1">
                <location>
                    <euclidean>
                        <cx>15.0</cx>
                        <cy>75.0</cy>
                    </euclidean>
                </location>
            </node>
            <node id="21" type="1">
                <location>
                    <euclidean>
                        <cx>30.0</cx>
                        <cy>52.0</cy>
                    </euclidean>
                </location>
            </node>
            <node id="20" type="1">
                <location>
                    <euclidean>
                        <cx>30.0</cx>
                        <cy>50.0</cy>
                    </euclidean>
                </location>
            </node>
            <node id="23" type="1">
                <location>
                    <euclidean>
                        <cx>28.0</cx>
                        <cy>55.0</cy>
                    </euclidean>
                </location>
            </node>
            <node id="22" type="1">
                <location>
                    <euclidean>
                        <cx>28.0</cx>
                        <cy>52.0</cy>
                    </euclidean>
                </location>
            </node>
            <node id="25" type="1">
                <location>
                    <euclidean>
                        <cx>25.0</cx>
                        <cy>52.0</cy>
                    </euclidean>
                </location>
            </node>
            <node id="24" type="1">
                <location>
                    <euclidean>
                        <cx>25.0</cx>
                        <cy>50.0</cy>
                    </euclidean>
                </location>
            </node>
            <node id="27" type="1">
                <location>
                    <euclidean>
                        <cx>23.0</cx>
                        <cy>52.0</cy>
                    </euclidean>
                </location>
            </node>
            <node id="26" type="1">
                <location>
                    <euclidean>
                        <cx>25.0</cx>
                        <cy>55.0</cy>
                    </euclidean>
                </location>
            </node>
            <node id="29" type="1">
                <location>
                    <euclidean>
                        <cx>20.0</cx>
                        <cy>50.0</cy>
                    </euclidean>
                </location>
            </node>
            <node id="28" type="1">
                <location>
                    <euclidean>
                        <cx>23.0</cx>
                        <cy>55.0</cy>
                    </euclidean>
                </location>
            </node>
            <node id="31" type="1">
                <location>
                    <euclidean>
                        <cx>10.0</cx>
                        <cy>35.0</cy>
                    </euclidean>
                </location>
            </node>
            <node id="30" type="1">
                <location>
                    <euclidean>
                        <cx>20.0</cx>
                        <cy>55.0</cy>
                    </euclidean>
                </location>
            </node>
            <node id="34" type="1">
                <location>
                    <euclidean>
                        <cx>8.0</cx>
                        <cy>45.0</cy>
                    </euclidean>
                </location>
            </node>
            <node id="35" type="1">
                <location>
                    <euclidean>
                        <cx>5.0</cx>
                        <cy>35.0</cy>
                    </euclidean>
                </location>
            </node>
            <node id="32" type="1">
                <location>
                    <euclidean>
                        <cx>10.0</cx>
                        <cy>40.0</cy>
                    </euclidean>
                </location>
            </node>
            <node id="33" type="1">
                <location>
                    <euclidean>
                        <cx>8.0</cx>
                        <cy>40.0</cy>
                    </euclidean>
                </location>
            </node>
            <node id="38" type="1">
                <location>
                    <euclidean>
                        <cx>0.0</cx>
                        <cy>40.0</cy>
                    </euclidean>
                </location>
            </node>
            <node id="39" type="1">
                <location>
                    <euclidean>
                        <cx>0.0</cx>
                        <cy>45.0</cy>
                    </euclidean>
                </location>
            </node>
            <node id="36" type="1">
                <location>
                    <euclidean>
                        <cx>5.0</cx>
                        <cy>45.0</cy>
                    </euclidean>
                </location>
            </node>
            <node id="37" type="1">
                <location>
                    <euclidean>
                        <cx>2.0</cx>
                        <cy>40.0</cy>
                    </euclidean>
                </location>
            </node>
            <node id="42" type="1">
                <location>
                    <euclidean>
                        <cx>33.0</cx>
                        <cy>32.0</cy>
                    </euclidean>
                </location>
            </node>
            <node id="43" type="1">
                <location>
                    <euclidean>
                        <cx>33.0</cx>
                        <cy>35.0</cy>
                    </euclidean>
                </location>
            </node>
            <node id="40" type="1">
                <location>
                    <euclidean>
                        <cx>35.0</cx>
                        <cy>30.0</cy>
                    </euclidean>
                </location>
            </node>
            <node id="41" type="1">
                <location>
                    <euclidean>
                        <cx>35.0</cx>
                        <cy>32.0</cy>
                    </euclidean>
                </location>
            </node>
            <node id="46" type="1">
                <location>
                    <euclidean>
                        <cx>30.0</cx>
                        <cy>32.0</cy>
                    </euclidean>
                </location>
            </node>
            <node id="47" type="1">
                <location>
                    <euclidean>
                        <cx>30.0</cx>
                        <cy>35.0</cy>
                    </euclidean>
                </location>
            </node>
            <node id="44" type="1">
                <location>
                    <euclidean>
                        <cx>32.0</cx>
                        <cy>30.0</cy>
                    </euclidean>
                </location>
            </node>
            <node id="45" type="1">
                <location>
                    <euclidean>
                        <cx>30.0</cx>
                        <cy>30.0</cy>
                    </euclidean>
                </location>
            </node>
            <node id="51" type="1">
                <location>
                    <euclidean>
                        <cx>25.0</cx>
                        <cy>30.0</cy>
                    </euclidean>
                </location>
            </node>
            <node id="50" type="1">
                <location>
                    <euclidean>
                        <cx>26.0</cx>
                        <cy>32.0</cy>
                    </euclidean>
                </location>
            </node>
            <node id="49" type="1">
                <location>
                    <euclidean>
                        <cx>28.0</cx>
                        <cy>35.0</cy>
                    </euclidean>
                </location>
            </node>
            <node id="48" type="1">
                <location>
                    <euclidean>
                        <cx>28.0</cx>
                        <cy>30.0</cy>
                    </euclidean>
                </location>
            </node>
            <node id="55" type="1">
                <location>
                    <euclidean>
                        <cx>42.0</cx>
                        <cy>15.0</cy>
                    </euclidean>
                </location>
            </node>
            <node id="54" type="1">
                <location>
                    <euclidean>
                        <cx>42.0</cx>
                        <cy>10.0</cy>
                    </euclidean>
                </location>
            </node>
            <node id="53" type="1">
                <location>
                    <euclidean>
                        <cx>44.0</cx>
                        <cy>5.0</cy>
                    </euclidean>
                </location>
            </node>
            <node id="52" type="1">
                <location>
                    <euclidean>
                        <cx>25.0</cx>
                        <cy>35.0</cy>
                    </euclidean>
                </location>
            </node>
            <node id="59" type="1">
                <location>
                    <euclidean>
                        <cx>38.0</cx>
                        <cy>15.0</cy>
                    </euclidean>
                </location>
            </node>
            <node id="58" type="1">
                <location>
                    <euclidean>
                        <cx>38.0</cx>
                        <cy>5.0</cy>
                    </euclidean>
                </location>
            </node>
            <node id="57" type="1">
                <location>
                    <euclidean>
                        <cx>40.0</cx>
                        <cy>15.0</cy>
                    </euclidean>
                </location>
            </node>
            <node id="56" type="1">
                <location>
                    <euclidean>
                        <cx>40.0</cx>
                        <cy>5.0</cy>
                    </euclidean>
                </location>
            </node>
            <node id="63" type="1">
                <location>
                    <euclidean>
                        <cx>50.0</cx>
                        <cy>40.0</cy>
                    </euclidean>
                </location>
            </node>
            <node id="62" type="1">
                <location>
                    <euclidean>
                        <cx>50.0</cx>
                        <cy>35.0</cy>
                    </euclidean>
                </location>
            </node>
            <node id="61" type="1">
                <location>
                    <euclidean>
                        <cx>50.0</cx>
                        <cy>30.0</cy>
                    </euclidean>
                </location>
            </node>
            <node id="60" type="1">
                <location>
                    <euclidean>
                        <cx>35.0</cx>
                        <cy>5.0</cy>
                    </euclidean>
                </location>
            </node>
            <node id="68" type="1">
                <location>
                    <euclidean>
                        <cx>45.0</cx>
                        <cy>30.0</cy>
                    </euclidean>
                </location>
            </node>
            <node id="69" type="1">
                <location>
                    <euclidean>
                        <cx>45.0</cx>
                        <cy>35.0</cy>
                    </euclidean>
                </location>
            </node>
            <node id="70" type="1">
                <location>
                    <euclidean>
                        <cx>95.0</cx>
                        <cy>30.0</cy>
                    </euclidean>
                </location>
            </node>
            <node id="71" type="1">
                <location>
                    <euclidean>
                        <cx>95.0</cx>
                        <cy>35.0</cy>
                    </euclidean>
                </location>
            </node>
            <node id="64" type="1">
                <location>
                    <euclidean>
                        <cx>48.0</cx>
                        <cy>30.0</cy>
                    </euclidean>
                </location>
            </node>
            <node id="65" type="1">
                <location>
                    <euclidean>
                        <cx>48.0</cx>
                        <cy>40.0</cy>
                    </euclidean>
                </location>
            </node>
            <node id="66" type="1">
                <location>
                    <euclidean>
                        <cx>47.0</cx>
                        <cy>35.0</cy>
                    </euclidean>
                </location>
            </node>
            <node id="67" type="1">
                <location>
                    <euclidean>
                        <cx>47.0</cx>
                        <cy>40.0</cy>
                    </euclidean>
                </location>
            </node>
            <node id="76" type="1">
                <location>
                    <euclidean>
                        <cx>90.0</cx>
                        <cy>35.0</cy>
                    </euclidean>
                </location>
            </node>
            <node id="77" type="1">
                <location>
                    <euclidean>
                        <cx>88.0</cx>
                        <cy>30.0</cy>
                    </euclidean>
                </location>
            </node>
            <node id="78" type="1">
                <location>
                    <euclidean>
                        <cx>88.0</cx>
                        <cy>35.0</cy>
                    </euclidean>
                </location>
            </node>
            <node id="79" type="1">
                <location>
                    <euclidean>
                        <cx>87.0</cx>
                        <cy>30.0</cy>
                    </euclidean>
                </location>
            </node>
            <node id="72" type="1">
                <location>
                    <euclidean>
                        <cx>53.0</cx>
                        <cy>30.0</cy>
                    </euclidean>
                </location>
            </node>
            <node id="73" type="1">
                <location>
                    <euclidean>
                        <cx>92.0</cx>
                        <cy>30.0</cy>
                    </euclidean>
                </location>
            </node>
            <node id="74" type="1">
                <location>
                    <euclidean>
                        <cx>53.0</cx>
                        <cy>35.0</cy>
                    </euclidean>
                </location>
            </node>
            <node id="75" type="1">
                <location>
                    <euclidean>
                        <cx>45.0</cx>
                        <cy>65.0</cy>
                    </euclidean>
                </location>
            </node>
            <node id="85" type="1">
                <location>
                    <euclidean>
                        <cx>68.0</cx>
                        <cy>60.0</cy>
                    </euclidean>
                </location>
            </node>
            <node id="84" type="1">
                <location>
                    <euclidean>
                        <cx>70.0</cx>
                        <cy>58.0</cy>
                    </euclidean>
                </location>
            </node>
            <node id="87" type="1">
                <location>
                    <euclidean>
                        <cx>65.0</cx>
                        <cy>55.0</cy>
                    </euclidean>
                </location>
            </node>
            <node id="86" type="1">
                <location>
                    <euclidean>
                        <cx>66.0</cx>
                        <cy>55.0</cy>
                    </euclidean>
                </location>
            </node>
            <node id="81" type="1">
                <location>
                    <euclidean>
                        <cx>85.0</cx>
                        <cy>35.0</cy>
                    </euclidean>
                </location>
            </node>
            <node id="80" type="1">
                <location>
                    <euclidean>
                        <cx>85.0</cx>
                        <cy>25.0</cy>
                    </euclidean>
                </location>
            </node>
            <node id="83" type="1">
                <location>
                    <euclidean>
                        <cx>72.0</cx>
                        <cy>55.0</cy>
                    </euclidean>
                </location>
            </node>
            <node id="82" type="1">
                <location>
                    <euclidean>
                        <cx>75.0</cx>
                        <cy>55.0</cy>
                    </euclidean>
                </location>
            </node>
            <node id="93" type="1">
                <location>
                    <euclidean>
                        <cx>65.0</cx>
                        <cy>85.0</cy>
                    </euclidean>
                </location>
            </node>
            <node id="92" type="1">
                <location>
                    <euclidean>
                        <cx>67.0</cx>
                        <cy>85.0</cy>
                    </euclidean>
                </location>
            </node>
            <node id="95" type="1">
                <location>
                    <euclidean>
                        <cx>62.0</cx>
                        <cy>80.0</cy>
                    </euclidean>
                </location>
            </node>
            <node id="94" type="1">
                <location>
                    <euclidean>
                        <cx>65.0</cx>
                        <cy>82.0</cy>
                    </euclidean>
                </location>
            </node>
            <node id="89" type="1">
                <location>
                    <euclidean>
                        <cx>63.0</cx>
                        <cy>58.0</cy>
                    </euclidean>
                </location>
            </node>
            <node id="88" type="1">
                <location>
                    <euclidean>
                        <cx>65.0</cx>
                        <cy>60.0</cy>
                    </euclidean>
                </location>
            </node>
            <node id="91" type="1">
                <location>
                    <euclidean>
                        <cx>60.0</cx>
                        <cy>60.0</cy>
                    </euclidean>
                </location>
            </node>
            <node id="90" type="1">
                <location>
                    <euclidean>
                        <cx>60.0</cx>
                        <cy>55.0</cy>
                    </euclidean>
                </location>
            </node>
            <node id="100" type="1">
                <location>
                    <euclidean>
                        <cx>55.0</cx>
                        <cy>85.0</cy>
                    </euclidean>
                </location>
            </node>
            <node id="98" type="1">
                <location>
                    <euclidean>
                        <cx>58.0</cx>
                        <cy>75.0</cy>
                    </euclidean>
                </location>
            </node>
            <node id="99" type="1">
                <location>
                    <euclidean>
                        <cx>55.0</cx>
                        <cy>80.0</cy>
                    </euclidean>
                </location>
            </node>
            <node id="96" type="1">
                <location>
                    <euclidean>
                        <cx>60.0</cx>
                        <cy>80.0</cy>
                    </euclidean>
                </location>
            </node>
            <node id="97" type="1">
                <location>
                    <euclidean>
                        <cx>60.0</cx>
                        <cy>85.0</cy>
                    </euclidean>
                </location>
            </node>
        </nodes>
        <descriptor>
            <isComplete>true</isComplete>
            <distanceType>EUC_2D</distanceType>
        </descriptor>
    </network>
    <fleet>
        <vehicle type="0">
            <number>25</number>
            <capacity>200.0</capacity>
        </vehicle>
    </fleet>
    <requests>
        <request id="1" node="1">
            <tw>
                <start isHard="true">830</start>
                <end isHard="true">1049</end>
            </tw>
            <demand type="0">10</demand>
            <serviceTime>90.000</serviceTime>
        </request>
        <request id="2" node="2">
            <tw>
                <start isHard="true">756</start>
                <end isHard="true">939</end>
            </tw>
            <demand type="0">30</demand>
            <serviceTime>90.000</serviceTime>
        </request>
        <request id="3" node="3">
            <tw>
                <start isHard="true">16</start>
                <end isHard="true">336</end>
            </tw>
            <demand type="0">10</demand>
            <serviceTime>90.000</serviceTime>
        </request>
        <request id="4" node="4">
            <tw>
                <start isHard="true">643</start>
                <end isHard="true">866</end>
            </tw>
            <demand type="0">10</demand>
            <serviceTime>90.000</serviceTime>
        </request>
        <request id="5" node="5">
            <tw>
                <start isHard="true">15</start>
                <end isHard="true">226</end>
            </tw>
            <demand type="0">10</demand>
            <serviceTime>90.000</serviceTime>
        </request>
        <request id="6" node="6">
            <tw>
                <start isHard="true">499</start>
                <end isHard="true">824</end>
            </tw>
            <demand type="0">20</demand>
            <serviceTime>90.000</serviceTime>
        </request>
        <request id="7" node="7">
            <tw>
                <start isHard="true">87</start>
                <end isHard="true">308</end>
            </tw>
            <demand type="0">20</demand>
            <serviceTime>90.000</serviceTime>
        </request>
        <request id="8" node="8">
            <tw>
                <start isHard="true">150</start>
                <end isHard="true">429</end>
            </tw>
            <demand type="0">20</demand>
            <serviceTime>90.000</serviceTime>
        </request>
        <request id="9" node="9">
            <tw>
                <start isHard="true">429</start>
                <end isHard="true">710</end>
            </tw>
            <demand type="0">10</demand>
            <serviceTime>90.000</serviceTime>
        </request>
        <request id="10" node="10">
            <tw>
                <start isHard="true">279</start>
                <end isHard="true">488</end>
            </tw>
            <demand type="0">10</demand>
            <serviceTime>90.000</serviceTime>
        </request>
        <request id="11" node="11">
            <tw>
                <start isHard="true">363</start>
                <end isHard="true">590</end>
            </tw>
            <demand type="0">10</demand>
            <serviceTime>90.000</serviceTime>
        </request>
        <request id="12" node="12">
            <tw>
                <start isHard="true">547</start>
                <end isHard="true">826</end>
            </tw>
            <demand type="0">20</demand>
            <serviceTime>90.000</serviceTime>
        </request>
        <request id="13" node="13">
            <tw>
                <start isHard="true">30</start>
                <end isHard="true">280</end>
            </tw>
            <demand type="0">30</demand>
            <serviceTime>90.000</serviceTime>
        </request>
        <request id="14" node="14">
            <tw>
                <start isHard="true">489</start>
                <end isHard="true">698</end>
            </tw>
            <demand type="0">10</demand>
            <serviceTime>90.000</serviceTime>
        </request>
        <request id="15" node="15">
            <tw>
                <start isHard="true">318</start>
                <end isHard="true">495</end>
            </tw>
            <demand type="0">40</demand>
            <serviceTime>90.000</serviceTime>
        </request>
        <request id="17" node="17">
            <tw>
                <start isHard="true">33</start>
                <end isHard="true">226</end>
            </tw>
            <demand type="0">20</demand>
            <serviceTime>90.000</serviceTime>
        </request>
        <request id="16" node="16">
            <tw>
                <start isHard="true">394</start>
                <end isHard="true">609</end>
            </tw>
            <demand type="0">40</demand>
            <serviceTime>90.000</serviceTime>
        </request>
        <request id="19" node="19">
            <tw>
                <start isHard="true">176</start>
                <end isHard="true">447</end>
            </tw>
            <demand type="0">10</demand>
            <serviceTime>90.000</serviceTime>
        </request>
        <request id="18" node="18">
            <tw>
                <start isHard="true">68</start>
                <end isHard="true">365</end>
            </tw>
            <demand type="0">20</demand>
            <serviceTime>90.000</serviceTime>
        </request>
        <request id="21" node="21">
            <tw>
                <start isHard="true">836</start>
                <end isHard="true">1043</end>
            </tw>
            <demand type="0">20</demand>
            <serviceTime>90.000</serviceTime>
        </request>
        <request id="20" node="20">
            <tw>
                <start isHard="true">10</start>
                <end isHard="true">265</end>
            </tw>
            <demand type="0">10</demand>
            <serviceTime>90.000</serviceTime>
        </request>
        <request id="23" node="23">
            <tw>
                <start isHard="true">664</start>
                <end isHard="true">845</end>
            </tw>
            <demand type="0">10</demand>
            <serviceTime>90.000</serviceTime>
        </request>
        <request id="22" node="22">
            <tw>
                <start isHard="true">704</start>
                <end isHard="true">991</end>
            </tw>
            <demand type="0">20</demand>
            <serviceTime>90.000</serviceTime>
        </request>
        <request id="25" node="25">
            <tw>
                <start isHard="true">88</start>
                <end isHard="true">305</end>
            </tw>
            <demand type="0">40</demand>
            <serviceTime>90.000</serviceTime>
        </request>
        <request id="24" node="24">
            <tw>
                <start isHard="true">15</start>
                <end isHard="true">333</end>
            </tw>
            <demand type="0">10</demand>
            <serviceTime>90.000</serviceTime>
        </request>
        <request id="27" node="27">
            <tw>
                <start isHard="true">179</start>
                <end isHard="true">398</end>
            </tw>
            <demand type="0">10</demand>
            <serviceTime>90.000</serviceTime>
        </request>
        <request id="26" node="26">
            <tw>
                <start isHard="true">502</start>
                <end isHard="true">821</end>
            </tw>
            <demand type="0">10</demand>
            <serviceTime>90.000</serviceTime>
        </request>
        <request id="29" node="29">
            <tw>
                <start isHard="true">288</start>
                <end isHard="true">475</end>
            </tw>
            <demand type="0">10</demand>
            <serviceTime>90.000</serviceTime>
        </request>
        <request id="28" node="28">
            <tw>
                <start isHard="true">476</start>
                <end isHard="true">663</end>
            </tw>
            <demand type="0">20</demand>
            <serviceTime>90.000</serviceTime>
        </request>
        <request id="31" node="31">
            <tw>
                <start isHard="true">144</start>
                <end isHard="true">293</end>
            </tw>
            <demand type="0">20</demand>
            <serviceTime>90.000</serviceTime>
        </request>
        <request id="30" node="30">
            <tw>
                <start isHard="true">368</start>
                <end isHard="true">585</end>
            </tw>
            <demand type="0">10</demand>
            <serviceTime>90.000</serviceTime>
        </request>
        <request id="34" node="34">
            <tw>
                <start isHard="true">655</start>
                <end isHard="true">912</end>
            </tw>
            <demand type="0">20</demand>
            <serviceTime>90.000</serviceTime>
        </request>
        <request id="35" node="35">
            <tw>
                <start isHard="true">191</start>
                <end isHard="true">436</end>
            </tw>
            <demand type="0">10</demand>
            <serviceTime>90.000</serviceTime>
        </request>
        <request id="32" node="32">
            <tw>
                <start isHard="true">31</start>
                <end isHard="true">309</end>
            </tw>
            <demand type="0">30</demand>
            <serviceTime>90.000</serviceTime>
        </request>
        <request id="33" node="33">
            <tw>
                <start isHard="true">33</start>
                <end isHard="true">313</end>
            </tw>
            <demand type="0">40</demand>
            <serviceTime>90.000</serviceTime>
        </request>
        <request id="38" node="38">
            <tw>
                <start isHard="true">414</start>
                <end isHard="true">587</end>
            </tw>
            <demand type="0">30</demand>
            <serviceTime>90.000</serviceTime>
        </request>
        <request id="39" node="39">
            <tw>
                <start isHard="true">481</start>
                <end isHard="true">710</end>
            </tw>
            <demand type="0">20</demand>
            <serviceTime>90.000</serviceTime>
        </request>
        <request id="36" node="36">
            <tw>
                <start isHard="true">588</start>
                <end isHard="true">793</end>
            </tw>
            <demand type="0">10</demand>
            <serviceTime>90.000</serviceTime>
        </request>
        <request id="37" node="37">
            <tw>
                <start isHard="true">305</start>
                <end isHard="true">512</end>
            </tw>
            <demand type="0">20</demand>
            <serviceTime>90.000</serviceTime>
        </request>
        <request id="42" node="42">
            <tw>
                <start isHard="true">19</start>
                <end isHard="true">345</end>
            </tw>
            <demand type="0">20</demand>
            <serviceTime>90.000</serviceTime>
        </request>
        <request id="43" node="43">
            <tw>
                <start isHard="true">16</start>
                <end isHard="true">273</end>
            </tw>
            <demand type="0">10</demand>
            <serviceTime>90.000</serviceTime>
        </request>
        <request id="40" node="40">
            <tw>
                <start isHard="true">180</start>
                <end isHard="true">405</end>
            </tw>
            <demand type="0">10</demand>
            <serviceTime>90.000</serviceTime>
        </request>
        <request id="41" node="41">
            <tw>
                <start isHard="true">63</start>
                <end isHard="true">338</end>
            </tw>
            <demand type="0">10</demand>
            <serviceTime>90.000</serviceTime>
        </request>
        <request id="46" node="46">
            <tw>
                <start isHard="true">355</start>
                <end isHard="true">602</end>
            </tw>
            <demand type="0">30</demand>
            <serviceTime>90.000</serviceTime>
        </request>
        <request id="47" node="47">
            <tw>
                <start isHard="true">837</start>
                <end isHard="true">1127</end>
            </tw>
            <demand type="0">10</demand>
            <serviceTime>90.000</serviceTime>
        </request>
        <request id="44" node="44">
            <tw>
                <start isHard="true">278</start>
                <end isHard="true">493</end>
            </tw>
            <demand type="0">10</demand>
            <serviceTime>90.000</serviceTime>
        </request>
        <request id="45" node="45">
            <tw>
                <start isHard="true">453</start>
                <end isHard="true">688</end>
            </tw>
            <demand type="0">10</demand>
            <serviceTime>90.000</serviceTime>
        </request>
        <request id="51" node="51">
            <tw>
                <start isHard="true">635</start>
                <end isHard="true">876</end>
            </tw>
            <demand type="0">10</demand>
            <serviceTime>90.000</serviceTime>
        </request>
        <request id="50" node="50">
            <tw>
                <start isHard="true">719</start>
                <end isHard="true">976</end>
            </tw>
            <demand type="0">10</demand>
            <serviceTime>90.000</serviceTime>
        </request>
        <request id="49" node="49">
            <tw>
                <start isHard="true">867</start>
                <end isHard="true">1126</end>
            </tw>
            <demand type="0">10</demand>
            <serviceTime>90.000</serviceTime>
        </request>
        <request id="48" node="48">
            <tw>
                <start isHard="true">539</start>
                <end isHard="true">786</end>
            </tw>
            <demand type="0">10</demand>
            <serviceTime>90.000</serviceTime>
        </request>
        <request id="55" node="55">
            <tw>
                <start isHard="true">35</start>
                <end isHard="true">287</end>
            </tw>
            <demand type="0">10</demand>
            <serviceTime>90.000</serviceTime>
        </request>
        <request id="54" node="54">
            <tw>
                <start isHard="true">78</start>
                <end isHard="true">365</end>
            </tw>
            <demand type="0">40</demand>
            <serviceTime>90.000</serviceTime>
        </request>
        <request id="53" node="53">
            <tw>
                <start isHard="true">193</start>
                <end isHard="true">440</end>
            </tw>
            <demand type="0">20</demand>
            <serviceTime>90.000</serviceTime>
        </request>
        <request id="52" node="52">
            <tw>
                <start isHard="true">825</start>
                <end isHard="true">1056</end>
            </tw>
            <demand type="0">10</demand>
            <serviceTime>90.000</serviceTime>
        </request>
        <request id="59" node="59">
            <tw>
                <start isHard="true">519</start>
                <end isHard="true">872</end>
            </tw>
            <demand type="0">10</demand>
            <serviceTime>90.000</serviceTime>
        </request>
        <request id="58" node="58">
            <tw>
                <start isHard="true">376</start>
                <end isHard="true">629</end>
            </tw>
            <demand type="0">30</demand>
            <serviceTime>90.000</serviceTime>
        </request>
        <request id="57" node="57">
            <tw>
                <start isHard="true">35</start>
                <end isHard="true">246</end>
            </tw>
            <demand type="0">40</demand>
            <serviceTime>90.000</serviceTime>
        </request>
        <request id="56" node="56">
            <tw>
                <start isHard="true">308</start>
                <end isHard="true">513</end>
            </tw>
            <demand type="0">30</demand>
            <serviceTime>90.000</serviceTime>
        </request>
        <request id="63" node="63">
            <tw>
                <start isHard="true">100</start>
                <end isHard="true">289</end>
            </tw>
            <demand type="0">50</demand>
            <serviceTime>90.000</serviceTime>
        </request>
        <request id="62" node="62">
            <tw>
                <start isHard="true">181</start>
                <end isHard="true">398</end>
            </tw>
            <demand type="0">20</demand>
            <serviceTime>90.000</serviceTime>
        </request>
        <request id="61" node="61">
            <tw>
                <start isHard="true">412</start>
                <end isHard="true">729</end>
            </tw>
            <demand type="0">10</demand>
            <serviceTime>90.000</serviceTime>
        </request>
        <request id="60" node="60">
            <tw>
                <start isHard="true">463</start>
                <end isHard="true">728</end>
            </tw>
            <demand type="0">20</demand>
            <serviceTime>90.000</serviceTime>
        </request>
        <request id="68" node="68">
            <tw>
                <start isHard="true">669</start>
                <end isHard="true">842</end>
            </tw>
            <demand type="0">10</demand>
            <serviceTime>90.000</serviceTime>
        </request>
        <request id="69" node="69">
            <tw>
                <start isHard="true">836</start>
                <end isHard="true">1049</end>
            </tw>
            <demand type="0">10</demand>
            <serviceTime>90.000</serviceTime>
        </request>
        <request id="70" node="70">
            <tw>
                <start isHard="true">284</start>
                <end isHard="true">559</end>
            </tw>
            <demand type="0">30</demand>
            <serviceTime>90.000</serviceTime>
        </request>
        <request id="71" node="71">
            <tw>
                <start isHard="true">194</start>
                <end isHard="true">459</end>
            </tw>
            <demand type="0">20</demand>
            <serviceTime>90.000</serviceTime>
        </request>
        <request id="64" node="64">
            <tw>
                <start isHard="true">539</start>
                <end isHard="true">786</end>
            </tw>
            <demand type="0">10</demand>
            <serviceTime>90.000</serviceTime>
        </request>
        <request id="65" node="65">
            <tw>
                <start isHard="true">12</start>
                <end isHard="true">223</end>
            </tw>
            <demand type="0">10</demand>
            <serviceTime>90.000</serviceTime>
        </request>
        <request id="66" node="66">
            <tw>
                <start isHard="true">753</start>
                <end isHard="true">948</end>
            </tw>
            <demand type="0">10</demand>
            <serviceTime>90.000</serviceTime>
        </request>
        <request id="67" node="67">
            <tw>
                <start isHard="true">12</start>
                <end isHard="true">275</end>
            </tw>
            <demand type="0">10</demand>
            <serviceTime>90.000</serviceTime>
        </request>
        <request id="76" node="76">
            <tw>
                <start isHard="true">119</start>
                <end isHard="true">344</end>
            </tw>
            <demand type="0">10</demand>
            <serviceTime>90.000</serviceTime>
        </request>
        <request id="77" node="77">
            <tw>
                <start isHard="true">469</start>
                <end isHard="true">748</end>
            </tw>
            <demand type="0">10</demand>
            <serviceTime>90.000</serviceTime>
        </request>
        <request id="78" node="78">
            <tw>
                <start isHard="true">50</start>
                <end isHard="true">295</end>
            </tw>
            <demand type="0">20</demand>
            <serviceTime>90.000</serviceTime>
        </request>
        <request id="79" node="79">
            <tw>
                <start isHard="true">573</start>
                <end isHard="true">826</end>
            </tw>
            <demand type="0">10</demand>
            <serviceTime>90.000</serviceTime>
        </request>
        <request id="72" node="72">
            <tw>
                <start isHard="true">367</start>
                <end isHard="true">588</end>
            </tw>
            <demand type="0">10</demand>
            <serviceTime>90.000</serviceTime>
        </request>
        <request id="73" node="73">
            <tw>
                <start isHard="true">370</start>
                <end isHard="true">659</end>
            </tw>
            <demand type="0">10</demand>
            <serviceTime>90.000</serviceTime>
        </request>
        <request id="74" node="74">
            <tw>
                <start isHard="true">263</start>
                <end isHard="true">502</end>
            </tw>
            <demand type="0">50</demand>
            <serviceTime>90.000</serviceTime>
        </request>
        <request id="75" node="75">
            <tw>
                <start isHard="true">847</start>
                <end isHard="true">1130</end>
            </tw>
            <demand type="0">20</demand>
            <serviceTime>90.000</serviceTime>
        </request>
        <request id="85" node="85">
            <tw>
                <start isHard="true">470</start>
                <end isHard="true">697</end>
            </tw>
            <demand type="0">30</demand>
            <serviceTime>90.000</serviceTime>
        </request>
        <request id="84" node="84">
            <tw>
                <start isHard="true">360</start>
                <end isHard="true">621</end>
            </tw>
            <demand type="0">20</demand>
            <serviceTime>90.000</serviceTime>
        </request>
        <request id="87" node="87">
            <tw>
                <start isHard="true">25</start>
                <end isHard="true">260</end>
            </tw>
            <demand type="0">20</demand>
            <serviceTime>90.000</serviceTime>
        </request>
        <request id="86" node="86">
            <tw>
                <start isHard="true">76</start>
                <end isHard="true">335</end>
            </tw>
            <demand type="0">10</demand>
            <serviceTime>90.000</serviceTime>
        </request>
        <request id="81" node="81">
            <tw>
                <start isHard="true">47</start>
                <end isHard="true">356</end>
            </tw>
            <demand type="0">30</demand>
            <serviceTime>90.000</serviceTime>
        </request>
        <request id="80" node="80">
            <tw>
                <start isHard="true">694</start>
                <end isHard="true">895</end>
            </tw>
            <demand type="0">10</demand>
            <serviceTime>90.000</serviceTime>
        </request>
        <request id="83" node="83">
            <tw>
                <start isHard="true">154</start>
                <end isHard="true">449</end>
            </tw>
            <demand type="0">10</demand>
            <serviceTime>90.000</serviceTime>
        </request>
        <request id="82" node="82">
            <tw>
                <start isHard="true">293</start>
                <end isHard="true">496</end>
            </tw>
            <demand type="0">20</demand>
            <serviceTime>90.000</serviceTime>
        </request>
        <request id="93" node="93">
            <tw>
                <start isHard="true">409</start>
                <end isHard="true">584</end>
            </tw>
            <demand type="0">40</demand>
            <serviceTime>90.000</serviceTime>
        </request>
        <request id="92" node="92">
            <tw>
                <start isHard="true">257</start>
                <end isHard="true">552</end>
            </tw>
            <demand type="0">20</demand>
            <serviceTime>90.000</serviceTime>
        </request>
        <request id="95" node="95">
            <tw>
                <start isHard="true">130</start>
                <end isHard="true">305</end>
            </tw>
            <demand type="0">30</demand>
            <serviceTime>90.000</serviceTime>
        </request>
        <request id="94" node="94">
            <tw>
                <start isHard="true">209</start>
                <end isHard="true">412</end>
            </tw>
            <demand type="0">10</demand>
            <serviceTime>90.000</serviceTime>
        </request>
        <request id="89" node="89">
            <tw>
                <start isHard="true">640</start>
                <end isHard="true">899</end>
            </tw>
            <demand type="0">10</demand>
            <serviceTime>90.000</serviceTime>
        </request>
        <request id="88" node="88">
            <tw>
                <start isHard="true">551</start>
                <end isHard="true">802</end>
            </tw>
            <demand type="0">30</demand>
            <serviceTime>90.000</serviceTime>
        </request>
        <request id="91" node="91">
            <tw>
                <start isHard="true">756</start>
                <end isHard="true">969</end>
            </tw>
            <demand type="0">10</demand>
            <serviceTime>90.000</serviceTime>
        </request>
        <request id="90" node="90">
            <tw>
                <start isHard="true">20</start>
                <end isHard="true">276</end>
            </tw>
            <demand type="0">10</demand>
            <serviceTime>90.000</serviceTime>
        </request>
        <request id="100" node="100">
            <tw>
                <start isHard="true">530</start>
                <end isHard="true">843</end>
            </tw>
            <demand type="0">20</demand>
            <serviceTime>90.000</serviceTime>
        </request>
        <request id="98" node="98">
            <tw>
                <start isHard="true">30</start>
                <end isHard="true">248</end>
            </tw>
            <demand type="0">20</demand>
            <serviceTime>90.000</serviceTime>
        </request>
        <request id="99" node="99">
            <tw>
                <start isHard="true">628</start>
                <end isHard="true">935</end>
            </tw>
            <demand type="0">10</demand>
            <serviceTime>90.000</serviceTime>
        </request>
        <request id="96" node="96">
            <tw>
                <start isHard="true">36</start>
                <end isHard="true">283</end>
            </tw>
            <demand type="0">10</demand>
            <serviceTime>90.000</serviceTime>
        </request>
        <request id="97" node="97">
            <tw>
                <start isHard="true">470</start>
                <end isHard="true">713</end>
            </tw>
            <demand type="0">30</demand>
            <serviceTime>90.000</serviceTime>
        </request>
    </requests>
</instance>
