<?xml version="1.0" encoding="UTF-8" standalone="yes"?>
<instance>
    <info>
        <name>B-n68-k9</name>
        <problem>CVRP</problem>
        <reference>P. Augerat, J.M. Belenguer, E. Benavent, A. Corberán, D. Naddef, G. Rinaldi, Computational Results with a Branch and Cut Code for the Capacitated Vehicle Routing Problem, Research Report 949-M, Universite Joseph Fourier, Grenoble, France</reference>
        <contributor>
            <name>Victor Pillac</name>
            <email>vpillac@nicta.com.au</email>
        </contributor>
    </info>
    <network>
        <nodes>
            <node id="1" type="0">
                <location>
                    <euclidean>
                        <cx>87.0</cx>
                        <cy>39.0</cy>
                    </euclidean>
                </location>
            </node>
            <node id="2" type="1">
                <location>
                    <euclidean>
                        <cx>63.0</cx>
                        <cy>45.0</cy>
                    </euclidean>
                </location>
            </node>
            <node id="3" type="1">
                <location>
                    <euclidean>
                        <cx>5.0</cx>
                        <cy>71.0</cy>
                    </euclidean>
                </location>
            </node>
            <node id="4" type="1">
                <location>
                    <euclidean>
                        <cx>71.0</cx>
                        <cy>13.0</cy>
                    </euclidean>
                </location>
            </node>
            <node id="5" type="1">
                <location>
                    <euclidean>
                        <cx>59.0</cx>
                        <cy>63.0</cy>
                    </euclidean>
                </location>
            </node>
            <node id="6" type="1">
                <location>
                    <euclidean>
                        <cx>45.0</cx>
                        <cy>95.0</cy>
                    </euclidean>
                </location>
            </node>
            <node id="7" type="1">
                <location>
                    <euclidean>
                        <cx>29.0</cx>
                        <cy>13.0</cy>
                    </euclidean>
                </location>
            </node>
            <node id="8" type="1">
                <location>
                    <euclidean>
                        <cx>51.0</cx>
                        <cy>79.0</cy>
                    </euclidean>
                </location>
            </node>
            <node id="9" type="1">
                <location>
                    <euclidean>
                        <cx>7.0</cx>
                        <cy>67.0</cy>
                    </euclidean>
                </location>
            </node>
            <node id="10" type="1">
                <location>
                    <euclidean>
                        <cx>25.0</cx>
                        <cy>85.0</cy>
                    </euclidean>
                </location>
            </node>
            <node id="11" type="1">
                <location>
                    <euclidean>
                        <cx>1.0</cx>
                        <cy>7.0</cy>
                    </euclidean>
                </location>
            </node>
            <node id="12" type="1">
                <location>
                    <euclidean>
                        <cx>72.0</cx>
                        <cy>14.0</cy>
                    </euclidean>
                </location>
            </node>
            <node id="13" type="1">
                <location>
                    <euclidean>
                        <cx>28.0</cx>
                        <cy>86.0</cy>
                    </euclidean>
                </location>
            </node>
            <node id="14" type="1">
                <location>
                    <euclidean>
                        <cx>52.0</cx>
                        <cy>86.0</cy>
                    </euclidean>
                </location>
            </node>
            <node id="15" type="1">
                <location>
                    <euclidean>
                        <cx>46.0</cx>
                        <cy>100.0</cy>
                    </euclidean>
                </location>
            </node>
            <node id="17" type="1">
                <location>
                    <euclidean>
                        <cx>28.0</cx>
                        <cy>90.0</cy>
                    </euclidean>
                </location>
            </node>
            <node id="16" type="1">
                <location>
                    <euclidean>
                        <cx>66.0</cx>
                        <cy>46.0</cy>
                    </euclidean>
                </location>
            </node>
            <node id="19" type="1">
                <location>
                    <euclidean>
                        <cx>2.0</cx>
                        <cy>14.0</cy>
                    </euclidean>
                </location>
            </node>
            <node id="18" type="1">
                <location>
                    <euclidean>
                        <cx>16.0</cx>
                        <cy>70.0</cy>
                    </euclidean>
                </location>
            </node>
            <node id="21" type="1">
                <location>
                    <euclidean>
                        <cx>14.0</cx>
                        <cy>72.0</cy>
                    </euclidean>
                </location>
            </node>
            <node id="20" type="1">
                <location>
                    <euclidean>
                        <cx>79.0</cx>
                        <cy>21.0</cy>
                    </euclidean>
                </location>
            </node>
            <node id="23" type="1">
                <location>
                    <euclidean>
                        <cx>6.0</cx>
                        <cy>72.0</cy>
                    </euclidean>
                </location>
            </node>
            <node id="22" type="1">
                <location>
                    <euclidean>
                        <cx>32.0</cx>
                        <cy>88.0</cy>
                    </euclidean>
                </location>
            </node>
            <node id="25" type="1">
                <location>
                    <euclidean>
                        <cx>2.0</cx>
                        <cy>12.0</cy>
                    </euclidean>
                </location>
            </node>
            <node id="24" type="1">
                <location>
                    <euclidean>
                        <cx>73.0</cx>
                        <cy>15.0</cy>
                    </euclidean>
                </location>
            </node>
            <node id="27" type="1">
                <location>
                    <euclidean>
                        <cx>12.0</cx>
                        <cy>76.0</cy>
                    </euclidean>
                </location>
            </node>
            <node id="26" type="1">
                <location>
                    <euclidean>
                        <cx>73.0</cx>
                        <cy>21.0</cy>
                    </euclidean>
                </location>
            </node>
            <node id="29" type="1">
                <location>
                    <euclidean>
                        <cx>2.0</cx>
                        <cy>16.0</cy>
                    </euclidean>
                </location>
            </node>
            <node id="28" type="1">
                <location>
                    <euclidean>
                        <cx>66.0</cx>
                        <cy>72.0</cy>
                    </euclidean>
                </location>
            </node>
            <node id="31" type="1">
                <location>
                    <euclidean>
                        <cx>30.0</cx>
                        <cy>88.0</cy>
                    </euclidean>
                </location>
            </node>
            <node id="30" type="1">
                <location>
                    <euclidean>
                        <cx>38.0</cx>
                        <cy>16.0</cy>
                    </euclidean>
                </location>
            </node>
            <node id="34" type="1">
                <location>
                    <euclidean>
                        <cx>64.0</cx>
                        <cy>46.0</cy>
                    </euclidean>
                </location>
            </node>
            <node id="35" type="1">
                <location>
                    <euclidean>
                        <cx>26.0</cx>
                        <cy>88.0</cy>
                    </euclidean>
                </location>
            </node>
            <node id="32" type="1">
                <location>
                    <euclidean>
                        <cx>68.0</cx>
                        <cy>54.0</cy>
                    </euclidean>
                </location>
            </node>
            <node id="33" type="1">
                <location>
                    <euclidean>
                        <cx>32.0</cx>
                        <cy>14.0</cy>
                    </euclidean>
                </location>
            </node>
            <node id="38" type="1">
                <location>
                    <euclidean>
                        <cx>8.0</cx>
                        <cy>68.0</cy>
                    </euclidean>
                </location>
            </node>
            <node id="39" type="1">
                <location>
                    <euclidean>
                        <cx>77.0</cx>
                        <cy>15.0</cy>
                    </euclidean>
                </location>
            </node>
            <node id="36" type="1">
                <location>
                    <euclidean>
                        <cx>62.0</cx>
                        <cy>68.0</cy>
                    </euclidean>
                </location>
            </node>
            <node id="37" type="1">
                <location>
                    <euclidean>
                        <cx>34.0</cx>
                        <cy>16.0</cy>
                    </euclidean>
                </location>
            </node>
            <node id="42" type="1">
                <location>
                    <euclidean>
                        <cx>8.0</cx>
                        <cy>68.0</cy>
                    </euclidean>
                </location>
            </node>
            <node id="43" type="1">
                <location>
                    <euclidean>
                        <cx>36.0</cx>
                        <cy>20.0</cy>
                    </euclidean>
                </location>
            </node>
            <node id="40" type="1">
                <location>
                    <euclidean>
                        <cx>73.0</cx>
                        <cy>15.0</cy>
                    </euclidean>
                </location>
            </node>
            <node id="41" type="1">
                <location>
                    <euclidean>
                        <cx>75.0</cx>
                        <cy>15.0</cy>
                    </euclidean>
                </location>
            </node>
            <node id="46" type="1">
                <location>
                    <euclidean>
                        <cx>28.0</cx>
                        <cy>86.0</cy>
                    </euclidean>
                </location>
            </node>
            <node id="47" type="1">
                <location>
                    <euclidean>
                        <cx>52.0</cx>
                        <cy>84.0</cy>
                    </euclidean>
                </location>
            </node>
            <node id="44" type="1">
                <location>
                    <euclidean>
                        <cx>56.0</cx>
                        <cy>82.0</cy>
                    </euclidean>
                </location>
            </node>
            <node id="45" type="1">
                <location>
                    <euclidean>
                        <cx>26.0</cx>
                        <cy>88.0</cy>
                    </euclidean>
                </location>
            </node>
            <node id="51" type="1">
                <location>
                    <euclidean>
                        <cx>76.0</cx>
                        <cy>16.0</cy>
                    </euclidean>
                </location>
            </node>
            <node id="50" type="1">
                <location>
                    <euclidean>
                        <cx>8.0</cx>
                        <cy>72.0</cy>
                    </euclidean>
                </location>
            </node>
            <node id="49" type="1">
                <location>
                    <euclidean>
                        <cx>26.0</cx>
                        <cy>86.0</cy>
                    </euclidean>
                </location>
            </node>
            <node id="48" type="1">
                <location>
                    <euclidean>
                        <cx>60.0</cx>
                        <cy>70.0</cy>
                    </euclidean>
                </location>
            </node>
            <node id="55" type="1">
                <location>
                    <euclidean>
                        <cx>34.0</cx>
                        <cy>92.0</cy>
                    </euclidean>
                </location>
            </node>
            <node id="54" type="1">
                <location>
                    <euclidean>
                        <cx>78.0</cx>
                        <cy>14.0</cy>
                    </euclidean>
                </location>
            </node>
            <node id="53" type="1">
                <location>
                    <euclidean>
                        <cx>14.0</cx>
                        <cy>72.0</cy>
                    </euclidean>
                </location>
            </node>
            <node id="52" type="1">
                <location>
                    <euclidean>
                        <cx>6.0</cx>
                        <cy>76.0</cy>
                    </euclidean>
                </location>
            </node>
            <node id="59" type="1">
                <location>
                    <euclidean>
                        <cx>6.0</cx>
                        <cy>8.0</cy>
                    </euclidean>
                </location>
            </node>
            <node id="58" type="1">
                <location>
                    <euclidean>
                        <cx>10.0</cx>
                        <cy>74.0</cy>
                    </euclidean>
                </location>
            </node>
            <node id="57" type="1">
                <location>
                    <euclidean>
                        <cx>64.0</cx>
                        <cy>46.0</cy>
                    </euclidean>
                </location>
            </node>
            <node id="56" type="1">
                <location>
                    <euclidean>
                        <cx>74.0</cx>
                        <cy>14.0</cy>
                    </euclidean>
                </location>
            </node>
            <node id="63" type="1">
                <location>
                    <euclidean>
                        <cx>46.0</cx>
                        <cy>102.0</cy>
                    </euclidean>
                </location>
            </node>
            <node id="62" type="1">
                <location>
                    <euclidean>
                        <cx>6.0</cx>
                        <cy>78.0</cy>
                    </euclidean>
                </location>
            </node>
            <node id="61" type="1">
                <location>
                    <euclidean>
                        <cx>60.0</cx>
                        <cy>64.0</cy>
                    </euclidean>
                </location>
            </node>
            <node id="60" type="1">
                <location>
                    <euclidean>
                        <cx>28.0</cx>
                        <cy>88.0</cy>
                    </euclidean>
                </location>
            </node>
            <node id="68" type="1">
                <location>
                    <euclidean>
                        <cx>36.0</cx>
                        <cy>14.0</cy>
                    </euclidean>
                </location>
            </node>
            <node id="64" type="1">
                <location>
                    <euclidean>
                        <cx>77.0</cx>
                        <cy>23.0</cy>
                    </euclidean>
                </location>
            </node>
            <node id="65" type="1">
                <location>
                    <euclidean>
                        <cx>68.0</cx>
                        <cy>66.0</cy>
                    </euclidean>
                </location>
            </node>
            <node id="66" type="1">
                <location>
                    <euclidean>
                        <cx>58.0</cx>
                        <cy>80.0</cy>
                    </euclidean>
                </location>
            </node>
            <node id="67" type="1">
                <location>
                    <euclidean>
                        <cx>58.0</cx>
                        <cy>84.0</cy>
                    </euclidean>
                </location>
            </node>
        </nodes>
        <descriptor>
            <isComplete>true</isComplete>
            <distanceType>EUC_2D</distanceType>
            <roundingRule>HALF_EVEN[0]</roundingRule>
        </descriptor>
    </network>
    <fleet>
        <vehicle type="0">
            <number>9</number>
            <capacity>100.0</capacity>
        </vehicle>
    </fleet>
    <requests>
        <request id="2" node="2">
            <demand type="0">10</demand>
        </request>
        <request id="3" node="3">
            <demand type="0">3</demand>
        </request>
        <request id="4" node="4">
            <demand type="0">7</demand>
        </request>
        <request id="5" node="5">
            <demand type="0">18</demand>
        </request>
        <request id="6" node="6">
            <demand type="0">2</demand>
        </request>
        <request id="7" node="7">
            <demand type="0">2</demand>
        </request>
        <request id="8" node="8">
            <demand type="0">23</demand>
        </request>
        <request id="9" node="9">
            <demand type="0">8</demand>
        </request>
        <request id="10" node="10">
            <demand type="0">9</demand>
        </request>
        <request id="11" node="11">
            <demand type="0">22</demand>
        </request>
        <request id="12" node="12">
            <demand type="0">12</demand>
        </request>
        <request id="13" node="13">
            <demand type="0">20</demand>
        </request>
        <request id="14" node="14">
            <demand type="0">21</demand>
        </request>
        <request id="15" node="15">
            <demand type="0">9</demand>
        </request>
        <request id="17" node="17">
            <demand type="0">11</demand>
        </request>
        <request id="16" node="16">
            <demand type="0">6</demand>
        </request>
        <request id="19" node="19">
            <demand type="0">23</demand>
        </request>
        <request id="18" node="18">
            <demand type="0">18</demand>
        </request>
        <request id="21" node="21">
            <demand type="0">11</demand>
        </request>
        <request id="20" node="20">
            <demand type="0">10</demand>
        </request>
        <request id="23" node="23">
            <demand type="0">10</demand>
        </request>
        <request id="22" node="22">
            <demand type="0">3</demand>
        </request>
        <request id="25" node="25">
            <demand type="0">8</demand>
        </request>
        <request id="24" node="24">
            <demand type="0">23</demand>
        </request>
        <request id="27" node="27">
            <demand type="0">26</demand>
        </request>
        <request id="26" node="26">
            <demand type="0">16</demand>
        </request>
        <request id="29" node="29">
            <demand type="0">9</demand>
        </request>
        <request id="28" node="28">
            <demand type="0">19</demand>
        </request>
        <request id="31" node="31">
            <demand type="0">5</demand>
        </request>
        <request id="30" node="30">
            <demand type="0">18</demand>
        </request>
        <request id="34" node="34">
            <demand type="0">2</demand>
        </request>
        <request id="35" node="35">
            <demand type="0">21</demand>
        </request>
        <request id="32" node="32">
            <demand type="0">23</demand>
        </request>
        <request id="33" node="33">
            <demand type="0">1</demand>
        </request>
        <request id="38" node="38">
            <demand type="0">14</demand>
        </request>
        <request id="39" node="39">
            <demand type="0">10</demand>
        </request>
        <request id="36" node="36">
            <demand type="0">19</demand>
        </request>
        <request id="37" node="37">
            <demand type="0">5</demand>
        </request>
        <request id="42" node="42">
            <demand type="0">17</demand>
        </request>
        <request id="43" node="43">
            <demand type="0">5</demand>
        </request>
        <request id="40" node="40">
            <demand type="0">2</demand>
        </request>
        <request id="41" node="41">
            <demand type="0">16</demand>
        </request>
        <request id="46" node="46">
            <demand type="0">11</demand>
        </request>
        <request id="47" node="47">
            <demand type="0">14</demand>
        </request>
        <request id="44" node="44">
            <demand type="0">16</demand>
        </request>
        <request id="45" node="45">
            <demand type="0">6</demand>
        </request>
        <request id="51" node="51">
            <demand type="0">12</demand>
        </request>
        <request id="50" node="50">
            <demand type="0">48</demand>
        </request>
        <request id="49" node="49">
            <demand type="0">8</demand>
        </request>
        <request id="48" node="48">
            <demand type="0">17</demand>
        </request>
        <request id="55" node="55">
            <demand type="0">19</demand>
        </request>
        <request id="54" node="54">
            <demand type="0">10</demand>
        </request>
        <request id="53" node="53">
            <demand type="0">6</demand>
        </request>
        <request id="52" node="52">
            <demand type="0">9</demand>
        </request>
        <request id="59" node="59">
            <demand type="0">5</demand>
        </request>
        <request id="58" node="58">
            <demand type="0">12</demand>
        </request>
        <request id="57" node="57">
            <demand type="0">5</demand>
        </request>
        <request id="56" node="56">
            <demand type="0">22</demand>
        </request>
        <request id="63" node="63">
            <demand type="0">9</demand>
        </request>
        <request id="62" node="62">
            <demand type="0">21</demand>
        </request>
        <request id="61" node="61">
            <demand type="0">8</demand>
        </request>
        <request id="60" node="60">
            <demand type="0">9</demand>
        </request>
        <request id="68" node="68">
            <demand type="0">17</demand>
        </request>
        <request id="64" node="64">
            <demand type="0">3</demand>
        </request>
        <request id="65" node="65">
            <demand type="0">8</demand>
        </request>
        <request id="66" node="66">
            <demand type="0">9</demand>
        </request>
        <request id="67" node="67">
            <demand type="0">16</demand>
        </request>
    </requests>
</instance>
