<?xml version="1.0" encoding="UTF-8" standalone="yes"?>
<instance>
    <info>
        <name>C206</name>
        <problem>CVRPTW</problem>
        <reference>Solomon, M. M. Algorithms for the Vehicle-Routing and Scheduling Problems with Time Window Constraints Operations Research, 1987, 35, 254-265</reference>
        <contributor>
            <name>Victor Pillac</name>
            <email>vpillac@nicta.com.au</email>
        </contributor>
    </info>
    <network>
        <nodes>
            <node id="0" type="0">
                <location>
                    <euclidean>
                        <cx>40.0</cx>
                        <cy>50.0</cy>
                    </euclidean>
                </location>
            </node>
            <node id="1" type="1">
                <location>
                    <euclidean>
                        <cx>52.0</cx>
                        <cy>75.0</cy>
                    </euclidean>
                </location>
            </node>
            <node id="2" type="1">
                <location>
                    <euclidean>
                        <cx>45.0</cx>
                        <cy>70.0</cy>
                    </euclidean>
                </location>
            </node>
            <node id="3" type="1">
                <location>
                    <euclidean>
                        <cx>62.0</cx>
                        <cy>69.0</cy>
                    </euclidean>
                </location>
            </node>
            <node id="4" type="1">
                <location>
                    <euclidean>
                        <cx>60.0</cx>
                        <cy>66.0</cy>
                    </euclidean>
                </location>
            </node>
            <node id="5" type="1">
                <location>
                    <euclidean>
                        <cx>42.0</cx>
                        <cy>65.0</cy>
                    </euclidean>
                </location>
            </node>
            <node id="6" type="1">
                <location>
                    <euclidean>
                        <cx>16.0</cx>
                        <cy>42.0</cy>
                    </euclidean>
                </location>
            </node>
            <node id="7" type="1">
                <location>
                    <euclidean>
                        <cx>58.0</cx>
                        <cy>70.0</cy>
                    </euclidean>
                </location>
            </node>
            <node id="8" type="1">
                <location>
                    <euclidean>
                        <cx>34.0</cx>
                        <cy>60.0</cy>
                    </euclidean>
                </location>
            </node>
            <node id="9" type="1">
                <location>
                    <euclidean>
                        <cx>28.0</cx>
                        <cy>70.0</cy>
                    </euclidean>
                </location>
            </node>
            <node id="10" type="1">
                <location>
                    <euclidean>
                        <cx>35.0</cx>
                        <cy>66.0</cy>
                    </euclidean>
                </location>
            </node>
            <node id="11" type="1">
                <location>
                    <euclidean>
                        <cx>35.0</cx>
                        <cy>69.0</cy>
                    </euclidean>
                </location>
            </node>
            <node id="12" type="1">
                <location>
                    <euclidean>
                        <cx>25.0</cx>
                        <cy>85.0</cy>
                    </euclidean>
                </location>
            </node>
            <node id="13" type="1">
                <location>
                    <euclidean>
                        <cx>22.0</cx>
                        <cy>75.0</cy>
                    </euclidean>
                </location>
            </node>
            <node id="14" type="1">
                <location>
                    <euclidean>
                        <cx>22.0</cx>
                        <cy>85.0</cy>
                    </euclidean>
                </location>
            </node>
            <node id="15" type="1">
                <location>
                    <euclidean>
                        <cx>20.0</cx>
                        <cy>80.0</cy>
                    </euclidean>
                </location>
            </node>
            <node id="17" type="1">
                <location>
                    <euclidean>
                        <cx>18.0</cx>
                        <cy>75.0</cy>
                    </euclidean>
                </location>
            </node>
            <node id="16" type="1">
                <location>
                    <euclidean>
                        <cx>20.0</cx>
                        <cy>85.0</cy>
                    </euclidean>
                </location>
            </node>
            <node id="19" type="1">
                <location>
                    <euclidean>
                        <cx>15.0</cx>
                        <cy>80.0</cy>
                    </euclidean>
                </location>
            </node>
            <node id="18" type="1">
                <location>
                    <euclidean>
                        <cx>15.0</cx>
                        <cy>75.0</cy>
                    </euclidean>
                </location>
            </node>
            <node id="21" type="1">
                <location>
                    <euclidean>
                        <cx>30.0</cx>
                        <cy>56.0</cy>
                    </euclidean>
                </location>
            </node>
            <node id="20" type="1">
                <location>
                    <euclidean>
                        <cx>30.0</cx>
                        <cy>50.0</cy>
                    </euclidean>
                </location>
            </node>
            <node id="23" type="1">
                <location>
                    <euclidean>
                        <cx>14.0</cx>
                        <cy>66.0</cy>
                    </euclidean>
                </location>
            </node>
            <node id="22" type="1">
                <location>
                    <euclidean>
                        <cx>28.0</cx>
                        <cy>52.0</cy>
                    </euclidean>
                </location>
            </node>
            <node id="25" type="1">
                <location>
                    <euclidean>
                        <cx>22.0</cx>
                        <cy>66.0</cy>
                    </euclidean>
                </location>
            </node>
            <node id="24" type="1">
                <location>
                    <euclidean>
                        <cx>25.0</cx>
                        <cy>50.0</cy>
                    </euclidean>
                </location>
            </node>
            <node id="27" type="1">
                <location>
                    <euclidean>
                        <cx>23.0</cx>
                        <cy>52.0</cy>
                    </euclidean>
                </location>
            </node>
            <node id="26" type="1">
                <location>
                    <euclidean>
                        <cx>8.0</cx>
                        <cy>62.0</cy>
                    </euclidean>
                </location>
            </node>
            <node id="29" type="1">
                <location>
                    <euclidean>
                        <cx>20.0</cx>
                        <cy>50.0</cy>
                    </euclidean>
                </location>
            </node>
            <node id="28" type="1">
                <location>
                    <euclidean>
                        <cx>4.0</cx>
                        <cy>55.0</cy>
                    </euclidean>
                </location>
            </node>
            <node id="31" type="1">
                <location>
                    <euclidean>
                        <cx>10.0</cx>
                        <cy>35.0</cy>
                    </euclidean>
                </location>
            </node>
            <node id="30" type="1">
                <location>
                    <euclidean>
                        <cx>20.0</cx>
                        <cy>55.0</cy>
                    </euclidean>
                </location>
            </node>
            <node id="34" type="1">
                <location>
                    <euclidean>
                        <cx>8.0</cx>
                        <cy>45.0</cy>
                    </euclidean>
                </location>
            </node>
            <node id="35" type="1">
                <location>
                    <euclidean>
                        <cx>5.0</cx>
                        <cy>35.0</cy>
                    </euclidean>
                </location>
            </node>
            <node id="32" type="1">
                <location>
                    <euclidean>
                        <cx>10.0</cx>
                        <cy>40.0</cy>
                    </euclidean>
                </location>
            </node>
            <node id="33" type="1">
                <location>
                    <euclidean>
                        <cx>8.0</cx>
                        <cy>40.0</cy>
                    </euclidean>
                </location>
            </node>
            <node id="38" type="1">
                <location>
                    <euclidean>
                        <cx>0.0</cx>
                        <cy>40.0</cy>
                    </euclidean>
                </location>
            </node>
            <node id="39" type="1">
                <location>
                    <euclidean>
                        <cx>0.0</cx>
                        <cy>45.0</cy>
                    </euclidean>
                </location>
            </node>
            <node id="36" type="1">
                <location>
                    <euclidean>
                        <cx>5.0</cx>
                        <cy>45.0</cy>
                    </euclidean>
                </location>
            </node>
            <node id="37" type="1">
                <location>
                    <euclidean>
                        <cx>2.0</cx>
                        <cy>40.0</cy>
                    </euclidean>
                </location>
            </node>
            <node id="42" type="1">
                <location>
                    <euclidean>
                        <cx>33.0</cx>
                        <cy>32.0</cy>
                    </euclidean>
                </location>
            </node>
            <node id="43" type="1">
                <location>
                    <euclidean>
                        <cx>33.0</cx>
                        <cy>35.0</cy>
                    </euclidean>
                </location>
            </node>
            <node id="40" type="1">
                <location>
                    <euclidean>
                        <cx>36.0</cx>
                        <cy>18.0</cy>
                    </euclidean>
                </location>
            </node>
            <node id="41" type="1">
                <location>
                    <euclidean>
                        <cx>35.0</cx>
                        <cy>32.0</cy>
                    </euclidean>
                </location>
            </node>
            <node id="46" type="1">
                <location>
                    <euclidean>
                        <cx>34.0</cx>
                        <cy>25.0</cy>
                    </euclidean>
                </location>
            </node>
            <node id="47" type="1">
                <location>
                    <euclidean>
                        <cx>30.0</cx>
                        <cy>35.0</cy>
                    </euclidean>
                </location>
            </node>
            <node id="44" type="1">
                <location>
                    <euclidean>
                        <cx>32.0</cx>
                        <cy>20.0</cy>
                    </euclidean>
                </location>
            </node>
            <node id="45" type="1">
                <location>
                    <euclidean>
                        <cx>30.0</cx>
                        <cy>30.0</cy>
                    </euclidean>
                </location>
            </node>
            <node id="51" type="1">
                <location>
                    <euclidean>
                        <cx>25.0</cx>
                        <cy>30.0</cy>
                    </euclidean>
                </location>
            </node>
            <node id="50" type="1">
                <location>
                    <euclidean>
                        <cx>26.0</cx>
                        <cy>32.0</cy>
                    </euclidean>
                </location>
            </node>
            <node id="49" type="1">
                <location>
                    <euclidean>
                        <cx>48.0</cx>
                        <cy>20.0</cy>
                    </euclidean>
                </location>
            </node>
            <node id="48" type="1">
                <location>
                    <euclidean>
                        <cx>36.0</cx>
                        <cy>40.0</cy>
                    </euclidean>
                </location>
            </node>
            <node id="55" type="1">
                <location>
                    <euclidean>
                        <cx>42.0</cx>
                        <cy>15.0</cy>
                    </euclidean>
                </location>
            </node>
            <node id="54" type="1">
                <location>
                    <euclidean>
                        <cx>42.0</cx>
                        <cy>10.0</cy>
                    </euclidean>
                </location>
            </node>
            <node id="53" type="1">
                <location>
                    <euclidean>
                        <cx>44.0</cx>
                        <cy>5.0</cy>
                    </euclidean>
                </location>
            </node>
            <node id="52" type="1">
                <location>
                    <euclidean>
                        <cx>25.0</cx>
                        <cy>35.0</cy>
                    </euclidean>
                </location>
            </node>
            <node id="59" type="1">
                <location>
                    <euclidean>
                        <cx>38.0</cx>
                        <cy>10.0</cy>
                    </euclidean>
                </location>
            </node>
            <node id="58" type="1">
                <location>
                    <euclidean>
                        <cx>38.0</cx>
                        <cy>5.0</cy>
                    </euclidean>
                </location>
            </node>
            <node id="57" type="1">
                <location>
                    <euclidean>
                        <cx>38.0</cx>
                        <cy>15.0</cy>
                    </euclidean>
                </location>
            </node>
            <node id="56" type="1">
                <location>
                    <euclidean>
                        <cx>40.0</cx>
                        <cy>5.0</cy>
                    </euclidean>
                </location>
            </node>
            <node id="63" type="1">
                <location>
                    <euclidean>
                        <cx>50.0</cx>
                        <cy>40.0</cy>
                    </euclidean>
                </location>
            </node>
            <node id="62" type="1">
                <location>
                    <euclidean>
                        <cx>50.0</cx>
                        <cy>35.0</cy>
                    </euclidean>
                </location>
            </node>
            <node id="61" type="1">
                <location>
                    <euclidean>
                        <cx>50.0</cx>
                        <cy>30.0</cy>
                    </euclidean>
                </location>
            </node>
            <node id="60" type="1">
                <location>
                    <euclidean>
                        <cx>35.0</cx>
                        <cy>5.0</cy>
                    </euclidean>
                </location>
            </node>
            <node id="68" type="1">
                <location>
                    <euclidean>
                        <cx>42.0</cx>
                        <cy>30.0</cy>
                    </euclidean>
                </location>
            </node>
            <node id="69" type="1">
                <location>
                    <euclidean>
                        <cx>45.0</cx>
                        <cy>35.0</cy>
                    </euclidean>
                </location>
            </node>
            <node id="70" type="1">
                <location>
                    <euclidean>
                        <cx>95.0</cx>
                        <cy>30.0</cy>
                    </euclidean>
                </location>
            </node>
            <node id="71" type="1">
                <location>
                    <euclidean>
                        <cx>95.0</cx>
                        <cy>35.0</cy>
                    </euclidean>
                </location>
            </node>
            <node id="64" type="1">
                <location>
                    <euclidean>
                        <cx>48.0</cx>
                        <cy>30.0</cy>
                    </euclidean>
                </location>
            </node>
            <node id="65" type="1">
                <location>
                    <euclidean>
                        <cx>44.0</cx>
                        <cy>25.0</cy>
                    </euclidean>
                </location>
            </node>
            <node id="66" type="1">
                <location>
                    <euclidean>
                        <cx>47.0</cx>
                        <cy>35.0</cy>
                    </euclidean>
                </location>
            </node>
            <node id="67" type="1">
                <location>
                    <euclidean>
                        <cx>47.0</cx>
                        <cy>40.0</cy>
                    </euclidean>
                </location>
            </node>
            <node id="76" type="1">
                <location>
                    <euclidean>
                        <cx>90.0</cx>
                        <cy>35.0</cy>
                    </euclidean>
                </location>
            </node>
            <node id="77" type="1">
                <location>
                    <euclidean>
                        <cx>72.0</cx>
                        <cy>45.0</cy>
                    </euclidean>
                </location>
            </node>
            <node id="78" type="1">
                <location>
                    <euclidean>
                        <cx>78.0</cx>
                        <cy>40.0</cy>
                    </euclidean>
                </location>
            </node>
            <node id="79" type="1">
                <location>
                    <euclidean>
                        <cx>87.0</cx>
                        <cy>30.0</cy>
                    </euclidean>
                </location>
            </node>
            <node id="72" type="1">
                <location>
                    <euclidean>
                        <cx>53.0</cx>
                        <cy>30.0</cy>
                    </euclidean>
                </location>
            </node>
            <node id="73" type="1">
                <location>
                    <euclidean>
                        <cx>92.0</cx>
                        <cy>30.0</cy>
                    </euclidean>
                </location>
            </node>
            <node id="74" type="1">
                <location>
                    <euclidean>
                        <cx>53.0</cx>
                        <cy>35.0</cy>
                    </euclidean>
                </location>
            </node>
            <node id="75" type="1">
                <location>
                    <euclidean>
                        <cx>45.0</cx>
                        <cy>65.0</cy>
                    </euclidean>
                </location>
            </node>
            <node id="85" type="1">
                <location>
                    <euclidean>
                        <cx>86.0</cx>
                        <cy>46.0</cy>
                    </euclidean>
                </location>
            </node>
            <node id="84" type="1">
                <location>
                    <euclidean>
                        <cx>70.0</cx>
                        <cy>58.0</cy>
                    </euclidean>
                </location>
            </node>
            <node id="87" type="1">
                <location>
                    <euclidean>
                        <cx>64.0</cx>
                        <cy>46.0</cy>
                    </euclidean>
                </location>
            </node>
            <node id="86" type="1">
                <location>
                    <euclidean>
                        <cx>66.0</cx>
                        <cy>55.0</cy>
                    </euclidean>
                </location>
            </node>
            <node id="81" type="1">
                <location>
                    <euclidean>
                        <cx>85.0</cx>
                        <cy>35.0</cy>
                    </euclidean>
                </location>
            </node>
            <node id="80" type="1">
                <location>
                    <euclidean>
                        <cx>85.0</cx>
                        <cy>25.0</cy>
                    </euclidean>
                </location>
            </node>
            <node id="83" type="1">
                <location>
                    <euclidean>
                        <cx>72.0</cx>
                        <cy>55.0</cy>
                    </euclidean>
                </location>
            </node>
            <node id="82" type="1">
                <location>
                    <euclidean>
                        <cx>75.0</cx>
                        <cy>55.0</cy>
                    </euclidean>
                </location>
            </node>
            <node id="93" type="1">
                <location>
                    <euclidean>
                        <cx>42.0</cx>
                        <cy>58.0</cy>
                    </euclidean>
                </location>
            </node>
            <node id="92" type="1">
                <location>
                    <euclidean>
                        <cx>67.0</cx>
                        <cy>85.0</cy>
                    </euclidean>
                </location>
            </node>
            <node id="95" type="1">
                <location>
                    <euclidean>
                        <cx>62.0</cx>
                        <cy>80.0</cy>
                    </euclidean>
                </location>
            </node>
            <node id="94" type="1">
                <location>
                    <euclidean>
                        <cx>65.0</cx>
                        <cy>82.0</cy>
                    </euclidean>
                </location>
            </node>
            <node id="89" type="1">
                <location>
                    <euclidean>
                        <cx>56.0</cx>
                        <cy>64.0</cy>
                    </euclidean>
                </location>
            </node>
            <node id="88" type="1">
                <location>
                    <euclidean>
                        <cx>65.0</cx>
                        <cy>60.0</cy>
                    </euclidean>
                </location>
            </node>
            <node id="91" type="1">
                <location>
                    <euclidean>
                        <cx>60.0</cx>
                        <cy>60.0</cy>
                    </euclidean>
                </location>
            </node>
            <node id="90" type="1">
                <location>
                    <euclidean>
                        <cx>60.0</cx>
                        <cy>55.0</cy>
                    </euclidean>
                </location>
            </node>
            <node id="100" type="1">
                <location>
                    <euclidean>
                        <cx>55.0</cx>
                        <cy>85.0</cy>
                    </euclidean>
                </location>
            </node>
            <node id="98" type="1">
                <location>
                    <euclidean>
                        <cx>58.0</cx>
                        <cy>75.0</cy>
                    </euclidean>
                </location>
            </node>
            <node id="99" type="1">
                <location>
                    <euclidean>
                        <cx>55.0</cx>
                        <cy>80.0</cy>
                    </euclidean>
                </location>
            </node>
            <node id="96" type="1">
                <location>
                    <euclidean>
                        <cx>62.0</cx>
                        <cy>40.0</cy>
                    </euclidean>
                </location>
            </node>
            <node id="97" type="1">
                <location>
                    <euclidean>
                        <cx>60.0</cx>
                        <cy>85.0</cy>
                    </euclidean>
                </location>
            </node>
        </nodes>
        <descriptor>
            <isComplete>true</isComplete>
            <distanceType>EUC_2D</distanceType>
        </descriptor>
    </network>
    <fleet>
        <vehicle type="0">
            <number>25</number>
            <capacity>700.0</capacity>
        </vehicle>
    </fleet>
    <requests>
        <request id="1" node="1">
            <tw>
                <start isHard="true">213</start>
                <end isHard="true">568</end>
            </tw>
            <demand type="0">10</demand>
            <serviceTime>90.000</serviceTime>
        </request>
        <request id="2" node="2">
            <tw>
                <start isHard="true">22</start>
                <end isHard="true">563</end>
            </tw>
            <demand type="0">30</demand>
            <serviceTime>90.000</serviceTime>
        </request>
        <request id="3" node="3">
            <tw>
                <start isHard="true">1030</start>
                <end isHard="true">1463</end>
            </tw>
            <demand type="0">10</demand>
            <serviceTime>90.000</serviceTime>
        </request>
        <request id="4" node="4">
            <tw>
                <start isHard="true">1154</start>
                <end isHard="true">1527</end>
            </tw>
            <demand type="0">10</demand>
            <serviceTime>90.000</serviceTime>
        </request>
        <request id="5" node="5">
            <tw>
                <start isHard="true">15</start>
                <end isHard="true">402</end>
            </tw>
            <demand type="0">10</demand>
            <serviceTime>90.000</serviceTime>
        </request>
        <request id="6" node="6">
            <tw>
                <start isHard="true">331</start>
                <end isHard="true">822</end>
            </tw>
            <demand type="0">20</demand>
            <serviceTime>90.000</serviceTime>
        </request>
        <request id="7" node="7">
            <tw>
                <start isHard="true">965</start>
                <end isHard="true">1340</end>
            </tw>
            <demand type="0">20</demand>
            <serviceTime>90.000</serviceTime>
        </request>
        <request id="8" node="8">
            <tw>
                <start isHard="true">2653</start>
                <end isHard="true">3280</end>
            </tw>
            <demand type="0">20</demand>
            <serviceTime>90.000</serviceTime>
        </request>
        <request id="9" node="9">
            <tw>
                <start isHard="true">2385</start>
                <end isHard="true">2976</end>
            </tw>
            <demand type="0">10</demand>
            <serviceTime>90.000</serviceTime>
        </request>
        <request id="10" node="10">
            <tw>
                <start isHard="true">2628</start>
                <end isHard="true">3113</end>
            </tw>
            <demand type="0">10</demand>
            <serviceTime>90.000</serviceTime>
        </request>
        <request id="11" node="11">
            <tw>
                <start isHard="true">2603</start>
                <end isHard="true">2952</end>
            </tw>
            <demand type="0">10</demand>
            <serviceTime>90.000</serviceTime>
        </request>
        <request id="12" node="12">
            <tw>
                <start isHard="true">1985</start>
                <end isHard="true">2412</end>
            </tw>
            <demand type="0">20</demand>
            <serviceTime>90.000</serviceTime>
        </request>
        <request id="13" node="13">
            <tw>
                <start isHard="true">2310</start>
                <end isHard="true">2659</end>
            </tw>
            <demand type="0">30</demand>
            <serviceTime>90.000</serviceTime>
        </request>
        <request id="14" node="14">
            <tw>
                <start isHard="true">1846</start>
                <end isHard="true">2365</end>
            </tw>
            <demand type="0">10</demand>
            <serviceTime>90.000</serviceTime>
        </request>
        <request id="15" node="15">
            <tw>
                <start isHard="true">2077</start>
                <end isHard="true">2514</end>
            </tw>
            <demand type="0">40</demand>
            <serviceTime>90.000</serviceTime>
        </request>
        <request id="17" node="17">
            <tw>
                <start isHard="true">2143</start>
                <end isHard="true">2638</end>
            </tw>
            <demand type="0">20</demand>
            <serviceTime>90.000</serviceTime>
        </request>
        <request id="16" node="16">
            <tw>
                <start isHard="true">1763</start>
                <end isHard="true">2264</end>
            </tw>
            <demand type="0">40</demand>
            <serviceTime>90.000</serviceTime>
        </request>
        <request id="19" node="19">
            <tw>
                <start isHard="true">1689</start>
                <end isHard="true">2144</end>
            </tw>
            <demand type="0">10</demand>
            <serviceTime>90.000</serviceTime>
        </request>
        <request id="18" node="18">
            <tw>
                <start isHard="true">1560</start>
                <end isHard="true">2083</end>
            </tw>
            <demand type="0">20</demand>
            <serviceTime>90.000</serviceTime>
        </request>
        <request id="21" node="21">
            <tw>
                <start isHard="true">2675</start>
                <end isHard="true">3288</end>
            </tw>
            <demand type="0">20</demand>
            <serviceTime>90.000</serviceTime>
        </request>
        <request id="20" node="20">
            <tw>
                <start isHard="true">10</start>
                <end isHard="true">645</end>
            </tw>
            <demand type="0">10</demand>
            <serviceTime>90.000</serviceTime>
        </request>
        <request id="23" node="23">
            <tw>
                <start isHard="true">1519</start>
                <end isHard="true">1926</end>
            </tw>
            <demand type="0">10</demand>
            <serviceTime>90.000</serviceTime>
        </request>
        <request id="22" node="22">
            <tw>
                <start isHard="true">12</start>
                <end isHard="true">505</end>
            </tw>
            <demand type="0">20</demand>
            <serviceTime>90.000</serviceTime>
        </request>
        <request id="25" node="25">
            <tw>
                <start isHard="true">2380</start>
                <end isHard="true">2787</end>
            </tw>
            <demand type="0">40</demand>
            <serviceTime>90.000</serviceTime>
        </request>
        <request id="24" node="24">
            <tw>
                <start isHard="true">23</start>
                <end isHard="true">368</end>
            </tw>
            <demand type="0">10</demand>
            <serviceTime>90.000</serviceTime>
        </request>
        <request id="27" node="27">
            <tw>
                <start isHard="true">93</start>
                <end isHard="true">484</end>
            </tw>
            <demand type="0">10</demand>
            <serviceTime>90.000</serviceTime>
        </request>
        <request id="26" node="26">
            <tw>
                <start isHard="true">1330</start>
                <end isHard="true">1919</end>
            </tw>
            <demand type="0">10</demand>
            <serviceTime>90.000</serviceTime>
        </request>
        <request id="29" node="29">
            <tw>
                <start isHard="true">168</start>
                <end isHard="true">787</end>
            </tw>
            <demand type="0">10</demand>
            <serviceTime>90.000</serviceTime>
        </request>
        <request id="28" node="28">
            <tw>
                <start isHard="true">1268</start>
                <end isHard="true">1785</end>
            </tw>
            <demand type="0">20</demand>
            <serviceTime>90.000</serviceTime>
        </request>
        <request id="31" node="31">
            <tw>
                <start isHard="true">585</start>
                <end isHard="true">1136</end>
            </tw>
            <demand type="0">20</demand>
            <serviceTime>90.000</serviceTime>
        </request>
        <request id="30" node="30">
            <tw>
                <start isHard="true">170</start>
                <end isHard="true">595</end>
            </tw>
            <demand type="0">10</demand>
            <serviceTime>90.000</serviceTime>
        </request>
        <request id="34" node="34">
            <tw>
                <start isHard="true">1190</start>
                <end isHard="true">1661</end>
            </tw>
            <demand type="0">20</demand>
            <serviceTime>90.000</serviceTime>
        </request>
        <request id="35" node="35">
            <tw>
                <start isHard="true">666</start>
                <end isHard="true">1245</end>
            </tw>
            <demand type="0">10</demand>
            <serviceTime>90.000</serviceTime>
        </request>
        <request id="32" node="32">
            <tw>
                <start isHard="true">448</start>
                <end isHard="true">897</end>
            </tw>
            <demand type="0">30</demand>
            <serviceTime>90.000</serviceTime>
        </request>
        <request id="33" node="33">
            <tw>
                <start isHard="true">499</start>
                <end isHard="true">1030</end>
            </tw>
            <demand type="0">40</demand>
            <serviceTime>90.000</serviceTime>
        </request>
        <request id="38" node="38">
            <tw>
                <start isHard="true">890</start>
                <end isHard="true">1395</end>
            </tw>
            <demand type="0">30</demand>
            <serviceTime>90.000</serviceTime>
        </request>
        <request id="39" node="39">
            <tw>
                <start isHard="true">1036</start>
                <end isHard="true">1439</end>
            </tw>
            <demand type="0">20</demand>
            <serviceTime>90.000</serviceTime>
        </request>
        <request id="36" node="36">
            <tw>
                <start isHard="true">1076</start>
                <end isHard="true">1589</end>
            </tw>
            <demand type="0">10</demand>
            <serviceTime>90.000</serviceTime>
        </request>
        <request id="37" node="37">
            <tw>
                <start isHard="true">772</start>
                <end isHard="true">1329</end>
            </tw>
            <demand type="0">20</demand>
            <serviceTime>90.000</serviceTime>
        </request>
        <request id="42" node="42">
            <tw>
                <start isHard="true">2529</start>
                <end isHard="true">2962</end>
            </tw>
            <demand type="0">20</demand>
            <serviceTime>90.000</serviceTime>
        </request>
        <request id="43" node="43">
            <tw>
                <start isHard="true">2463</start>
                <end isHard="true">2842</end>
            </tw>
            <demand type="0">10</demand>
            <serviceTime>90.000</serviceTime>
        </request>
        <request id="40" node="40">
            <tw>
                <start isHard="true">1612</start>
                <end isHard="true">2185</end>
            </tw>
            <demand type="0">10</demand>
            <serviceTime>90.000</serviceTime>
        </request>
        <request id="41" node="41">
            <tw>
                <start isHard="true">2599</start>
                <end isHard="true">3076</end>
            </tw>
            <demand type="0">10</demand>
            <serviceTime>90.000</serviceTime>
        </request>
        <request id="46" node="46">
            <tw>
                <start isHard="true">1884</start>
                <end isHard="true">2293</end>
            </tw>
            <demand type="0">30</demand>
            <serviceTime>90.000</serviceTime>
        </request>
        <request id="47" node="47">
            <tw>
                <start isHard="true">2348</start>
                <end isHard="true">2771</end>
            </tw>
            <demand type="0">10</demand>
            <serviceTime>90.000</serviceTime>
        </request>
        <request id="44" node="44">
            <tw>
                <start isHard="true">1745</start>
                <end isHard="true">2240</end>
            </tw>
            <demand type="0">10</demand>
            <serviceTime>90.000</serviceTime>
        </request>
        <request id="45" node="45">
            <tw>
                <start isHard="true">1932</start>
                <end isHard="true">2437</end>
            </tw>
            <demand type="0">10</demand>
            <serviceTime>90.000</serviceTime>
        </request>
        <request id="51" node="51">
            <tw>
                <start isHard="true">2015</start>
                <end isHard="true">2544</end>
            </tw>
            <demand type="0">10</demand>
            <serviceTime>90.000</serviceTime>
        </request>
        <request id="50" node="50">
            <tw>
                <start isHard="true">2018</start>
                <end isHard="true">2725</end>
            </tw>
            <demand type="0">10</demand>
            <serviceTime>90.000</serviceTime>
        </request>
        <request id="49" node="49">
            <tw>
                <start isHard="true">812</start>
                <end isHard="true">1281</end>
            </tw>
            <demand type="0">10</demand>
            <serviceTime>90.000</serviceTime>
        </request>
        <request id="48" node="48">
            <tw>
                <start isHard="true">2715</start>
                <end isHard="true">3156</end>
            </tw>
            <demand type="0">10</demand>
            <serviceTime>90.000</serviceTime>
        </request>
        <request id="55" node="55">
            <tw>
                <start isHard="true">897</start>
                <end isHard="true">1392</end>
            </tw>
            <demand type="0">10</demand>
            <serviceTime>90.000</serviceTime>
        </request>
        <request id="54" node="54">
            <tw>
                <start isHard="true">998</start>
                <end isHard="true">1481</end>
            </tw>
            <demand type="0">40</demand>
            <serviceTime>90.000</serviceTime>
        </request>
        <request id="53" node="53">
            <tw>
                <start isHard="true">1078</start>
                <end isHard="true">1593</end>
            </tw>
            <demand type="0">20</demand>
            <serviceTime>90.000</serviceTime>
        </request>
        <request id="52" node="52">
            <tw>
                <start isHard="true">2201</start>
                <end isHard="true">2728</end>
            </tw>
            <demand type="0">10</demand>
            <serviceTime>90.000</serviceTime>
        </request>
        <request id="59" node="59">
            <tw>
                <start isHard="true">1498</start>
                <end isHard="true">1921</end>
            </tw>
            <demand type="0">10</demand>
            <serviceTime>90.000</serviceTime>
        </request>
        <request id="58" node="58">
            <tw>
                <start isHard="true">1263</start>
                <end isHard="true">1780</end>
            </tw>
            <demand type="0">30</demand>
            <serviceTime>90.000</serviceTime>
        </request>
        <request id="57" node="57">
            <tw>
                <start isHard="true">1552</start>
                <end isHard="true">2057</end>
            </tw>
            <demand type="0">40</demand>
            <serviceTime>90.000</serviceTime>
        </request>
        <request id="56" node="56">
            <tw>
                <start isHard="true">1199</start>
                <end isHard="true">1660</end>
            </tw>
            <demand type="0">30</demand>
            <serviceTime>90.000</serviceTime>
        </request>
        <request id="63" node="63">
            <tw>
                <start isHard="true">14</start>
                <end isHard="true">360</end>
            </tw>
            <demand type="0">50</demand>
            <serviceTime>90.000</serviceTime>
        </request>
        <request id="62" node="62">
            <tw>
                <start isHard="true">18</start>
                <end isHard="true">474</end>
            </tw>
            <demand type="0">20</demand>
            <serviceTime>90.000</serviceTime>
        </request>
        <request id="61" node="61">
            <tw>
                <start isHard="true">223</start>
                <end isHard="true">738</end>
            </tw>
            <demand type="0">10</demand>
            <serviceTime>90.000</serviceTime>
        </request>
        <request id="60" node="60">
            <tw>
                <start isHard="true">1325</start>
                <end isHard="true">1904</end>
            </tw>
            <demand type="0">20</demand>
            <serviceTime>90.000</serviceTime>
        </request>
        <request id="68" node="68">
            <tw>
                <start isHard="true">641</start>
                <end isHard="true">1070</end>
            </tw>
            <demand type="0">10</demand>
            <serviceTime>90.000</serviceTime>
        </request>
        <request id="69" node="69">
            <tw>
                <start isHard="true">534</start>
                <end isHard="true">985</end>
            </tw>
            <demand type="0">10</demand>
            <serviceTime>90.000</serviceTime>
        </request>
        <request id="70" node="70">
            <tw>
                <start isHard="true">2119</start>
                <end isHard="true">2682</end>
            </tw>
            <demand type="0">30</demand>
            <serviceTime>90.000</serviceTime>
        </request>
        <request id="71" node="71">
            <tw>
                <start isHard="true">2079</start>
                <end isHard="true">2532</end>
            </tw>
            <demand type="0">20</demand>
            <serviceTime>90.000</serviceTime>
        </request>
        <request id="64" node="64">
            <tw>
                <start isHard="true">246</start>
                <end isHard="true">899</end>
            </tw>
            <demand type="0">10</demand>
            <serviceTime>90.000</serviceTime>
        </request>
        <request id="65" node="65">
            <tw>
                <start isHard="true">704</start>
                <end isHard="true">1197</end>
            </tw>
            <demand type="0">10</demand>
            <serviceTime>90.000</serviceTime>
        </request>
        <request id="66" node="66">
            <tw>
                <start isHard="true">393</start>
                <end isHard="true">942</end>
            </tw>
            <demand type="0">10</demand>
            <serviceTime>90.000</serviceTime>
        </request>
        <request id="67" node="67">
            <tw>
                <start isHard="true">12</start>
                <end isHard="true">424</end>
            </tw>
            <demand type="0">10</demand>
            <serviceTime>90.000</serviceTime>
        </request>
        <request id="76" node="76">
            <tw>
                <start isHard="true">2002</start>
                <end isHard="true">2419</end>
            </tw>
            <demand type="0">10</demand>
            <serviceTime>90.000</serviceTime>
        </request>
        <request id="77" node="77">
            <tw>
                <start isHard="true">2701</start>
                <end isHard="true">3258</end>
            </tw>
            <demand type="0">10</demand>
            <serviceTime>90.000</serviceTime>
        </request>
        <request id="78" node="78">
            <tw>
                <start isHard="true">2599</start>
                <end isHard="true">3164</end>
            </tw>
            <demand type="0">20</demand>
            <serviceTime>90.000</serviceTime>
        </request>
        <request id="79" node="79">
            <tw>
                <start isHard="true">2505</start>
                <end isHard="true">2870</end>
            </tw>
            <demand type="0">10</demand>
            <serviceTime>90.000</serviceTime>
        </request>
        <request id="72" node="72">
            <tw>
                <start isHard="true">131</start>
                <end isHard="true">644</end>
            </tw>
            <demand type="0">10</demand>
            <serviceTime>90.000</serviceTime>
        </request>
        <request id="73" node="73">
            <tw>
                <start isHard="true">2169</start>
                <end isHard="true">2818</end>
            </tw>
            <demand type="0">10</demand>
            <serviceTime>90.000</serviceTime>
        </request>
        <request id="74" node="74">
            <tw>
                <start isHard="true">87</start>
                <end isHard="true">498</end>
            </tw>
            <demand type="0">50</demand>
            <serviceTime>90.000</serviceTime>
        </request>
        <request id="75" node="75">
            <tw>
                <start isHard="true">15</start>
                <end isHard="true">607</end>
            </tw>
            <demand type="0">20</demand>
            <serviceTime>90.000</serviceTime>
        </request>
        <request id="85" node="85">
            <tw>
                <start isHard="true">1829</start>
                <end isHard="true">2388</end>
            </tw>
            <demand type="0">30</demand>
            <serviceTime>90.000</serviceTime>
        </request>
        <request id="84" node="84">
            <tw>
                <start isHard="true">1513</start>
                <end isHard="true">1928</end>
            </tw>
            <demand type="0">20</demand>
            <serviceTime>90.000</serviceTime>
        </request>
        <request id="87" node="87">
            <tw>
                <start isHard="true">2976</start>
                <end isHard="true">3275</end>
            </tw>
            <demand type="0">20</demand>
            <serviceTime>90.000</serviceTime>
        </request>
        <request id="86" node="86">
            <tw>
                <start isHard="true">1604</start>
                <end isHard="true">2027</end>
            </tw>
            <demand type="0">10</demand>
            <serviceTime>90.000</serviceTime>
        </request>
        <request id="81" node="81">
            <tw>
                <start isHard="true">2563</start>
                <end isHard="true">3002</end>
            </tw>
            <demand type="0">30</demand>
            <serviceTime>90.000</serviceTime>
        </request>
        <request id="80" node="80">
            <tw>
                <start isHard="true">2369</start>
                <end isHard="true">2816</end>
            </tw>
            <demand type="0">10</demand>
            <serviceTime>90.000</serviceTime>
        </request>
        <request id="83" node="83">
            <tw>
                <start isHard="true">1591</start>
                <end isHard="true">2232</end>
            </tw>
            <demand type="0">10</demand>
            <serviceTime>90.000</serviceTime>
        </request>
        <request id="82" node="82">
            <tw>
                <start isHard="true">1783</start>
                <end isHard="true">2226</end>
            </tw>
            <demand type="0">20</demand>
            <serviceTime>90.000</serviceTime>
        </request>
        <request id="93" node="93">
            <tw>
                <start isHard="true">8</start>
                <end isHard="true">509</end>
            </tw>
            <demand type="0">40</demand>
            <serviceTime>90.000</serviceTime>
        </request>
        <request id="92" node="92">
            <tw>
                <start isHard="true">518</start>
                <end isHard="true">1029</end>
            </tw>
            <demand type="0">20</demand>
            <serviceTime>90.000</serviceTime>
        </request>
        <request id="95" node="95">
            <tw>
                <start isHard="true">744</start>
                <end isHard="true">1177</end>
            </tw>
            <demand type="0">30</demand>
            <serviceTime>90.000</serviceTime>
        </request>
        <request id="94" node="94">
            <tw>
                <start isHard="true">549</start>
                <end isHard="true">1186</end>
            </tw>
            <demand type="0">10</demand>
            <serviceTime>90.000</serviceTime>
        </request>
        <request id="89" node="89">
            <tw>
                <start isHard="true">1116</start>
                <end isHard="true">1753</end>
            </tw>
            <demand type="0">10</demand>
            <serviceTime>90.000</serviceTime>
        </request>
        <request id="88" node="88">
            <tw>
                <start isHard="true">1338</start>
                <end isHard="true">1913</end>
            </tw>
            <demand type="0">30</demand>
            <serviceTime>90.000</serviceTime>
        </request>
        <request id="91" node="91">
            <tw>
                <start isHard="true">1349</start>
                <end isHard="true">1712</end>
            </tw>
            <demand type="0">10</demand>
            <serviceTime>90.000</serviceTime>
        </request>
        <request id="90" node="90">
            <tw>
                <start isHard="true">2789</start>
                <end isHard="true">3279</end>
            </tw>
            <demand type="0">10</demand>
            <serviceTime>90.000</serviceTime>
        </request>
        <request id="100" node="100">
            <tw>
                <start isHard="true">373</start>
                <end isHard="true">790</end>
            </tw>
            <demand type="0">20</demand>
            <serviceTime>90.000</serviceTime>
        </request>
        <request id="98" node="98">
            <tw>
                <start isHard="true">839</start>
                <end isHard="true">1276</end>
            </tw>
            <demand type="0">20</demand>
            <serviceTime>90.000</serviceTime>
        </request>
        <request id="99" node="99">
            <tw>
                <start isHard="true">272</start>
                <end isHard="true">701</end>
            </tw>
            <demand type="0">10</demand>
            <serviceTime>90.000</serviceTime>
        </request>
        <request id="96" node="96">
            <tw>
                <start isHard="true">2713</start>
                <end isHard="true">3275</end>
            </tw>
            <demand type="0">10</demand>
            <serviceTime>90.000</serviceTime>
        </request>
        <request id="97" node="97">
            <tw>
                <start isHard="true">397</start>
                <end isHard="true">956</end>
            </tw>
            <demand type="0">30</demand>
            <serviceTime>90.000</serviceTime>
        </request>
    </requests>
</instance>
