<?xml version="1.0" encoding="UTF-8" standalone="yes"?>
<instance>
    <info>
        <name>E-n33-k4</name>
        <problem>CVRP</problem>
        <reference>Christofides N. and Eilon S. (1969) An Algorithm for the Vehicle Dispatching Problems. Operational Research Quarterly, 20(3), pp 309-318.</reference>
        <contributor>
            <name>Victor Pillac</name>
            <email>vpillac@nicta.com.au</email>
        </contributor>
    </info>
    <network>
        <nodes>
            <node id="0" type="0">
                <location>
                    <euclidean>
                        <cx>292.0</cx>
                        <cy>495.0</cy>
                    </euclidean>
                </location>
            </node>
            <node id="1" type="1">
                <location>
                    <euclidean>
                        <cx>298.0</cx>
                        <cy>427.0</cy>
                    </euclidean>
                </location>
            </node>
            <node id="2" type="1">
                <location>
                    <euclidean>
                        <cx>309.0</cx>
                        <cy>445.0</cy>
                    </euclidean>
                </location>
            </node>
            <node id="3" type="1">
                <location>
                    <euclidean>
                        <cx>307.0</cx>
                        <cy>464.0</cy>
                    </euclidean>
                </location>
            </node>
            <node id="4" type="1">
                <location>
                    <euclidean>
                        <cx>336.0</cx>
                        <cy>475.0</cy>
                    </euclidean>
                </location>
            </node>
            <node id="5" type="1">
                <location>
                    <euclidean>
                        <cx>320.0</cx>
                        <cy>439.0</cy>
                    </euclidean>
                </location>
            </node>
            <node id="6" type="1">
                <location>
                    <euclidean>
                        <cx>321.0</cx>
                        <cy>437.0</cy>
                    </euclidean>
                </location>
            </node>
            <node id="7" type="1">
                <location>
                    <euclidean>
                        <cx>322.0</cx>
                        <cy>437.0</cy>
                    </euclidean>
                </location>
            </node>
            <node id="8" type="1">
                <location>
                    <euclidean>
                        <cx>323.0</cx>
                        <cy>433.0</cy>
                    </euclidean>
                </location>
            </node>
            <node id="9" type="1">
                <location>
                    <euclidean>
                        <cx>324.0</cx>
                        <cy>433.0</cy>
                    </euclidean>
                </location>
            </node>
            <node id="10" type="1">
                <location>
                    <euclidean>
                        <cx>323.0</cx>
                        <cy>429.0</cy>
                    </euclidean>
                </location>
            </node>
            <node id="11" type="1">
                <location>
                    <euclidean>
                        <cx>314.0</cx>
                        <cy>435.0</cy>
                    </euclidean>
                </location>
            </node>
            <node id="12" type="1">
                <location>
                    <euclidean>
                        <cx>311.0</cx>
                        <cy>442.0</cy>
                    </euclidean>
                </location>
            </node>
            <node id="13" type="1">
                <location>
                    <euclidean>
                        <cx>304.0</cx>
                        <cy>427.0</cy>
                    </euclidean>
                </location>
            </node>
            <node id="14" type="1">
                <location>
                    <euclidean>
                        <cx>293.0</cx>
                        <cy>421.0</cy>
                    </euclidean>
                </location>
            </node>
            <node id="15" type="1">
                <location>
                    <euclidean>
                        <cx>296.0</cx>
                        <cy>418.0</cy>
                    </euclidean>
                </location>
            </node>
            <node id="17" type="1">
                <location>
                    <euclidean>
                        <cx>297.0</cx>
                        <cy>410.0</cy>
                    </euclidean>
                </location>
            </node>
            <node id="16" type="1">
                <location>
                    <euclidean>
                        <cx>261.0</cx>
                        <cy>384.0</cy>
                    </euclidean>
                </location>
            </node>
            <node id="19" type="1">
                <location>
                    <euclidean>
                        <cx>314.0</cx>
                        <cy>406.0</cy>
                    </euclidean>
                </location>
            </node>
            <node id="18" type="1">
                <location>
                    <euclidean>
                        <cx>315.0</cx>
                        <cy>407.0</cy>
                    </euclidean>
                </location>
            </node>
            <node id="21" type="1">
                <location>
                    <euclidean>
                        <cx>321.0</cx>
                        <cy>398.0</cy>
                    </euclidean>
                </location>
            </node>
            <node id="20" type="1">
                <location>
                    <euclidean>
                        <cx>321.0</cx>
                        <cy>391.0</cy>
                    </euclidean>
                </location>
            </node>
            <node id="23" type="1">
                <location>
                    <euclidean>
                        <cx>313.0</cx>
                        <cy>378.0</cy>
                    </euclidean>
                </location>
            </node>
            <node id="22" type="1">
                <location>
                    <euclidean>
                        <cx>314.0</cx>
                        <cy>394.0</cy>
                    </euclidean>
                </location>
            </node>
            <node id="25" type="1">
                <location>
                    <euclidean>
                        <cx>295.0</cx>
                        <cy>402.0</cy>
                    </euclidean>
                </location>
            </node>
            <node id="24" type="1">
                <location>
                    <euclidean>
                        <cx>304.0</cx>
                        <cy>382.0</cy>
                    </euclidean>
                </location>
            </node>
            <node id="27" type="1">
                <location>
                    <euclidean>
                        <cx>279.0</cx>
                        <cy>399.0</cy>
                    </euclidean>
                </location>
            </node>
            <node id="26" type="1">
                <location>
                    <euclidean>
                        <cx>283.0</cx>
                        <cy>406.0</cy>
                    </euclidean>
                </location>
            </node>
            <node id="29" type="1">
                <location>
                    <euclidean>
                        <cx>264.0</cx>
                        <cy>414.0</cy>
                    </euclidean>
                </location>
            </node>
            <node id="28" type="1">
                <location>
                    <euclidean>
                        <cx>271.0</cx>
                        <cy>401.0</cy>
                    </euclidean>
                </location>
            </node>
            <node id="31" type="1">
                <location>
                    <euclidean>
                        <cx>290.0</cx>
                        <cy>434.0</cy>
                    </euclidean>
                </location>
            </node>
            <node id="30" type="1">
                <location>
                    <euclidean>
                        <cx>277.0</cx>
                        <cy>439.0</cy>
                    </euclidean>
                </location>
            </node>
            <node id="32" type="1">
                <location>
                    <euclidean>
                        <cx>319.0</cx>
                        <cy>433.0</cy>
                    </euclidean>
                </location>
            </node>
        </nodes>
        <descriptor>
            <isComplete>true</isComplete>
            <distanceType>EUC_2D</distanceType>
            <roundingRule>HALF_EVEN[0]</roundingRule>
        </descriptor>
    </network>
    <fleet>
        <vehicle type="0">
            <number>4</number>
            <capacity>8000.0</capacity>
        </vehicle>
    </fleet>
    <requests>
        <request id="1" node="1">
            <demand type="0">700</demand>
        </request>
        <request id="2" node="2">
            <demand type="0">400</demand>
        </request>
        <request id="3" node="3">
            <demand type="0">400</demand>
        </request>
        <request id="4" node="4">
            <demand type="0">1200</demand>
        </request>
        <request id="5" node="5">
            <demand type="0">40</demand>
        </request>
        <request id="6" node="6">
            <demand type="0">80</demand>
        </request>
        <request id="7" node="7">
            <demand type="0">2000</demand>
        </request>
        <request id="8" node="8">
            <demand type="0">900</demand>
        </request>
        <request id="9" node="9">
            <demand type="0">600</demand>
        </request>
        <request id="10" node="10">
            <demand type="0">750</demand>
        </request>
        <request id="11" node="11">
            <demand type="0">1500</demand>
        </request>
        <request id="12" node="12">
            <demand type="0">150</demand>
        </request>
        <request id="13" node="13">
            <demand type="0">250</demand>
        </request>
        <request id="14" node="14">
            <demand type="0">1600</demand>
        </request>
        <request id="15" node="15">
            <demand type="0">450</demand>
        </request>
        <request id="17" node="17">
            <demand type="0">550</demand>
        </request>
        <request id="16" node="16">
            <demand type="0">700</demand>
        </request>
        <request id="19" node="19">
            <demand type="0">200</demand>
        </request>
        <request id="18" node="18">
            <demand type="0">650</demand>
        </request>
        <request id="21" node="21">
            <demand type="0">300</demand>
        </request>
        <request id="20" node="20">
            <demand type="0">400</demand>
        </request>
        <request id="23" node="23">
            <demand type="0">700</demand>
        </request>
        <request id="22" node="22">
            <demand type="0">1300</demand>
        </request>
        <request id="25" node="25">
            <demand type="0">1400</demand>
        </request>
        <request id="24" node="24">
            <demand type="0">750</demand>
        </request>
        <request id="27" node="27">
            <demand type="0">600</demand>
        </request>
        <request id="26" node="26">
            <demand type="0">4000</demand>
        </request>
        <request id="29" node="29">
            <demand type="0">500</demand>
        </request>
        <request id="28" node="28">
            <demand type="0">1000</demand>
        </request>
        <request id="31" node="31">
            <demand type="0">1700</demand>
        </request>
        <request id="30" node="30">
            <demand type="0">2500</demand>
        </request>
        <request id="32" node="32">
            <demand type="0">1100</demand>
        </request>
    </requests>
</instance>
