<?xml version="1.0" encoding="UTF-8" standalone="yes"?>
<instance>
    <info>
        <name>A-n37-k5</name>
        <problem>CVRP</problem>
        <reference>P. Augerat, J.M. Belenguer, E. Benavent, A. Corberán, D. Naddef, G. Rinaldi, Computational Results with a Branch and Cut Code for the Capacitated Vehicle Routing Problem, Research Report 949-M, Universite Joseph Fourier, Grenoble, France</reference>
        <contributor>
            <name>Victor Pillac</name>
            <email>vpillac@nicta.com.au</email>
        </contributor>
    </info>
    <network>
        <nodes>
            <node id="1" type="0">
                <location>
                    <euclidean>
                        <cx>38.0</cx>
                        <cy>46.0</cy>
                    </euclidean>
                </location>
            </node>
            <node id="2" type="1">
                <location>
                    <euclidean>
                        <cx>59.0</cx>
                        <cy>46.0</cy>
                    </euclidean>
                </location>
            </node>
            <node id="3" type="1">
                <location>
                    <euclidean>
                        <cx>96.0</cx>
                        <cy>42.0</cy>
                    </euclidean>
                </location>
            </node>
            <node id="4" type="1">
                <location>
                    <euclidean>
                        <cx>47.0</cx>
                        <cy>61.0</cy>
                    </euclidean>
                </location>
            </node>
            <node id="5" type="1">
                <location>
                    <euclidean>
                        <cx>26.0</cx>
                        <cy>15.0</cy>
                    </euclidean>
                </location>
            </node>
            <node id="6" type="1">
                <location>
                    <euclidean>
                        <cx>66.0</cx>
                        <cy>6.0</cy>
                    </euclidean>
                </location>
            </node>
            <node id="7" type="1">
                <location>
                    <euclidean>
                        <cx>96.0</cx>
                        <cy>7.0</cy>
                    </euclidean>
                </location>
            </node>
            <node id="8" type="1">
                <location>
                    <euclidean>
                        <cx>37.0</cx>
                        <cy>25.0</cy>
                    </euclidean>
                </location>
            </node>
            <node id="9" type="1">
                <location>
                    <euclidean>
                        <cx>68.0</cx>
                        <cy>92.0</cy>
                    </euclidean>
                </location>
            </node>
            <node id="10" type="1">
                <location>
                    <euclidean>
                        <cx>78.0</cx>
                        <cy>84.0</cy>
                    </euclidean>
                </location>
            </node>
            <node id="11" type="1">
                <location>
                    <euclidean>
                        <cx>82.0</cx>
                        <cy>28.0</cy>
                    </euclidean>
                </location>
            </node>
            <node id="12" type="1">
                <location>
                    <euclidean>
                        <cx>93.0</cx>
                        <cy>90.0</cy>
                    </euclidean>
                </location>
            </node>
            <node id="13" type="1">
                <location>
                    <euclidean>
                        <cx>74.0</cx>
                        <cy>42.0</cy>
                    </euclidean>
                </location>
            </node>
            <node id="14" type="1">
                <location>
                    <euclidean>
                        <cx>60.0</cx>
                        <cy>20.0</cy>
                    </euclidean>
                </location>
            </node>
            <node id="15" type="1">
                <location>
                    <euclidean>
                        <cx>78.0</cx>
                        <cy>58.0</cy>
                    </euclidean>
                </location>
            </node>
            <node id="17" type="1">
                <location>
                    <euclidean>
                        <cx>45.0</cx>
                        <cy>36.0</cy>
                    </euclidean>
                </location>
            </node>
            <node id="16" type="1">
                <location>
                    <euclidean>
                        <cx>36.0</cx>
                        <cy>48.0</cy>
                    </euclidean>
                </location>
            </node>
            <node id="19" type="1">
                <location>
                    <euclidean>
                        <cx>10.0</cx>
                        <cy>91.0</cy>
                    </euclidean>
                </location>
            </node>
            <node id="18" type="1">
                <location>
                    <euclidean>
                        <cx>73.0</cx>
                        <cy>57.0</cy>
                    </euclidean>
                </location>
            </node>
            <node id="21" type="1">
                <location>
                    <euclidean>
                        <cx>92.0</cx>
                        <cy>62.0</cy>
                    </euclidean>
                </location>
            </node>
            <node id="20" type="1">
                <location>
                    <euclidean>
                        <cx>98.0</cx>
                        <cy>51.0</cy>
                    </euclidean>
                </location>
            </node>
            <node id="23" type="1">
                <location>
                    <euclidean>
                        <cx>53.0</cx>
                        <cy>25.0</cy>
                    </euclidean>
                </location>
            </node>
            <node id="22" type="1">
                <location>
                    <euclidean>
                        <cx>43.0</cx>
                        <cy>42.0</cy>
                    </euclidean>
                </location>
            </node>
            <node id="25" type="1">
                <location>
                    <euclidean>
                        <cx>72.0</cx>
                        <cy>79.0</cy>
                    </euclidean>
                </location>
            </node>
            <node id="24" type="1">
                <location>
                    <euclidean>
                        <cx>78.0</cx>
                        <cy>65.0</cy>
                    </euclidean>
                </location>
            </node>
            <node id="27" type="1">
                <location>
                    <euclidean>
                        <cx>16.0</cx>
                        <cy>73.0</cy>
                    </euclidean>
                </location>
            </node>
            <node id="26" type="1">
                <location>
                    <euclidean>
                        <cx>37.0</cx>
                        <cy>88.0</cy>
                    </euclidean>
                </location>
            </node>
            <node id="29" type="1">
                <location>
                    <euclidean>
                        <cx>11.0</cx>
                        <cy>66.0</cy>
                    </euclidean>
                </location>
            </node>
            <node id="28" type="1">
                <location>
                    <euclidean>
                        <cx>75.0</cx>
                        <cy>96.0</cy>
                    </euclidean>
                </location>
            </node>
            <node id="31" type="1">
                <location>
                    <euclidean>
                        <cx>25.0</cx>
                        <cy>72.0</cy>
                    </euclidean>
                </location>
            </node>
            <node id="30" type="1">
                <location>
                    <euclidean>
                        <cx>9.0</cx>
                        <cy>49.0</cy>
                    </euclidean>
                </location>
            </node>
            <node id="34" type="1">
                <location>
                    <euclidean>
                        <cx>50.0</cx>
                        <cy>2.0</cy>
                    </euclidean>
                </location>
            </node>
            <node id="35" type="1">
                <location>
                    <euclidean>
                        <cx>26.0</cx>
                        <cy>54.0</cy>
                    </euclidean>
                </location>
            </node>
            <node id="32" type="1">
                <location>
                    <euclidean>
                        <cx>8.0</cx>
                        <cy>68.0</cy>
                    </euclidean>
                </location>
            </node>
            <node id="33" type="1">
                <location>
                    <euclidean>
                        <cx>12.0</cx>
                        <cy>61.0</cy>
                    </euclidean>
                </location>
            </node>
            <node id="36" type="1">
                <location>
                    <euclidean>
                        <cx>18.0</cx>
                        <cy>89.0</cy>
                    </euclidean>
                </location>
            </node>
            <node id="37" type="1">
                <location>
                    <euclidean>
                        <cx>22.0</cx>
                        <cy>53.0</cy>
                    </euclidean>
                </location>
            </node>
        </nodes>
        <descriptor>
            <isComplete>true</isComplete>
            <distanceType>EUC_2D</distanceType>
            <roundingRule>HALF_EVEN[0]</roundingRule>
        </descriptor>
    </network>
    <fleet>
        <vehicle type="0">
            <number>5</number>
            <capacity>100.0</capacity>
        </vehicle>
    </fleet>
    <requests>
        <request id="2" node="2">
            <demand type="0">16</demand>
        </request>
        <request id="3" node="3">
            <demand type="0">18</demand>
        </request>
        <request id="4" node="4">
            <demand type="0">1</demand>
        </request>
        <request id="5" node="5">
            <demand type="0">13</demand>
        </request>
        <request id="6" node="6">
            <demand type="0">8</demand>
        </request>
        <request id="7" node="7">
            <demand type="0">23</demand>
        </request>
        <request id="8" node="8">
            <demand type="0">7</demand>
        </request>
        <request id="9" node="9">
            <demand type="0">27</demand>
        </request>
        <request id="10" node="10">
            <demand type="0">1</demand>
        </request>
        <request id="11" node="11">
            <demand type="0">3</demand>
        </request>
        <request id="12" node="12">
            <demand type="0">6</demand>
        </request>
        <request id="13" node="13">
            <demand type="0">24</demand>
        </request>
        <request id="14" node="14">
            <demand type="0">19</demand>
        </request>
        <request id="15" node="15">
            <demand type="0">2</demand>
        </request>
        <request id="17" node="17">
            <demand type="0">16</demand>
        </request>
        <request id="16" node="16">
            <demand type="0">5</demand>
        </request>
        <request id="19" node="19">
            <demand type="0">4</demand>
        </request>
        <request id="18" node="18">
            <demand type="0">7</demand>
        </request>
        <request id="21" node="21">
            <demand type="0">7</demand>
        </request>
        <request id="20" node="20">
            <demand type="0">22</demand>
        </request>
        <request id="23" node="23">
            <demand type="0">16</demand>
        </request>
        <request id="22" node="22">
            <demand type="0">23</demand>
        </request>
        <request id="25" node="25">
            <demand type="0">2</demand>
        </request>
        <request id="24" node="24">
            <demand type="0">2</demand>
        </request>
        <request id="27" node="27">
            <demand type="0">2</demand>
        </request>
        <request id="26" node="26">
            <demand type="0">9</demand>
        </request>
        <request id="29" node="29">
            <demand type="0">1</demand>
        </request>
        <request id="28" node="28">
            <demand type="0">12</demand>
        </request>
        <request id="31" node="31">
            <demand type="0">23</demand>
        </request>
        <request id="30" node="30">
            <demand type="0">9</demand>
        </request>
        <request id="34" node="34">
            <demand type="0">7</demand>
        </request>
        <request id="35" node="35">
            <demand type="0">7</demand>
        </request>
        <request id="32" node="32">
            <demand type="0">6</demand>
        </request>
        <request id="33" node="33">
            <demand type="0">19</demand>
        </request>
        <request id="36" node="36">
            <demand type="0">20</demand>
        </request>
        <request id="37" node="37">
            <demand type="0">20</demand>
        </request>
    </requests>
</instance>
