<?xml version="1.0" encoding="UTF-8" standalone="yes"?>
<instance>
    <info>
        <name>R210</name>
        <problem>CVRPTW</problem>
        <reference>Solomon, M. M. Algorithms for the Vehicle-Routing and Scheduling Problems with Time Window Constraints Operations Research, 1987, 35, 254-265</reference>
        <contributor>
            <name>Victor Pillac</name>
            <email>vpillac@nicta.com.au</email>
        </contributor>
    </info>
    <network>
        <nodes>
            <node id="0" type="0">
                <location>
                    <euclidean>
                        <cx>35.0</cx>
                        <cy>35.0</cy>
                    </euclidean>
                </location>
            </node>
            <node id="1" type="1">
                <location>
                    <euclidean>
                        <cx>41.0</cx>
                        <cy>49.0</cy>
                    </euclidean>
                </location>
            </node>
            <node id="2" type="1">
                <location>
                    <euclidean>
                        <cx>35.0</cx>
                        <cy>17.0</cy>
                    </euclidean>
                </location>
            </node>
            <node id="3" type="1">
                <location>
                    <euclidean>
                        <cx>55.0</cx>
                        <cy>45.0</cy>
                    </euclidean>
                </location>
            </node>
            <node id="4" type="1">
                <location>
                    <euclidean>
                        <cx>55.0</cx>
                        <cy>20.0</cy>
                    </euclidean>
                </location>
            </node>
            <node id="5" type="1">
                <location>
                    <euclidean>
                        <cx>15.0</cx>
                        <cy>30.0</cy>
                    </euclidean>
                </location>
            </node>
            <node id="6" type="1">
                <location>
                    <euclidean>
                        <cx>25.0</cx>
                        <cy>30.0</cy>
                    </euclidean>
                </location>
            </node>
            <node id="7" type="1">
                <location>
                    <euclidean>
                        <cx>20.0</cx>
                        <cy>50.0</cy>
                    </euclidean>
                </location>
            </node>
            <node id="8" type="1">
                <location>
                    <euclidean>
                        <cx>10.0</cx>
                        <cy>43.0</cy>
                    </euclidean>
                </location>
            </node>
            <node id="9" type="1">
                <location>
                    <euclidean>
                        <cx>55.0</cx>
                        <cy>60.0</cy>
                    </euclidean>
                </location>
            </node>
            <node id="10" type="1">
                <location>
                    <euclidean>
                        <cx>30.0</cx>
                        <cy>60.0</cy>
                    </euclidean>
                </location>
            </node>
            <node id="11" type="1">
                <location>
                    <euclidean>
                        <cx>20.0</cx>
                        <cy>65.0</cy>
                    </euclidean>
                </location>
            </node>
            <node id="12" type="1">
                <location>
                    <euclidean>
                        <cx>50.0</cx>
                        <cy>35.0</cy>
                    </euclidean>
                </location>
            </node>
            <node id="13" type="1">
                <location>
                    <euclidean>
                        <cx>30.0</cx>
                        <cy>25.0</cy>
                    </euclidean>
                </location>
            </node>
            <node id="14" type="1">
                <location>
                    <euclidean>
                        <cx>15.0</cx>
                        <cy>10.0</cy>
                    </euclidean>
                </location>
            </node>
            <node id="15" type="1">
                <location>
                    <euclidean>
                        <cx>30.0</cx>
                        <cy>5.0</cy>
                    </euclidean>
                </location>
            </node>
            <node id="17" type="1">
                <location>
                    <euclidean>
                        <cx>5.0</cx>
                        <cy>30.0</cy>
                    </euclidean>
                </location>
            </node>
            <node id="16" type="1">
                <location>
                    <euclidean>
                        <cx>10.0</cx>
                        <cy>20.0</cy>
                    </euclidean>
                </location>
            </node>
            <node id="19" type="1">
                <location>
                    <euclidean>
                        <cx>15.0</cx>
                        <cy>60.0</cy>
                    </euclidean>
                </location>
            </node>
            <node id="18" type="1">
                <location>
                    <euclidean>
                        <cx>20.0</cx>
                        <cy>40.0</cy>
                    </euclidean>
                </location>
            </node>
            <node id="21" type="1">
                <location>
                    <euclidean>
                        <cx>45.0</cx>
                        <cy>20.0</cy>
                    </euclidean>
                </location>
            </node>
            <node id="20" type="1">
                <location>
                    <euclidean>
                        <cx>45.0</cx>
                        <cy>65.0</cy>
                    </euclidean>
                </location>
            </node>
            <node id="23" type="1">
                <location>
                    <euclidean>
                        <cx>55.0</cx>
                        <cy>5.0</cy>
                    </euclidean>
                </location>
            </node>
            <node id="22" type="1">
                <location>
                    <euclidean>
                        <cx>45.0</cx>
                        <cy>10.0</cy>
                    </euclidean>
                </location>
            </node>
            <node id="25" type="1">
                <location>
                    <euclidean>
                        <cx>65.0</cx>
                        <cy>20.0</cy>
                    </euclidean>
                </location>
            </node>
            <node id="24" type="1">
                <location>
                    <euclidean>
                        <cx>65.0</cx>
                        <cy>35.0</cy>
                    </euclidean>
                </location>
            </node>
            <node id="27" type="1">
                <location>
                    <euclidean>
                        <cx>35.0</cx>
                        <cy>40.0</cy>
                    </euclidean>
                </location>
            </node>
            <node id="26" type="1">
                <location>
                    <euclidean>
                        <cx>45.0</cx>
                        <cy>30.0</cy>
                    </euclidean>
                </location>
            </node>
            <node id="29" type="1">
                <location>
                    <euclidean>
                        <cx>64.0</cx>
                        <cy>42.0</cy>
                    </euclidean>
                </location>
            </node>
            <node id="28" type="1">
                <location>
                    <euclidean>
                        <cx>41.0</cx>
                        <cy>37.0</cy>
                    </euclidean>
                </location>
            </node>
            <node id="31" type="1">
                <location>
                    <euclidean>
                        <cx>31.0</cx>
                        <cy>52.0</cy>
                    </euclidean>
                </location>
            </node>
            <node id="30" type="1">
                <location>
                    <euclidean>
                        <cx>40.0</cx>
                        <cy>60.0</cy>
                    </euclidean>
                </location>
            </node>
            <node id="34" type="1">
                <location>
                    <euclidean>
                        <cx>65.0</cx>
                        <cy>55.0</cy>
                    </euclidean>
                </location>
            </node>
            <node id="35" type="1">
                <location>
                    <euclidean>
                        <cx>63.0</cx>
                        <cy>65.0</cy>
                    </euclidean>
                </location>
            </node>
            <node id="32" type="1">
                <location>
                    <euclidean>
                        <cx>35.0</cx>
                        <cy>69.0</cy>
                    </euclidean>
                </location>
            </node>
            <node id="33" type="1">
                <location>
                    <euclidean>
                        <cx>53.0</cx>
                        <cy>52.0</cy>
                    </euclidean>
                </location>
            </node>
            <node id="38" type="1">
                <location>
                    <euclidean>
                        <cx>5.0</cx>
                        <cy>5.0</cy>
                    </euclidean>
                </location>
            </node>
            <node id="39" type="1">
                <location>
                    <euclidean>
                        <cx>60.0</cx>
                        <cy>12.0</cy>
                    </euclidean>
                </location>
            </node>
            <node id="36" type="1">
                <location>
                    <euclidean>
                        <cx>2.0</cx>
                        <cy>60.0</cy>
                    </euclidean>
                </location>
            </node>
            <node id="37" type="1">
                <location>
                    <euclidean>
                        <cx>20.0</cx>
                        <cy>20.0</cy>
                    </euclidean>
                </location>
            </node>
            <node id="42" type="1">
                <location>
                    <euclidean>
                        <cx>24.0</cx>
                        <cy>12.0</cy>
                    </euclidean>
                </location>
            </node>
            <node id="43" type="1">
                <location>
                    <euclidean>
                        <cx>23.0</cx>
                        <cy>3.0</cy>
                    </euclidean>
                </location>
            </node>
            <node id="40" type="1">
                <location>
                    <euclidean>
                        <cx>40.0</cx>
                        <cy>25.0</cy>
                    </euclidean>
                </location>
            </node>
            <node id="41" type="1">
                <location>
                    <euclidean>
                        <cx>42.0</cx>
                        <cy>7.0</cy>
                    </euclidean>
                </location>
            </node>
            <node id="46" type="1">
                <location>
                    <euclidean>
                        <cx>2.0</cx>
                        <cy>48.0</cy>
                    </euclidean>
                </location>
            </node>
            <node id="47" type="1">
                <location>
                    <euclidean>
                        <cx>8.0</cx>
                        <cy>56.0</cy>
                    </euclidean>
                </location>
            </node>
            <node id="44" type="1">
                <location>
                    <euclidean>
                        <cx>11.0</cx>
                        <cy>14.0</cy>
                    </euclidean>
                </location>
            </node>
            <node id="45" type="1">
                <location>
                    <euclidean>
                        <cx>6.0</cx>
                        <cy>38.0</cy>
                    </euclidean>
                </location>
            </node>
            <node id="51" type="1">
                <location>
                    <euclidean>
                        <cx>49.0</cx>
                        <cy>58.0</cy>
                    </euclidean>
                </location>
            </node>
            <node id="50" type="1">
                <location>
                    <euclidean>
                        <cx>47.0</cx>
                        <cy>47.0</cy>
                    </euclidean>
                </location>
            </node>
            <node id="49" type="1">
                <location>
                    <euclidean>
                        <cx>6.0</cx>
                        <cy>68.0</cy>
                    </euclidean>
                </location>
            </node>
            <node id="48" type="1">
                <location>
                    <euclidean>
                        <cx>13.0</cx>
                        <cy>52.0</cy>
                    </euclidean>
                </location>
            </node>
            <node id="55" type="1">
                <location>
                    <euclidean>
                        <cx>63.0</cx>
                        <cy>23.0</cy>
                    </euclidean>
                </location>
            </node>
            <node id="54" type="1">
                <location>
                    <euclidean>
                        <cx>57.0</cx>
                        <cy>29.0</cy>
                    </euclidean>
                </location>
            </node>
            <node id="53" type="1">
                <location>
                    <euclidean>
                        <cx>37.0</cx>
                        <cy>31.0</cy>
                    </euclidean>
                </location>
            </node>
            <node id="52" type="1">
                <location>
                    <euclidean>
                        <cx>27.0</cx>
                        <cy>43.0</cy>
                    </euclidean>
                </location>
            </node>
            <node id="59" type="1">
                <location>
                    <euclidean>
                        <cx>21.0</cx>
                        <cy>24.0</cy>
                    </euclidean>
                </location>
            </node>
            <node id="58" type="1">
                <location>
                    <euclidean>
                        <cx>36.0</cx>
                        <cy>26.0</cy>
                    </euclidean>
                </location>
            </node>
            <node id="57" type="1">
                <location>
                    <euclidean>
                        <cx>32.0</cx>
                        <cy>12.0</cy>
                    </euclidean>
                </location>
            </node>
            <node id="56" type="1">
                <location>
                    <euclidean>
                        <cx>53.0</cx>
                        <cy>12.0</cy>
                    </euclidean>
                </location>
            </node>
            <node id="63" type="1">
                <location>
                    <euclidean>
                        <cx>27.0</cx>
                        <cy>69.0</cy>
                    </euclidean>
                </location>
            </node>
            <node id="62" type="1">
                <location>
                    <euclidean>
                        <cx>24.0</cx>
                        <cy>58.0</cy>
                    </euclidean>
                </location>
            </node>
            <node id="61" type="1">
                <location>
                    <euclidean>
                        <cx>12.0</cx>
                        <cy>24.0</cy>
                    </euclidean>
                </location>
            </node>
            <node id="60" type="1">
                <location>
                    <euclidean>
                        <cx>17.0</cx>
                        <cy>34.0</cy>
                    </euclidean>
                </location>
            </node>
            <node id="68" type="1">
                <location>
                    <euclidean>
                        <cx>56.0</cx>
                        <cy>39.0</cy>
                    </euclidean>
                </location>
            </node>
            <node id="69" type="1">
                <location>
                    <euclidean>
                        <cx>37.0</cx>
                        <cy>47.0</cy>
                    </euclidean>
                </location>
            </node>
            <node id="70" type="1">
                <location>
                    <euclidean>
                        <cx>37.0</cx>
                        <cy>56.0</cy>
                    </euclidean>
                </location>
            </node>
            <node id="71" type="1">
                <location>
                    <euclidean>
                        <cx>57.0</cx>
                        <cy>68.0</cy>
                    </euclidean>
                </location>
            </node>
            <node id="64" type="1">
                <location>
                    <euclidean>
                        <cx>15.0</cx>
                        <cy>77.0</cy>
                    </euclidean>
                </location>
            </node>
            <node id="65" type="1">
                <location>
                    <euclidean>
                        <cx>62.0</cx>
                        <cy>77.0</cy>
                    </euclidean>
                </location>
            </node>
            <node id="66" type="1">
                <location>
                    <euclidean>
                        <cx>49.0</cx>
                        <cy>73.0</cy>
                    </euclidean>
                </location>
            </node>
            <node id="67" type="1">
                <location>
                    <euclidean>
                        <cx>67.0</cx>
                        <cy>5.0</cy>
                    </euclidean>
                </location>
            </node>
            <node id="76" type="1">
                <location>
                    <euclidean>
                        <cx>49.0</cx>
                        <cy>42.0</cy>
                    </euclidean>
                </location>
            </node>
            <node id="77" type="1">
                <location>
                    <euclidean>
                        <cx>53.0</cx>
                        <cy>43.0</cy>
                    </euclidean>
                </location>
            </node>
            <node id="78" type="1">
                <location>
                    <euclidean>
                        <cx>61.0</cx>
                        <cy>52.0</cy>
                    </euclidean>
                </location>
            </node>
            <node id="79" type="1">
                <location>
                    <euclidean>
                        <cx>57.0</cx>
                        <cy>48.0</cy>
                    </euclidean>
                </location>
            </node>
            <node id="72" type="1">
                <location>
                    <euclidean>
                        <cx>47.0</cx>
                        <cy>16.0</cy>
                    </euclidean>
                </location>
            </node>
            <node id="73" type="1">
                <location>
                    <euclidean>
                        <cx>44.0</cx>
                        <cy>17.0</cy>
                    </euclidean>
                </location>
            </node>
            <node id="74" type="1">
                <location>
                    <euclidean>
                        <cx>46.0</cx>
                        <cy>13.0</cy>
                    </euclidean>
                </location>
            </node>
            <node id="75" type="1">
                <location>
                    <euclidean>
                        <cx>49.0</cx>
                        <cy>11.0</cy>
                    </euclidean>
                </location>
            </node>
            <node id="85" type="1">
                <location>
                    <euclidean>
                        <cx>16.0</cx>
                        <cy>22.0</cy>
                    </euclidean>
                </location>
            </node>
            <node id="84" type="1">
                <location>
                    <euclidean>
                        <cx>11.0</cx>
                        <cy>31.0</cy>
                    </euclidean>
                </location>
            </node>
            <node id="87" type="1">
                <location>
                    <euclidean>
                        <cx>28.0</cx>
                        <cy>18.0</cy>
                    </euclidean>
                </location>
            </node>
            <node id="86" type="1">
                <location>
                    <euclidean>
                        <cx>4.0</cx>
                        <cy>18.0</cy>
                    </euclidean>
                </location>
            </node>
            <node id="81" type="1">
                <location>
                    <euclidean>
                        <cx>55.0</cx>
                        <cy>54.0</cy>
                    </euclidean>
                </location>
            </node>
            <node id="80" type="1">
                <location>
                    <euclidean>
                        <cx>56.0</cx>
                        <cy>37.0</cy>
                    </euclidean>
                </location>
            </node>
            <node id="83" type="1">
                <location>
                    <euclidean>
                        <cx>14.0</cx>
                        <cy>37.0</cy>
                    </euclidean>
                </location>
            </node>
            <node id="82" type="1">
                <location>
                    <euclidean>
                        <cx>15.0</cx>
                        <cy>47.0</cy>
                    </euclidean>
                </location>
            </node>
            <node id="93" type="1">
                <location>
                    <euclidean>
                        <cx>18.0</cx>
                        <cy>24.0</cy>
                    </euclidean>
                </location>
            </node>
            <node id="92" type="1">
                <location>
                    <euclidean>
                        <cx>22.0</cx>
                        <cy>22.0</cy>
                    </euclidean>
                </location>
            </node>
            <node id="95" type="1">
                <location>
                    <euclidean>
                        <cx>25.0</cx>
                        <cy>24.0</cy>
                    </euclidean>
                </location>
            </node>
            <node id="94" type="1">
                <location>
                    <euclidean>
                        <cx>26.0</cx>
                        <cy>27.0</cy>
                    </euclidean>
                </location>
            </node>
            <node id="89" type="1">
                <location>
                    <euclidean>
                        <cx>26.0</cx>
                        <cy>35.0</cy>
                    </euclidean>
                </location>
            </node>
            <node id="88" type="1">
                <location>
                    <euclidean>
                        <cx>26.0</cx>
                        <cy>52.0</cy>
                    </euclidean>
                </location>
            </node>
            <node id="91" type="1">
                <location>
                    <euclidean>
                        <cx>15.0</cx>
                        <cy>19.0</cy>
                    </euclidean>
                </location>
            </node>
            <node id="90" type="1">
                <location>
                    <euclidean>
                        <cx>31.0</cx>
                        <cy>67.0</cy>
                    </euclidean>
                </location>
            </node>
            <node id="100" type="1">
                <location>
                    <euclidean>
                        <cx>18.0</cx>
                        <cy>18.0</cy>
                    </euclidean>
                </location>
            </node>
            <node id="98" type="1">
                <location>
                    <euclidean>
                        <cx>19.0</cx>
                        <cy>21.0</cy>
                    </euclidean>
                </location>
            </node>
            <node id="99" type="1">
                <location>
                    <euclidean>
                        <cx>20.0</cx>
                        <cy>26.0</cy>
                    </euclidean>
                </location>
            </node>
            <node id="96" type="1">
                <location>
                    <euclidean>
                        <cx>22.0</cx>
                        <cy>27.0</cy>
                    </euclidean>
                </location>
            </node>
            <node id="97" type="1">
                <location>
                    <euclidean>
                        <cx>25.0</cx>
                        <cy>21.0</cy>
                    </euclidean>
                </location>
            </node>
        </nodes>
        <descriptor>
            <isComplete>true</isComplete>
            <distanceType>EUC_2D</distanceType>
        </descriptor>
    </network>
    <fleet>
        <vehicle type="0">
            <number>25</number>
            <capacity>1000.0</capacity>
        </vehicle>
    </fleet>
    <requests>
        <request id="1" node="1">
            <tw>
                <start isHard="true">190</start>
                <end isHard="true">974</end>
            </tw>
            <demand type="0">10</demand>
            <serviceTime>10.000</serviceTime>
        </request>
        <request id="2" node="2">
            <tw>
                <start isHard="true">18</start>
                <end isHard="true">792</end>
            </tw>
            <demand type="0">7</demand>
            <serviceTime>10.000</serviceTime>
        </request>
        <request id="3" node="3">
            <tw>
                <start isHard="true">289</start>
                <end isHard="true">822</end>
            </tw>
            <demand type="0">13</demand>
            <serviceTime>10.000</serviceTime>
        </request>
        <request id="4" node="4">
            <tw>
                <start isHard="true">679</start>
                <end isHard="true">800</end>
            </tw>
            <demand type="0">19</demand>
            <serviceTime>10.000</serviceTime>
        </request>
        <request id="5" node="5">
            <tw>
                <start isHard="true">20</start>
                <end isHard="true">906</end>
            </tw>
            <demand type="0">26</demand>
            <serviceTime>10.000</serviceTime>
        </request>
        <request id="6" node="6">
            <tw>
                <start isHard="true">355</start>
                <end isHard="true">574</end>
            </tw>
            <demand type="0">3</demand>
            <serviceTime>10.000</serviceTime>
        </request>
        <request id="7" node="7">
            <tw>
                <start isHard="true">72</start>
                <end isHard="true">669</end>
            </tw>
            <demand type="0">5</demand>
            <serviceTime>10.000</serviceTime>
        </request>
        <request id="8" node="8">
            <tw>
                <start isHard="true">393</start>
                <end isHard="true">492</end>
            </tw>
            <demand type="0">9</demand>
            <serviceTime>10.000</serviceTime>
        </request>
        <request id="9" node="9">
            <tw>
                <start isHard="true">394</start>
                <end isHard="true">503</end>
            </tw>
            <demand type="0">16</demand>
            <serviceTime>10.000</serviceTime>
        </request>
        <request id="10" node="10">
            <tw>
                <start isHard="true">517</start>
                <end isHard="true">692</end>
            </tw>
            <demand type="0">16</demand>
            <serviceTime>10.000</serviceTime>
        </request>
        <request id="11" node="11">
            <tw>
                <start isHard="true">206</start>
                <end isHard="true">325</end>
            </tw>
            <demand type="0">12</demand>
            <serviceTime>10.000</serviceTime>
        </request>
        <request id="12" node="12">
            <tw>
                <start isHard="true">15</start>
                <end isHard="true">725</end>
            </tw>
            <demand type="0">19</demand>
            <serviceTime>10.000</serviceTime>
        </request>
        <request id="13" node="13">
            <tw>
                <start isHard="true">694</start>
                <end isHard="true">823</end>
            </tw>
            <demand type="0">23</demand>
            <serviceTime>10.000</serviceTime>
        </request>
        <request id="14" node="14">
            <tw>
                <start isHard="true">32</start>
                <end isHard="true">694</end>
            </tw>
            <demand type="0">20</demand>
            <serviceTime>10.000</serviceTime>
        </request>
        <request id="15" node="15">
            <tw>
                <start isHard="true">176</start>
                <end isHard="true">299</end>
            </tw>
            <demand type="0">8</demand>
            <serviceTime>10.000</serviceTime>
        </request>
        <request id="17" node="17">
            <tw>
                <start isHard="true">673</start>
                <end isHard="true">930</end>
            </tw>
            <demand type="0">2</demand>
            <serviceTime>10.000</serviceTime>
        </request>
        <request id="16" node="16">
            <tw>
                <start isHard="true">102</start>
                <end isHard="true">543</end>
            </tw>
            <demand type="0">19</demand>
            <serviceTime>10.000</serviceTime>
        </request>
        <request id="19" node="19">
            <tw>
                <start isHard="true">95</start>
                <end isHard="true">552</end>
            </tw>
            <demand type="0">17</demand>
            <serviceTime>10.000</serviceTime>
        </request>
        <request id="18" node="18">
            <tw>
                <start isHard="true">229</start>
                <end isHard="true">582</end>
            </tw>
            <demand type="0">12</demand>
            <serviceTime>10.000</serviceTime>
        </request>
        <request id="21" node="21">
            <tw>
                <start isHard="true">18</start>
                <end isHard="true">727</end>
            </tw>
            <demand type="0">11</demand>
            <serviceTime>10.000</serviceTime>
        </request>
        <request id="20" node="20">
            <tw>
                <start isHard="true">418</start>
                <end isHard="true">829</end>
            </tw>
            <demand type="0">9</demand>
            <serviceTime>10.000</serviceTime>
        </request>
        <request id="23" node="23">
            <tw>
                <start isHard="true">206</start>
                <end isHard="true">325</end>
            </tw>
            <demand type="0">29</demand>
            <serviceTime>10.000</serviceTime>
        </request>
        <request id="22" node="22">
            <tw>
                <start isHard="true">349</start>
                <end isHard="true">554</end>
            </tw>
            <demand type="0">18</demand>
            <serviceTime>10.000</serviceTime>
        </request>
        <request id="25" node="25">
            <tw>
                <start isHard="true">826</start>
                <end isHard="true">956</end>
            </tw>
            <demand type="0">6</demand>
            <serviceTime>10.000</serviceTime>
        </request>
        <request id="24" node="24">
            <tw>
                <start isHard="true">435</start>
                <end isHard="true">960</end>
            </tw>
            <demand type="0">3</demand>
            <serviceTime>10.000</serviceTime>
        </request>
        <request id="27" node="27">
            <tw>
                <start isHard="true">44</start>
                <end isHard="true">315</end>
            </tw>
            <demand type="0">16</demand>
            <serviceTime>10.000</serviceTime>
        </request>
        <request id="26" node="26">
            <tw>
                <start isHard="true">328</start>
                <end isHard="true">927</end>
            </tw>
            <demand type="0">17</demand>
            <serviceTime>10.000</serviceTime>
        </request>
        <request id="29" node="29">
            <tw>
                <start isHard="true">29</start>
                <end isHard="true">513</end>
            </tw>
            <demand type="0">9</demand>
            <serviceTime>10.000</serviceTime>
        </request>
        <request id="28" node="28">
            <tw>
                <start isHard="true">6</start>
                <end isHard="true">526</end>
            </tw>
            <demand type="0">16</demand>
            <serviceTime>10.000</serviceTime>
        </request>
        <request id="31" node="31">
            <tw>
                <start isHard="true">17</start>
                <end isHard="true">744</end>
            </tw>
            <demand type="0">27</demand>
            <serviceTime>10.000</serviceTime>
        </request>
        <request id="30" node="30">
            <tw>
                <start isHard="true">199</start>
                <end isHard="true">414</end>
            </tw>
            <demand type="0">21</demand>
            <serviceTime>10.000</serviceTime>
        </request>
        <request id="34" node="34">
            <tw>
                <start isHard="true">265</start>
                <end isHard="true">878</end>
            </tw>
            <demand type="0">14</demand>
            <serviceTime>10.000</serviceTime>
        </request>
        <request id="35" node="35">
            <tw>
                <start isHard="true">626</start>
                <end isHard="true">873</end>
            </tw>
            <demand type="0">8</demand>
            <serviceTime>10.000</serviceTime>
        </request>
        <request id="32" node="32">
            <tw>
                <start isHard="true">482</start>
                <end isHard="true">955</end>
            </tw>
            <demand type="0">23</demand>
            <serviceTime>10.000</serviceTime>
        </request>
        <request id="33" node="33">
            <tw>
                <start isHard="true">24</start>
                <end isHard="true">299</end>
            </tw>
            <demand type="0">11</demand>
            <serviceTime>10.000</serviceTime>
        </request>
        <request id="38" node="38">
            <tw>
                <start isHard="true">298</start>
                <end isHard="true">409</end>
            </tw>
            <demand type="0">16</demand>
            <serviceTime>10.000</serviceTime>
        </request>
        <request id="39" node="39">
            <tw>
                <start isHard="true">33</start>
                <end isHard="true">344</end>
            </tw>
            <demand type="0">31</demand>
            <serviceTime>10.000</serviceTime>
        </request>
        <request id="36" node="36">
            <tw>
                <start isHard="true">41</start>
                <end isHard="true">328</end>
            </tw>
            <demand type="0">5</demand>
            <serviceTime>10.000</serviceTime>
        </request>
        <request id="37" node="37">
            <tw>
                <start isHard="true">339</start>
                <end isHard="true">960</end>
            </tw>
            <demand type="0">8</demand>
            <serviceTime>10.000</serviceTime>
        </request>
        <request id="42" node="42">
            <tw>
                <start isHard="true">25</start>
                <end isHard="true">292</end>
            </tw>
            <demand type="0">5</demand>
            <serviceTime>10.000</serviceTime>
        </request>
        <request id="43" node="43">
            <tw>
                <start isHard="true">458</start>
                <end isHard="true">867</end>
            </tw>
            <demand type="0">7</demand>
            <serviceTime>10.000</serviceTime>
        </request>
        <request id="40" node="40">
            <tw>
                <start isHard="true">300</start>
                <end isHard="true">497</end>
            </tw>
            <demand type="0">9</demand>
            <serviceTime>10.000</serviceTime>
        </request>
        <request id="41" node="41">
            <tw>
                <start isHard="true">336</start>
                <end isHard="true">571</end>
            </tw>
            <demand type="0">5</demand>
            <serviceTime>10.000</serviceTime>
        </request>
        <request id="46" node="46">
            <tw>
                <start isHard="true">338</start>
                <end isHard="true">805</end>
            </tw>
            <demand type="0">1</demand>
            <serviceTime>10.000</serviceTime>
        </request>
        <request id="47" node="47">
            <tw>
                <start isHard="true">34</start>
                <end isHard="true">602</end>
            </tw>
            <demand type="0">27</demand>
            <serviceTime>10.000</serviceTime>
        </request>
        <request id="44" node="44">
            <tw>
                <start isHard="true">230</start>
                <end isHard="true">343</end>
            </tw>
            <demand type="0">18</demand>
            <serviceTime>10.000</serviceTime>
        </request>
        <request id="45" node="45">
            <tw>
                <start isHard="true">29</start>
                <end isHard="true">309</end>
            </tw>
            <demand type="0">16</demand>
            <serviceTime>10.000</serviceTime>
        </request>
        <request id="51" node="51">
            <tw>
                <start isHard="true">176</start>
                <end isHard="true">625</end>
            </tw>
            <demand type="0">10</demand>
            <serviceTime>10.000</serviceTime>
        </request>
        <request id="50" node="50">
            <tw>
                <start isHard="true">272</start>
                <end isHard="true">917</end>
            </tw>
            <demand type="0">13</demand>
            <serviceTime>10.000</serviceTime>
        </request>
        <request id="49" node="49">
            <tw>
                <start isHard="true">441</start>
                <end isHard="true">600</end>
            </tw>
            <demand type="0">30</demand>
            <serviceTime>10.000</serviceTime>
        </request>
        <request id="48" node="48">
            <tw>
                <start isHard="true">200</start>
                <end isHard="true">962</end>
            </tw>
            <demand type="0">36</demand>
            <serviceTime>10.000</serviceTime>
        </request>
        <request id="55" node="55">
            <tw>
                <start isHard="true">620</start>
                <end isHard="true">739</end>
            </tw>
            <demand type="0">2</demand>
            <serviceTime>10.000</serviceTime>
        </request>
        <request id="54" node="54">
            <tw>
                <start isHard="true">475</start>
                <end isHard="true">900</end>
            </tw>
            <demand type="0">18</demand>
            <serviceTime>10.000</serviceTime>
        </request>
        <request id="53" node="53">
            <tw>
                <start isHard="true">403</start>
                <end isHard="true">500</end>
            </tw>
            <demand type="0">14</demand>
            <serviceTime>10.000</serviceTime>
        </request>
        <request id="52" node="52">
            <tw>
                <start isHard="true">11</start>
                <end isHard="true">748</end>
            </tw>
            <demand type="0">9</demand>
            <serviceTime>10.000</serviceTime>
        </request>
        <request id="59" node="59">
            <tw>
                <start isHard="true">17</start>
                <end isHard="true">972</end>
            </tw>
            <demand type="0">28</demand>
            <serviceTime>10.000</serviceTime>
        </request>
        <request id="58" node="58">
            <tw>
                <start isHard="true">854</start>
                <end isHard="true">980</end>
            </tw>
            <demand type="0">18</demand>
            <serviceTime>10.000</serviceTime>
        </request>
        <request id="57" node="57">
            <tw>
                <start isHard="true">246</start>
                <end isHard="true">705</end>
            </tw>
            <demand type="0">7</demand>
            <serviceTime>10.000</serviceTime>
        </request>
        <request id="56" node="56">
            <tw>
                <start isHard="true">525</start>
                <end isHard="true">752</end>
            </tw>
            <demand type="0">6</demand>
            <serviceTime>10.000</serviceTime>
        </request>
        <request id="63" node="63">
            <tw>
                <start isHard="true">34</start>
                <end isHard="true">588</end>
            </tw>
            <demand type="0">10</demand>
            <serviceTime>10.000</serviceTime>
        </request>
        <request id="62" node="62">
            <tw>
                <start isHard="true">168</start>
                <end isHard="true">297</end>
            </tw>
            <demand type="0">19</demand>
            <serviceTime>10.000</serviceTime>
        </request>
        <request id="61" node="61">
            <tw>
                <start isHard="true">126</start>
                <end isHard="true">541</end>
            </tw>
            <demand type="0">13</demand>
            <serviceTime>10.000</serviceTime>
        </request>
        <request id="60" node="60">
            <tw>
                <start isHard="true">449</start>
                <end isHard="true">971</end>
            </tw>
            <demand type="0">3</demand>
            <serviceTime>10.000</serviceTime>
        </request>
        <request id="68" node="68">
            <tw>
                <start isHard="true">577</start>
                <end isHard="true">812</end>
            </tw>
            <demand type="0">36</demand>
            <serviceTime>10.000</serviceTime>
        </request>
        <request id="69" node="69">
            <tw>
                <start isHard="true">165</start>
                <end isHard="true">290</end>
            </tw>
            <demand type="0">6</demand>
            <serviceTime>10.000</serviceTime>
        </request>
        <request id="70" node="70">
            <tw>
                <start isHard="true">668</start>
                <end isHard="true">968</end>
            </tw>
            <demand type="0">5</demand>
            <serviceTime>10.000</serviceTime>
        </request>
        <request id="71" node="71">
            <tw>
                <start isHard="true">98</start>
                <end isHard="true">537</end>
            </tw>
            <demand type="0">15</demand>
            <serviceTime>10.000</serviceTime>
        </request>
        <request id="64" node="64">
            <tw>
                <start isHard="true">154</start>
                <end isHard="true">393</end>
            </tw>
            <demand type="0">9</demand>
            <serviceTime>10.000</serviceTime>
        </request>
        <request id="65" node="65">
            <tw>
                <start isHard="true">49</start>
                <end isHard="true">308</end>
            </tw>
            <demand type="0">20</demand>
            <serviceTime>10.000</serviceTime>
        </request>
        <request id="66" node="66">
            <tw>
                <start isHard="true">532</start>
                <end isHard="true">753</end>
            </tw>
            <demand type="0">25</demand>
            <serviceTime>10.000</serviceTime>
        </request>
        <request id="67" node="67">
            <tw>
                <start isHard="true">291</start>
                <end isHard="true">404</end>
            </tw>
            <demand type="0">25</demand>
            <serviceTime>10.000</serviceTime>
        </request>
        <request id="76" node="76">
            <tw>
                <start isHard="true">281</start>
                <end isHard="true">382</end>
            </tw>
            <demand type="0">13</demand>
            <serviceTime>10.000</serviceTime>
        </request>
        <request id="77" node="77">
            <tw>
                <start isHard="true">821</start>
                <end isHard="true">948</end>
            </tw>
            <demand type="0">14</demand>
            <serviceTime>10.000</serviceTime>
        </request>
        <request id="78" node="78">
            <tw>
                <start isHard="true">324</start>
                <end isHard="true">559</end>
            </tw>
            <demand type="0">3</demand>
            <serviceTime>10.000</serviceTime>
        </request>
        <request id="79" node="79">
            <tw>
                <start isHard="true">377</start>
                <end isHard="true">476</end>
            </tw>
            <demand type="0">23</demand>
            <serviceTime>10.000</serviceTime>
        </request>
        <request id="72" node="72">
            <tw>
                <start isHard="true">22</start>
                <end isHard="true">915</end>
            </tw>
            <demand type="0">25</demand>
            <serviceTime>10.000</serviceTime>
        </request>
        <request id="73" node="73">
            <tw>
                <start isHard="true">143</start>
                <end isHard="true">564</end>
            </tw>
            <demand type="0">9</demand>
            <serviceTime>10.000</serviceTime>
        </request>
        <request id="74" node="74">
            <tw>
                <start isHard="true">681</start>
                <end isHard="true">802</end>
            </tw>
            <demand type="0">8</demand>
            <serviceTime>10.000</serviceTime>
        </request>
        <request id="75" node="75">
            <tw>
                <start isHard="true">27</start>
                <end isHard="true">711</end>
            </tw>
            <demand type="0">18</demand>
            <serviceTime>10.000</serviceTime>
        </request>
        <request id="85" node="85">
            <tw>
                <start isHard="true">110</start>
                <end isHard="true">727</end>
            </tw>
            <demand type="0">41</demand>
            <serviceTime>10.000</serviceTime>
        </request>
        <request id="84" node="84">
            <tw>
                <start isHard="true">425</start>
                <end isHard="true">522</end>
            </tw>
            <demand type="0">7</demand>
            <serviceTime>10.000</serviceTime>
        </request>
        <request id="87" node="87">
            <tw>
                <start isHard="true">397</start>
                <end isHard="true">470</end>
            </tw>
            <demand type="0">26</demand>
            <serviceTime>10.000</serviceTime>
        </request>
        <request id="86" node="86">
            <tw>
                <start isHard="true">230</start>
                <end isHard="true">623</end>
            </tw>
            <demand type="0">35</demand>
            <serviceTime>10.000</serviceTime>
        </request>
        <request id="81" node="81">
            <tw>
                <start isHard="true">268</start>
                <end isHard="true">599</end>
            </tw>
            <demand type="0">26</demand>
            <serviceTime>10.000</serviceTime>
        </request>
        <request id="80" node="80">
            <tw>
                <start isHard="true">719</start>
                <end isHard="true">968</end>
            </tw>
            <demand type="0">6</demand>
            <serviceTime>10.000</serviceTime>
        </request>
        <request id="83" node="83">
            <tw>
                <start isHard="true">21</start>
                <end isHard="true">842</end>
            </tw>
            <demand type="0">11</demand>
            <serviceTime>10.000</serviceTime>
        </request>
        <request id="82" node="82">
            <tw>
                <start isHard="true">23</start>
                <end isHard="true">761</end>
            </tw>
            <demand type="0">16</demand>
            <serviceTime>10.000</serviceTime>
        </request>
        <request id="93" node="93">
            <tw>
                <start isHard="true">691</start>
                <end isHard="true">969</end>
            </tw>
            <demand type="0">22</demand>
            <serviceTime>10.000</serviceTime>
        </request>
        <request id="92" node="92">
            <tw>
                <start isHard="true">18</start>
                <end isHard="true">159</end>
            </tw>
            <demand type="0">2</demand>
            <serviceTime>10.000</serviceTime>
        </request>
        <request id="95" node="95">
            <tw>
                <start isHard="true">14</start>
                <end isHard="true">793</end>
            </tw>
            <demand type="0">20</demand>
            <serviceTime>10.000</serviceTime>
        </request>
        <request id="94" node="94">
            <tw>
                <start isHard="true">190</start>
                <end isHard="true">749</end>
            </tw>
            <demand type="0">27</demand>
            <serviceTime>10.000</serviceTime>
        </request>
        <request id="89" node="89">
            <tw>
                <start isHard="true">409</start>
                <end isHard="true">981</end>
            </tw>
            <demand type="0">15</demand>
            <serviceTime>10.000</serviceTime>
        </request>
        <request id="88" node="88">
            <tw>
                <start isHard="true">219</start>
                <end isHard="true">448</end>
            </tw>
            <demand type="0">9</demand>
            <serviceTime>10.000</serviceTime>
        </request>
        <request id="91" node="91">
            <tw>
                <start isHard="true">222</start>
                <end isHard="true">964</end>
            </tw>
            <demand type="0">1</demand>
            <serviceTime>10.000</serviceTime>
        </request>
        <request id="90" node="90">
            <tw>
                <start isHard="true">225</start>
                <end isHard="true">654</end>
            </tw>
            <demand type="0">3</demand>
            <serviceTime>10.000</serviceTime>
        </request>
        <request id="100" node="100">
            <tw>
                <start isHard="true">821</start>
                <end isHard="true">965</end>
            </tw>
            <demand type="0">17</demand>
            <serviceTime>10.000</serviceTime>
        </request>
        <request id="98" node="98">
            <tw>
                <start isHard="true">21</start>
                <end isHard="true">748</end>
            </tw>
            <demand type="0">10</demand>
            <serviceTime>10.000</serviceTime>
        </request>
        <request id="99" node="99">
            <tw>
                <start isHard="true">328</start>
                <end isHard="true">437</end>
            </tw>
            <demand type="0">9</demand>
            <serviceTime>10.000</serviceTime>
        </request>
        <request id="96" node="96">
            <tw>
                <start isHard="true">344</start>
                <end isHard="true">953</end>
            </tw>
            <demand type="0">11</demand>
            <serviceTime>10.000</serviceTime>
        </request>
        <request id="97" node="97">
            <tw>
                <start isHard="true">462</start>
                <end isHard="true">823</end>
            </tw>
            <demand type="0">12</demand>
            <serviceTime>10.000</serviceTime>
        </request>
    </requests>
</instance>
