<?xml version="1.0" encoding="UTF-8" standalone="yes"?>
<instance>
    <info>
        <name>E-n13-k4</name>
        <problem>CVRP</problem>
        <reference>Christofides N. and Eilon S. (1969) An Algorithm for the Vehicle Dispatching Problems. Operational Research Quarterly, 20(3), pp 309-318.</reference>
        <contributor>
            <name>Victor Pillac</name>
            <email>vpillac@nicta.com.au</email>
        </contributor>
    </info>
    <network>
        <nodes>
            <node id="0" type="0"/>
            <node id="1" type="1"/>
            <node id="2" type="1"/>
            <node id="3" type="1"/>
            <node id="4" type="1"/>
            <node id="5" type="1"/>
            <node id="6" type="1"/>
            <node id="7" type="1"/>
            <node id="8" type="1"/>
            <node id="9" type="1"/>
            <node id="10" type="1"/>
            <node id="11" type="1"/>
            <node id="12" type="1"/>
        </nodes>
        <links>
            <link tail="1" head="2" directed="false">
                <cost>21.0</cost>
            </link>
            <link tail="1" head="3" directed="false">
                <cost>21.0</cost>
            </link>
            <link tail="1" head="4" directed="false">
                <cost>21.0</cost>
            </link>
            <link tail="1" head="5" directed="false">
                <cost>21.0</cost>
            </link>
            <link tail="1" head="6" directed="false">
                <cost>21.0</cost>
            </link>
            <link tail="1" head="7" directed="false">
                <cost>21.0</cost>
            </link>
            <link tail="1" head="8" directed="false">
                <cost>21.0</cost>
            </link>
            <link tail="1" head="9" directed="false">
                <cost>21.0</cost>
            </link>
            <link tail="1" head="10" directed="false">
                <cost>21.0</cost>
            </link>
            <link tail="1" head="11" directed="false">
                <cost>21.0</cost>
            </link>
            <link tail="1" head="12" directed="false">
                <cost>21.0</cost>
            </link>
            <link tail="2" head="1" directed="false">
                <cost>21.0</cost>
            </link>
            <link tail="2" head="3" directed="false">
                <cost>21.0</cost>
            </link>
            <link tail="2" head="4" directed="false">
                <cost>21.0</cost>
            </link>
            <link tail="2" head="5" directed="false">
                <cost>21.0</cost>
            </link>
            <link tail="2" head="6" directed="false">
                <cost>21.0</cost>
            </link>
            <link tail="2" head="7" directed="false">
                <cost>21.0</cost>
            </link>
            <link tail="2" head="8" directed="false">
                <cost>21.0</cost>
            </link>
            <link tail="2" head="9" directed="false">
                <cost>21.0</cost>
            </link>
            <link tail="2" head="10" directed="false">
                <cost>21.0</cost>
            </link>
            <link tail="2" head="11" directed="false">
                <cost>21.0</cost>
            </link>
            <link tail="2" head="12" directed="false">
                <cost>21.0</cost>
            </link>
            <link tail="3" head="1" directed="false">
                <cost>21.0</cost>
            </link>
            <link tail="3" head="2" directed="false">
                <cost>21.0</cost>
            </link>
            <link tail="3" head="4" directed="false">
                <cost>21.0</cost>
            </link>
            <link tail="3" head="5" directed="false">
                <cost>21.0</cost>
            </link>
            <link tail="3" head="6" directed="false">
                <cost>21.0</cost>
            </link>
            <link tail="3" head="7" directed="false">
                <cost>21.0</cost>
            </link>
            <link tail="3" head="8" directed="false">
                <cost>21.0</cost>
            </link>
            <link tail="3" head="9" directed="false">
                <cost>21.0</cost>
            </link>
            <link tail="3" head="10" directed="false">
                <cost>21.0</cost>
            </link>
            <link tail="3" head="11" directed="false">
                <cost>21.0</cost>
            </link>
            <link tail="3" head="12" directed="false">
                <cost>21.0</cost>
            </link>
            <link tail="4" head="1" directed="false">
                <cost>21.0</cost>
            </link>
            <link tail="4" head="2" directed="false">
                <cost>21.0</cost>
            </link>
            <link tail="4" head="3" directed="false">
                <cost>21.0</cost>
            </link>
            <link tail="4" head="5" directed="false">
                <cost>21.0</cost>
            </link>
            <link tail="4" head="6" directed="false">
                <cost>21.0</cost>
            </link>
            <link tail="4" head="7" directed="false">
                <cost>21.0</cost>
            </link>
            <link tail="4" head="8" directed="false">
                <cost>21.0</cost>
            </link>
            <link tail="4" head="9" directed="false">
                <cost>21.0</cost>
            </link>
            <link tail="4" head="10" directed="false">
                <cost>21.0</cost>
            </link>
            <link tail="4" head="11" directed="false">
                <cost>21.0</cost>
            </link>
            <link tail="4" head="12" directed="false">
                <cost>21.0</cost>
            </link>
            <link tail="5" head="1" directed="false">
                <cost>21.0</cost>
            </link>
            <link tail="5" head="2" directed="false">
                <cost>21.0</cost>
            </link>
            <link tail="5" head="3" directed="false">
                <cost>21.0</cost>
            </link>
            <link tail="5" head="4" directed="false">
                <cost>21.0</cost>
            </link>
            <link tail="5" head="6" directed="false">
                <cost>21.0</cost>
            </link>
            <link tail="5" head="7" directed="false">
                <cost>21.0</cost>
            </link>
            <link tail="5" head="8" directed="false">
                <cost>21.0</cost>
            </link>
            <link tail="5" head="9" directed="false">
                <cost>21.0</cost>
            </link>
            <link tail="5" head="10" directed="false">
                <cost>21.0</cost>
            </link>
            <link tail="5" head="11" directed="false">
                <cost>21.0</cost>
            </link>
            <link tail="5" head="12" directed="false">
                <cost>21.0</cost>
            </link>
            <link tail="6" head="1" directed="false">
                <cost>21.0</cost>
            </link>
            <link tail="6" head="2" directed="false">
                <cost>21.0</cost>
            </link>
            <link tail="6" head="3" directed="false">
                <cost>21.0</cost>
            </link>
            <link tail="6" head="4" directed="false">
                <cost>21.0</cost>
            </link>
            <link tail="6" head="5" directed="false">
                <cost>21.0</cost>
            </link>
            <link tail="6" head="7" directed="false">
                <cost>21.0</cost>
            </link>
            <link tail="6" head="8" directed="false">
                <cost>21.0</cost>
            </link>
            <link tail="6" head="9" directed="false">
                <cost>21.0</cost>
            </link>
            <link tail="6" head="10" directed="false">
                <cost>21.0</cost>
            </link>
            <link tail="6" head="11" directed="false">
                <cost>21.0</cost>
            </link>
            <link tail="6" head="12" directed="false">
                <cost>21.0</cost>
            </link>
            <link tail="7" head="1" directed="false">
                <cost>21.0</cost>
            </link>
            <link tail="7" head="2" directed="false">
                <cost>21.0</cost>
            </link>
            <link tail="7" head="3" directed="false">
                <cost>21.0</cost>
            </link>
            <link tail="7" head="4" directed="false">
                <cost>21.0</cost>
            </link>
            <link tail="7" head="5" directed="false">
                <cost>21.0</cost>
            </link>
            <link tail="7" head="6" directed="false">
                <cost>21.0</cost>
            </link>
            <link tail="7" head="8" directed="false">
                <cost>21.0</cost>
            </link>
            <link tail="7" head="9" directed="false">
                <cost>21.0</cost>
            </link>
            <link tail="7" head="10" directed="false">
                <cost>21.0</cost>
            </link>
            <link tail="7" head="11" directed="false">
                <cost>21.0</cost>
            </link>
            <link tail="7" head="12" directed="false">
                <cost>21.0</cost>
            </link>
            <link tail="8" head="1" directed="false">
                <cost>21.0</cost>
            </link>
            <link tail="8" head="2" directed="false">
                <cost>21.0</cost>
            </link>
            <link tail="8" head="3" directed="false">
                <cost>21.0</cost>
            </link>
            <link tail="8" head="4" directed="false">
                <cost>21.0</cost>
            </link>
            <link tail="8" head="5" directed="false">
                <cost>21.0</cost>
            </link>
            <link tail="8" head="6" directed="false">
                <cost>21.0</cost>
            </link>
            <link tail="8" head="7" directed="false">
                <cost>21.0</cost>
            </link>
            <link tail="8" head="9" directed="false">
                <cost>21.0</cost>
            </link>
            <link tail="8" head="10" directed="false">
                <cost>21.0</cost>
            </link>
            <link tail="8" head="11" directed="false">
                <cost>21.0</cost>
            </link>
            <link tail="8" head="12" directed="false">
                <cost>21.0</cost>
            </link>
            <link tail="9" head="1" directed="false">
                <cost>21.0</cost>
            </link>
            <link tail="9" head="2" directed="false">
                <cost>21.0</cost>
            </link>
            <link tail="9" head="3" directed="false">
                <cost>21.0</cost>
            </link>
            <link tail="9" head="4" directed="false">
                <cost>21.0</cost>
            </link>
            <link tail="9" head="5" directed="false">
                <cost>21.0</cost>
            </link>
            <link tail="9" head="6" directed="false">
                <cost>21.0</cost>
            </link>
            <link tail="9" head="7" directed="false">
                <cost>21.0</cost>
            </link>
            <link tail="9" head="8" directed="false">
                <cost>21.0</cost>
            </link>
            <link tail="9" head="10" directed="false">
                <cost>21.0</cost>
            </link>
            <link tail="9" head="11" directed="false">
                <cost>21.0</cost>
            </link>
            <link tail="9" head="12" directed="false">
                <cost>21.0</cost>
            </link>
            <link tail="10" head="1" directed="false">
                <cost>21.0</cost>
            </link>
            <link tail="10" head="2" directed="false">
                <cost>21.0</cost>
            </link>
            <link tail="10" head="3" directed="false">
                <cost>21.0</cost>
            </link>
            <link tail="10" head="4" directed="false">
                <cost>21.0</cost>
            </link>
            <link tail="10" head="5" directed="false">
                <cost>21.0</cost>
            </link>
            <link tail="10" head="6" directed="false">
                <cost>21.0</cost>
            </link>
            <link tail="10" head="7" directed="false">
                <cost>21.0</cost>
            </link>
            <link tail="10" head="8" directed="false">
                <cost>21.0</cost>
            </link>
            <link tail="10" head="9" directed="false">
                <cost>21.0</cost>
            </link>
            <link tail="10" head="11" directed="false">
                <cost>21.0</cost>
            </link>
            <link tail="10" head="12" directed="false">
                <cost>21.0</cost>
            </link>
            <link tail="11" head="1" directed="false">
                <cost>21.0</cost>
            </link>
            <link tail="11" head="2" directed="false">
                <cost>21.0</cost>
            </link>
            <link tail="11" head="3" directed="false">
                <cost>21.0</cost>
            </link>
            <link tail="11" head="4" directed="false">
                <cost>21.0</cost>
            </link>
            <link tail="11" head="5" directed="false">
                <cost>21.0</cost>
            </link>
            <link tail="11" head="6" directed="false">
                <cost>21.0</cost>
            </link>
            <link tail="11" head="7" directed="false">
                <cost>21.0</cost>
            </link>
            <link tail="11" head="8" directed="false">
                <cost>21.0</cost>
            </link>
            <link tail="11" head="9" directed="false">
                <cost>21.0</cost>
            </link>
            <link tail="11" head="10" directed="false">
                <cost>21.0</cost>
            </link>
            <link tail="11" head="12" directed="false">
                <cost>21.0</cost>
            </link>
            <link tail="12" head="1" directed="false">
                <cost>21.0</cost>
            </link>
            <link tail="12" head="2" directed="false">
                <cost>21.0</cost>
            </link>
            <link tail="12" head="3" directed="false">
                <cost>21.0</cost>
            </link>
            <link tail="12" head="4" directed="false">
                <cost>21.0</cost>
            </link>
            <link tail="12" head="5" directed="false">
                <cost>21.0</cost>
            </link>
            <link tail="12" head="6" directed="false">
                <cost>21.0</cost>
            </link>
            <link tail="12" head="7" directed="false">
                <cost>21.0</cost>
            </link>
            <link tail="12" head="8" directed="false">
                <cost>21.0</cost>
            </link>
            <link tail="12" head="9" directed="false">
                <cost>21.0</cost>
            </link>
            <link tail="12" head="10" directed="false">
                <cost>21.0</cost>
            </link>
            <link tail="12" head="11" directed="false">
                <cost>21.0</cost>
            </link>
        </links>
        <descriptor>
            <isComplete>true</isComplete>
            <distanceType>EXPLICIT[2147483647][2147483647]</distanceType>
        </descriptor>
    </network>
    <fleet>
        <vehicle type="0">
            <number>4</number>
            <capacity>6000.0</capacity>
        </vehicle>
    </fleet>
    <requests>
        <request id="1" node="1">
            <demand type="0">1200</demand>
        </request>
        <request id="2" node="2">
            <demand type="0">1700</demand>
        </request>
        <request id="3" node="3">
            <demand type="0">1500</demand>
        </request>
        <request id="4" node="4">
            <demand type="0">1400</demand>
        </request>
        <request id="5" node="5">
            <demand type="0">1700</demand>
        </request>
        <request id="6" node="6">
            <demand type="0">1400</demand>
        </request>
        <request id="7" node="7">
            <demand type="0">1200</demand>
        </request>
        <request id="8" node="8">
            <demand type="0">1900</demand>
        </request>
        <request id="9" node="9">
            <demand type="0">1800</demand>
        </request>
        <request id="10" node="10">
            <demand type="0">1600</demand>
        </request>
        <request id="11" node="11">
            <demand type="0">1700</demand>
        </request>
        <request id="12" node="12">
            <demand type="0">1100</demand>
        </request>
    </requests>
</instance>
